step,regime,spot,time_to_expiry,fair_value,delta,gamma,vega,theta,bid,ask,half_spread,trade_size,trade_price,option_inventory,hedge_shares,cash,cumulative_transaction_cost,pnl
0,volatile,100.0,0.11904761904761904,5.397754743040231,0.5369670497732795,0.0302967644169278,13.70567914099115,-23.323232416050505,4.259794813404346,6.535714672676116,1.1379599296358853,0,,0,0.0,0.0,0.0,0.0
1,volatile,100.16443918101845,0.11888888888888888,5.482755354216025,0.5419206758436699,0.030229831519818135,13.702118500122904,-23.361730920415738,4.328135304789684,6.637375403642365,1.1546200494263408,0,,0,0.0,0.0,0.0,0.0
2,volatile,100.55806329367137,0.11873015873015873,5.694688437642284,0.5537628253263768,0.03002350086244365,13.697451685796349,-23.419303981547294,4.498529503864397,6.890847371420172,1.1961589337778877,0,,0,0.0,0.0,0.0,0.0
3,volatile,100.71611619610975,0.11857142857142856,5.778866490814934,0.5584903817048411,0.029945806317362936,13.686663843500725,-23.44574553309845,4.566208658615207,6.991524323014661,1.212657832199727,0,,0,0.0,0.0,0.0,0.0
4,volatile,100.08856438411534,0.1184126984126984,5.430594084628993,0.5395570275900007,0.030331991403077626,13.672619218005895,-23.395692461632258,4.28619764404171,6.5749905252162755,1.1443964405872826,0,,0,0.0,0.0,0.0,0.0
5,volatile,100.5221814440796,0.11825396825396825,5.663676542337598,0.552643210497156,0.03010602950581421,13.670254887552918,-23.460831233295227,4.473595940039429,6.853757144635766,1.1900806022981691,0,,0,0.0,0.0,0.0,0.0
6,volatile,100.73607665410029,0.11809523809523809,5.778844325912836,0.5590590800068189,0.029993782280874768,13.658948965375897,-23.491643660616774,4.56619083803392,6.991497813791751,1.2126534878789157,0,,0,0.0,0.0,0.0,0.0
7,volatile,100.4762964558762,0.11793650793650794,5.630898918667555,0.5512313642250248,0.03017434680199544,13.652021882084034,-23.48654696659007,4.447242730608714,6.814555106726395,1.1836561880588408,0,,0,0.0,0.0,0.0,0.0
8,volatile,100.75506929836926,0.11777777777777777,5.7820049767474515,0.5596101930945034,0.03002225508690999,13.640304807643417,-23.52268942564391,4.5687320013049515,6.9952779521899515,1.2132729754425005,0,,0,0.0,0.0,0.0,0.0
9,volatile,100.92992492643558,0.11761904761904761,5.876578101503455,0.5648441777120772,0.029928137955035843,13.626391191522766,-23.54585576450164,4.644768793608778,7.108387409398132,1.231809307894677,0,,0,0.0,0.0,0.0,0.0
10,volatile,101.07099363013587,0.11746031746031746,5.952818192618217,0.5690566151779796,0.029852592145994655,13.611622154632402,-23.564587519374204,4.706065826865046,7.199570558371388,1.2467523657531705,0,,0,0.0,0.0,0.0,0.0
11,volatile,101.08358913255282,0.1173015873015873,5.956246478853018,0.5694300821093751,0.02986410874332151,13.601861599298413,-23.579816452279687,4.708822168997827,7.203670788708209,1.2474243098551914,0,,0,0.0,0.0,0.0,0.0
12,volatile,101.34735198909353,0.11714285714285713,6.1037337034058226,0.5772854394721083,0.029696348139899974,13.577733078539016,-23.594499232816005,4.827401897538281,7.380065509273364,1.2763318058675412,0,,0,0.0,0.0,0.0,0.0
13,volatile,100.98949222896147,0.11698412698412698,5.89530738300391,0.5666082051843436,0.02996930079447262,13.58749892900391,-23.60794814460991,4.659827135935144,7.1307876300726765,1.2354802470687662,0,,0,0.0,0.0,0.0,0.0
14,volatile,100.90960077842426,0.11682539682539682,5.846387847556166,0.5642058060633814,0.03004358471269479,13.581182578535364,-23.620496227815867,4.620495829435157,7.072279865677174,1.2258920181210085,0,,0,0.0,0.0,0.0,0.0
15,volatile,100.67579904938309,0.11666666666666665,5.711549558526507,0.5571528861945211,0.030216249349742475,13.577540671894493,-23.623402682067198,4.512085845055312,6.911013271997701,1.1994637134711952,0,,0,0.0,0.0,0.0,0.0
16,volatile,100.96369426420105,0.1165079365079365,5.869447676118426,0.5658203654403148,0.03004818821833246,13.560879725181177,-23.65268563483171,4.6390359315992145,7.099859420637638,1.2304117445192115,0,,0,0.0,0.0,0.0,0.0
17,volatile,100.98173922537343,0.11634920634920634,5.87590708901746,0.5663580690136978,0.030056467962452347,13.550978565730052,-23.66842882728001,4.644229299570037,7.107584878464882,1.231677789447422,0,,0,0.0,0.0,0.0,0.0
18,volatile,100.83929279073391,0.11619047619047618,5.79177939420439,0.562062475375931,0.030172641320077048,13.54649810923516,-23.678441608499334,4.57659063294033,7.00696815546845,1.2151887612640604,0,,0,0.0,0.0,0.0,0.0
19,volatile,100.4613627111246,0.11603174603174603,5.577764226376807,0.5505984319642998,0.03043175863465168,13.542087156327474,-23.667019287309362,4.404522438006953,6.751006014746661,1.1732417883698543,0,,0,0.0,0.0,0.0,0.0
20,volatile,100.33658878501059,0.11587301587301586,5.5055451481977045,0.5467789269222648,0.030526470620138635,13.531974368169234,-23.66942218952102,4.346458299150955,6.664631997244454,1.15908684904675,0,,0,0.0,0.0,0.0,0.0
21,volatile,100.33935016407463,0.11571428571428571,5.503296807267986,0.5468454825048324,0.03054595647953703,13.522807699986167,-23.68512105331367,4.344650633043461,6.661942981492512,1.1586461742245253,0,,0,0.0,0.0,0.0,0.0
22,volatile,100.20589504364236,0.11555555555555555,5.42683151094888,0.542743289966976,0.030643297426710212,13.511279125614776,-23.68443823917491,4.283172534802899,6.57049048709486,1.1436589761459803,0,,0,0.0,0.0,0.0,0.0
23,volatile,100.82748171871506,0.11539682539682539,5.766320528479511,0.5616685212315885,0.0302844802673023,13.500673160743192,-23.754715282860747,4.556121704897527,6.976519352061495,1.210198823581984,0,,0,0.0,0.0,0.0,0.0
24,volatile,101.31345616665457,0.11523809523809524,6.039067243600009,0.5763075526841104,0.029965277486366033,13.468903256492139,-23.77745266771719,4.775410063854407,7.302724423345611,1.2636571797456018,0,,0,0.0,0.0,0.0,0.0
25,volatile,100.00577667067257,0.11507936507936507,5.307557221291987,0.5365254705004855,0.030816074893668617,13.477475429234618,-23.70221934898961,4.187276005918758,6.4278384366652155,1.1202812153732293,0,,0,0.0,0.0,0.0,0.0
26,volatile,99.1042915216384,0.11492063492063491,4.832736510542574,0.5085079329632722,0.03124181269986142,13.399937110942298,-23.521193371653,3.8055201544762296,5.859952866608919,1.0272163560663445,0,,0,0.0,0.0,0.0,0.0
27,volatile,99.02026784755921,0.11476190476190476,4.7863891900184825,0.5058354000783502,0.03129370870257414,13.380938467154284,-23.51255096362264,3.76825690877486,5.804521471262105,1.0181322812436224,0,,0,0.0,0.0,0.0,0.0
28,volatile,98.8191919993658,0.1146031746031746,4.68158737063478,0.49948549857827823,0.031382423977876425,13.345944892463793,-23.466486775828635,3.6839962459903632,5.679178495279197,0.9975911246444168,0,,0,0.0,0.0,0.0,0.0
29,volatile,98.91918494760968,0.11444444444444443,4.727958221446386,0.502573392308072,0.031371807882197796,13.34992781009802,-23.51305814741567,3.721278410042894,5.734638032849878,1.0066798114034916,0,,0,0.0,0.0,0.0,0.0
30,volatile,99.02102312616054,0.11428571428571428,4.775563713320864,0.5057201101798805,0.03135872823515737,13.353306073218956,-23.558912117091488,3.7595532255099746,5.791574201131753,1.016010487810889,0,,0,0.0,0.0,0.0,0.0
31,volatile,100.02898370029172,0.11412698412698412,5.297395199227232,0.5370939264159816,0.030933117089480305,13.422930321960312,-23.799485618564976,4.179105740178694,6.41568465827577,1.1182894590485375,-1,6.41568465827577,-1,53.709392641598164,-4732.021994463634,1.0944991922197982,110.73444671263405
32,volatile,99.49671869549091,0.11396825396825397,5.012150663665963,0.5205220474693802,0.031214087456541913,13.38245066503428,-23.713639830661524,3.9747691335874347,6.099532193744492,1.0623815300785286,0,,-1,52.052204746938024,-4567.1702136346175,1.1274761437759127,110.63829318497574
33,volatile,99.31587253328009,0.1138095238095238,4.914768686548491,0.5148300033108936,0.0313125401049104,13.357273763346527,-23.68586239102977,3.8964740239849878,5.983063349111996,1.0432946625635042,0,,-1,51.48300033108936,-4510.6504866314535,1.138782350417874,110.95174322698495
34,volatile,100.29078470154549,0.11365079365079364,5.4277040319738745,0.5451169979590724,0.03085247790119554,13.40195570173569,-23.88250004881251,4.3088740417069955,6.596534022240754,1.1438299902668794,0,,-1,54.51169979590724,-4814.46188271238,1.1995324796082212,109.7888620368467
35,volatile,100.6006255664719,0.11349206349206349,5.5942846327010045,0.5546355714788241,0.030686308371901984,13.39353128955222,-23.928529302338447,4.442804844691608,6.795764420710402,1.176479788009397,0,,-1,55.46355714788241,-4910.23847926014,1.2186839686199706,110.00160268849504
36,volatile,100.91932797124761,0.11333333333333333,5.768801060754704,0.564377116703228,0.030497841733372156,13.377010408973394,-23.961797257539843,4.5831160528467825,7.004486068662627,1.2106850079079219,0,,-1,56.4377116703228,-5008.569161208924,1.2383461725689378,110.20666671962135
37,volatile,100.67013413954399,0.11317460317460316,5.625307678006337,0.5567457955830607,0.03068513451043051,13.374017987992074,-23.965265000850447,4.467747373117096,6.8328679828955785,1.182560304889242,0,,-1,55.67457955830607,-4931.7599140484235,1.2537110949855212,110.47671044832896
38,volatile,99.87780318445193,0.11301587301587301,5.1900733140365745,0.5322165761775822,0.031165104092875436,13.351485410253197,-23.8852437156636,4.117818944485406,6.3123276835877435,1.0972543695511685,0,,-1,53.221657617758225,-4686.816457734523,1.3027095859464937,109.8384555585626
39,volatile,99.95676636342814,0.11285714285714285,5.228401235075992,0.5346496798282449,0.031146377447468575,13.345799205923207,-23.914647789690715,4.148634593001098,6.358167877150887,1.1047666420748945,0,,-1,53.46496798282448,-4711.141839152715,1.3075736894094394,110.20335062703907
40,volatile,100.00780232713844,0.11269841269841269,5.25192959551152,0.536213497757448,0.03114149708394404,13.338550894745898,-23.93887772385829,4.167551394791262,6.386307796231778,1.1093782007202577,0,,-1,53.6213497757448,-4726.78436646654,1.3107015692962272,110.57602286934252
41,volatile,99.42073928142057,0.11253968253968254,4.938739381310143,0.5178074741548049,0.03144587606592887,13.292508820167905,-23.837916399455498,3.915746462573355,6.011732300046931,1.0479929187367878,0,,-1,51.78074741548049,-4543.826917895411,1.347300378772348,110.37933256515316
42,volatile,99.09493147474272,0.11238095238095237,4.7679336069953635,0.507495100100161,0.031597448775763204,13.25046766644789,-23.767941481042325,3.7784186200242726,5.8074485939664555,1.0145149869710912,0,,-1,50.749510010016095,-4441.656955946731,1.3677384587780852,110.56890017304795
43,volatile,99.05962300505531,0.11222222222222221,4.7462621043383635,0.506332892761731,0.03163265483971841,13.23705718961179,-23.77358174284892,3.7609947318880446,5.781529476788683,1.010267372450319,0,,-1,50.6332892761731,-4430.146476423289,1.3700410151940567,110.94186034649192
44,volatile,98.61145343760235,0.11206349206349206,4.518769177618005,0.4920664792149178,0.03179663395527534,13.166902369566303,-23.64419266329314,3.578090418804876,5.509447936431133,0.9656787588131288,0,,-1,49.20664792149178,-4289.491435539478,1.3981776506979198,110.97071702940048
45,volatile,98.5639408033425,0.1119047619047619,4.491674115638126,0.49049784245923334,0.031831779077842355,13.150104213950778,-23.64281000436069,3.556305988973054,5.4770422423032,0.9603681266650727,0,,-1,49.049784245923334,-4274.0334257269615,1.4012698711045044,111.3391935411355
46,volatile,98.60787753052007,0.11174603174603173,4.5094991200278045,0.49183948116174575,0.031842556737446154,13.147611410024272,-23.674366960010435,3.5706372925023553,5.498360947553254,0.9638618275254496,0,,-1,49.18394811617458,-4287.265686136614,1.4039157940018554,111.7091341678015
47,volatile,98.62354860980506,0.11158730158730158,4.51345071097294,0.4922820344320647,0.03186083654173876,13.140648444586995,-23.69573213511149,3.573814371622244,5.503087050323636,0.964636339350696,0,,-1,49.22820344320647,-4291.631176456866,1.40478871748121,112.08386770028574
48,volatile,98.38365729511871,0.11142857142857142,4.392525612971731,0.4845695565072169,0.03194333137328512,13.092008900229212,-23.621989624672782,3.476590592829272,5.35846063311419,0.9409350201424592,0,,-1,48.45695565072169,-4215.768173587128,1.4199643531822979,112.35178342106701
49,volatile,98.66258969308231,0.11126984126984127,4.525162355600763,0.4934143783504414,0.03189525255666264,13.12780544332383,-23.741215042921723,3.5832305339030137,5.517094177298513,0.9669318216977494,0,,-1,49.34143783504414,-4303.050929490344,1.4374174137508273,112.58687093526714
50,volatile,99.08329798517433,0.1111111111111111,4.73177361803824,0.5067594166583882,0.0317822709922924,13.174280949795179,-23.892409044235297,3.7493459889027454,5.764201247173735,1.0074276291354949,0,,-1,50.67594166583882,-4435.3044156274755,1.4638628218966245,112.65765132431989
51,volatile,99.23447727972467,0.11095238095238094,4.8049476672210005,0.5115171265970185,0.03174786630574503,13.181351413496143,-23.951012751874185,3.808177924445685,5.851717409996317,1.021769742775316,0,,-1,51.15171265970185,-4482.526744085504,1.4733053990727951,112.9919569405838
52,volatile,98.84537186030629,0.11079365079365079,4.604536001965158,0.49908423346334946,0.03190887912441538,13.125706768402603,-23.85109969551619,3.6470469455799877,5.61202505835033,0.9824890563851709,-1,5.61202505835033,-2,99.8168466926699,-8732.62957302487,2.45537005309687,212.89655584223874
53,volatile,99.19107993752354,0.11063492063492063,4.775174206404969,0.5100511472123399,0.03181045420214217,13.158031832592577,-23.971599555537537,3.809240061949595,5.841108350860344,1.015934144455374,-1,5.841108350860344,-3,153.01534416370197,-13426.410516427162,3.530733336137927,318.7944562607845
54,volatile,98.95210654334286,0.11047619047619046,4.650399585528625,0.5023892679460666,0.0319197360347004,13.120840805503882,-23.917446275009766,3.7339212667650146,5.716877904292235,0.9914783187636104,-1,5.716877904292235,-4,200.95570717842665,-17599.491394739263,4.499493317889841,425.33931826177286
55,volatile,99.36833741860504,0.11031746031746031,4.858453878872879,0.5156036314738642,0.031785127613745925,13.156726845200549,-24.05114569373265,3.926196918613795,5.990710839131963,1.0322569602590843,0,,-4,206.2414525895457,-18124.83217540689,4.604540464594025,425.6565236651695
56,volatile,98.85862801540196,0.11015873015873015,4.595987966785842,0.49930052469730607,0.03199644750517534,13.089812861313836,-23.92002328165856,3.7151743252958163,5.676801608275866,0.9808136414900248,0,,-4,199.72020987892242,-17480.280004300697,4.733476686059556,425.39074456336675
57,volatile,99.29124766753615,0.10999999999999999,4.811166422405272,0.5130684069787177,0.03186295591211602,13.130591195597885,-24.064073140482826,3.8881778036138384,5.934155041196704,1.0229886187914332,0,,-4,205.22736279148708,-18027.201450501907,4.842839102816447,425.61288762082404
58,volatile,99.28057293203538,0.10984126984126984,4.801870818006016,0.5126860846242748,0.031890385535337414,13.120109532316324,-24.07769286150351,3.8807041376768368,5.923037498335194,1.021166680329179,0,,-4,205.07443384970992,-18012.02161411897,4.845875677407952,427.1373449906132
59,volatile,98.68766892134326,0.10968253968253967,4.499721388687966,0.4936583028609075,0.032117368423467865,13.037275097187788,-23.910655485713704,3.6377759965051246,5.561666780870807,0.9619453921828413,0,,-4,197.463321144363,-17261.048867924823,4.996100271565614,426.25743780376433
60,volatile,98.53834226035006,0.10952380952380952,4.422575276119524,0.488799756853373,0.03218071929012711,13.004641618236937,-23.87251438548134,3.5757505220000967,5.46940003023895,0.9468247541194266,0,,-4,195.5199027413492,-17069.585940419136,5.034400517115861,427.59104417048
61,volatile,98.56273914104284,0.10936507936507936,4.430718020870309,0.4895257551065926,0.032197685110046184,12.999074912871937,-23.89784694458266,3.5822972887797278,5.479138752960889,0.9484207320905804,0,,-4,195.81030204263703,-17098.214215508826,5.040125027231776,429.09829750029166
62,volatile,98.69041535557677,0.1092063492063492,4.489679196900788,0.4935783026970579,0.032186316589370344,13.009263721281801,-23.96050287260771,3.6297020743082333,5.549656319493342,0.9599771225925543,0,,-4,197.43132107882315,-17258.225253297725,5.072120835627876,430.4821494112548
63,volatile,98.22630957915372,0.10904761904761905,4.260301426416788,0.47854620567997896,0.03231930153947971,12.921633119842275,-23.79647764471539,3.4452823468390976,5.275320505994478,0.9150190795776904,0,,-4,191.4184822719916,-16667.724411001556,5.190244628845753,430.4861172521232
64,volatile,97.70581084213072,0.10888888888888888,4.011860053506325,0.46162435898048515,0.03241147288368084,12.802851747520263,-23.572415553334057,3.245535483019085,4.978184623993564,0.8663245704872397,0,,-4,184.64974359219406,-16006.511578933661,5.322513649063375,430.0973191306621
65,volatile,97.79809460349703,0.10873015873015872,4.050848362819451,0.4645378600064332,0.03242654967253376,12.814307636348289,-23.633703157836738,3.2768820837068384,5.024814641932063,0.8739662791126123,0,,-4,185.81514400257328,-16120.5083133068,5.345308436980419,431.51937349150467
66,volatile,97.57868194116783,0.10857142857142857,3.9459684430050643,0.4573387450974748,0.032465424954808815,12.753522005166987,-23.539079814169252,3.1925586281760716,4.899378257834057,0.8534098148289925,0,,-4,182.93549803898992,-15839.572454134648,5.401506848497153,432.64494755905616
67,volatile,97.68764391505626,0.1084126984126984,3.9922472267430607,0.46079589637797136,0.03248201660606331,12.769856155607343,-23.61062206956201,3.2297667703014206,4.9547276831847,0.8624804564416397,0,,-4,184.31835855118854,-15974.68785711156,5.4285245255571235,434.03942934738734
68,volatile,98.04238241127302,0.10825396825396824,4.153976414077171,0.47224055353868893,0.03246666125212131,12.837863790426066,-23.796513474227982,3.359797036918045,5.148155791236296,0.8941793771591253,0,,-4,188.89622141547557,-16423.602203594666,5.518289441870483,434.6428068350215
69,volatile,97.27040168942958,0.10809523809523809,3.795382216155417,0.44705983120734827,0.03253838362041439,12.645836220681549,-23.418412527341893,3.0714873017889555,4.719277130521879,0.8238949143664617,0,,-4,178.8239324829393,-15444.062560312948,5.714236559950442,432.0602975238253
70,volatile,97.38782297222645,0.10793650793650793,3.844372018816209,0.45079325623023075,0.03256245918705059,12.667137111043996,-23.499608998479715,3.1108751031282322,4.777868934504186,0.8334969156879768,0,,-4,180.3173024920923,-15589.527701607189,5.743323770767127,433.4330247956168
71,volatile,97.959367982852,0.10777777777777778,4.103560501370637,0.469322621019954,0.03254837629163126,12.791871810100428,-23.806748981582786,3.3192626431019923,5.087858359639282,0.8842978582686448,0,,-4,187.7290484079816,-16315.722857166304,5.888533759881127,432.6718763535464
72,volatile,97.8188105361149,0.10761904761904761,4.034145832851927,0.4646689152650945,0.03258756574011609,12.751739039381379,-23.755602445700212,3.2634532496129487,5.004838416090903,0.8706925832389775,0,,-4,185.8675661060378,-16133.671290153054,5.924951356803161,434.0146104414998
73,volatile,97.43871532895388,0.10746031746031745,3.8561413363786485,0.4521909490217558,0.03263151783423792,12.651210732011252,-23.574679467348904,3.1203376344484335,4.791945038308864,0.835803701930215,0,,-4,180.8763796087023,-15647.433756845516,6.022218316856679,434.47177102716523
74,volatile,97.78914355254946,0.1073015873015873,4.0128329089369785,0.4635450421625837,0.032637319369879216,12.72581218728225,-23.773228844014362,3.2463176587853306,4.979348159088626,0.8665152501516477,0,,-4,185.41801686503348,-16091.645399032017,6.111042880381274,435.0905058369899
75,volatile,97.90674968104756,0.10714285714285714,4.063790421360203,0.4673067665684573,0.03264905684988386,12.742150379365627,-23.84674089199457,3.287287498773603,5.040293343946802,0.8765029225865996,0,,-4,186.92270662738292,-16238.994146798781,6.14050673716327,436.48433212820964
76,volatile,98.32645503989562,0.10698412698412697,4.25897917504912,0.48093098025589387,0.032606179182939045,12.815737938800192,-24.051172009528866,3.4442192567394923,5.273739093358747,0.9147599183096274,0,,-4,192.37239210235754,-16774.94957028621,6.2476763879306025,436.75412266377316
77,volatile,98.16295645572431,0.10682539682539682,4.176975770308523,0.47552723597221264,0.03266054354836378,12.77546684982369,-23.997552609033463,3.3782885193280525,5.175663021288994,0.8986872509804704,0,,-4,190.21089438888507,-16562.81300016065,6.290112189115952,438.06043501643944
78,volatile,97.4679084099032,0.10666666666666666,3.8506019197488257,0.4527114631863459,0.03274802080366666,12.610162144485386,-23.670078445170937,3.115883943478056,4.785319896019596,0.8347179762707697,0,,-4,181.08458527453837,-15673.468643735217,6.468016641291474,436.2263603492647
79,volatile,97.4154709110035,0.1065079365079365,3.8231540495232963,0.4509061157515905,0.032771959331682,12.587046688849558,-23.657153066611336,3.0938158558167306,4.752492243229862,0.8293381937065659,0,,-4,180.3624463006362,-15603.13520503099,6.482086142932647,437.695816196745
80,volatile,97.20665265425899,0.10634920634920635,3.725973688340382,0.4439698734906086,0.032790773330129565,12.521647842284432,-23.553690424229995,3.0156828454256672,4.6362645312550965,0.8102908429147148,0,,-4,177.58794939624346,-15333.489588066743,6.536026054307771,438.8510491398629
81,volatile,97.56702652049195,0.10619047619047618,3.884326246284303,0.4557032167148472,0.032816508156605244,12.605720455830905,-23.77194832141799,3.14299830201258,4.825654190556026,0.8413279442717233,0,,-4,182.28128668593888,-15791.496134872832,6.627609047070437,439.41649888984466
82,volatile,97.65639653945026,0.10603174603174603,3.9214013888171166,0.4585530074590814,0.03283640072815296,12.617591034163528,-23.83544235935735,3.1728067166089615,4.869996061025271,0.8485946722081548,0,,-4,183.42120298363255,-15902.838516885786,6.649873070668308,440.8546598999819
83,volatile,96.89577607480713,0.10587301587301587,3.5784012897796984,0.4334771433051675,0.032834815214337246,12.40261174450882,-23.410471594656027,2.8970346369828777,4.459767942576519,0.7813666527968208,0,,-4,173.390857322067,-14931.134769335253,6.844252696103502,438.3463992507059
84,volatile,96.34182690059252,0.1057142857142857,3.3396528697064056,0.41519951317511683,0.032755378814044084,12.213205303138007,-23.05060368540159,2.7050809072439503,4.174224832168861,0.7345719624624554,0,,-4,166.07980527004673,-14226.915530100545,6.985124718354894,437.65517302784974
85,volatile,96.74922175030721,0.10555555555555554,3.5078192109998696,0.4284572836853482,0.03286087707244674,12.337830620068035,-23.346447802286708,2.8402866456438955,4.375351776355844,0.7675325653559744,0,,-4,171.3829134741393,-14740.08973602249,7.087739036675618,437.94607950077807
86,volatile,97.06348380428145,0.10539682539682539,3.640351650150521,0.4386931888863955,0.032922135765630196,12.422553563329089,-23.56249413853256,2.946842726721019,4.533860573580023,0.793508923429502,0,,-4,175.47727555455822,-15137.582266113594,7.16722164617194,438.7127676354903
87,volatile,96.76531163684605,0.10523809523809523,3.5072974437803097,0.42877681989023975,0.032909750357283205,12.323116740213761,-23.388025738129492,2.8398671447993693,4.374727742761251,0.7674302989809406,0,,-4,171.5107279560959,-14753.834816468901,7.243986489069457,439.53524575291885
88,volatile,96.76371681410565,0.10507936507936508,3.5029002123075657,0.4286194025949468,0.032932766974794095,12.31272958182315,-23.402506598476332,2.836331770695283,4.369468653919848,0.7665684416122828,0,,-4,171.44776103797872,-14747.74312201816,7.245205071676127,441.01939055024195
89,volatile,96.96924273966333,0.10492063492063491,3.587951345504308,0.4352906033661522,0.03298361612729912,12.365474386997658,-23.55120136705956,2.904712881785464,4.471189809223152,0.7832384637188443,0,,-4,174.1162413464609,-15006.555388900337,7.296957174631971,442.1841449407111
90,volatile,97.18582737341585,0.10476190476190475,3.6792416261804988,0.44234118055316923,0.03302585310315295,12.417864028730195,-23.70079132081342,2.978110267449121,4.580372984911876,0.8011313587313776,0,,-4,176.9364722212677,-15280.69667714668,7.351774468822401,443.3241177384334
91,volatile,97.5932650029618,0.1046031746031746,3.8584094860312703,0.4557138872260562,0.03305576724062564,12.514554641425091,-23.949778625282974,3.1221612267691414,4.794657745293399,0.8362482592621289,0,,-4,182.28555489042247,-15802.835526488741,7.456181357313115,443.64314373168963
92,volatile,97.71205724801119,0.10444444444444444,3.908965088897581,0.4595573860113873,0.033074735551567785,12.533190344573308,-24.029599857803124,3.162807931473655,4.855122246321507,0.8461571574239257,0,,-4,183.8229544045549,-15953.088040320581,7.486225851180709,445.0449683968036
93,volatile,97.66658719395875,0.10428571428571427,3.8842914376063717,0.45796918083074256,0.03310158522857724,12.51264818426094,-24.022336419710733,3.142970315835523,4.825612559377221,0.8413211217708487,0,,-4,183.187672332297,-15891.054617584026,7.498635017561296,446.54358007405244
94,volatile,97.54451113278758,0.10412698412698412,3.8248271133142637,0.45384061541551995,0.03313003371343725,12.473100952293214,-23.97295147874242,3.0951609991046682,4.754493227523859,0.8296661142095956,1,3.0951609991046682,-3,136.152184624656,-11613.45467389128,8.436245748428112,519.9954809875471
95,volatile,98.03766674687985,0.10396825396825396,4.0488221471224435,0.4700966412314488,0.033117747954169885,12.575668397232706,-24.242944673413685,3.250253006286445,4.997391287958442,0.8735691408359988,0,,-3,141.02899236943466,-12091.661148532987,8.531867918922355,519.8455628931752
96,volatile,96.98576563482608,0.1038095238095238,3.568906583860091,0.4351309840697541,0.03315182215426803,12.301107012023417,-23.673389609513393,2.8644008934235137,4.423412274296669,0.7795056904365777,0,,-3,130.53929522092622,-11074.513309569289,8.735338180767464,515.2682077048066
97,volatile,96.92029523196712,0.10365079365079365,3.5367371602442503,0.43285780186029726,0.033167742911794695,12.271611668139736,-23.647301677411768,2.8385366768363776,4.3849376436521235,0.773200483407873,0,,-3,129.85734055808916,-11008.431281361756,8.74855723021886,516.3593554930685
98,volatile,96.93449793843034,0.10349206349206348,3.5391319811342683,0.43322605992404595,0.03319354577345548,12.265945202233725,-23.672583428688473,2.8404621128319523,4.387801849436585,0.7736698683023164,0,,-3,129.96781797721377,-11019.142496332764,8.750699044850137,517.4830931014731
99,volatile,96.2741722302151,0.10333333333333333,3.256604682498036,0.41122837069818163,0.033079829729980456,12.039456659227938,-23.227087459314788,2.6133101647284214,4.049899200267651,0.718294517769615,0,,-3,123.3685112094545,-10383.926768532756,8.877767604121994,516.2931226820783
100,volatile,96.42658900941089,0.10317460317460317,3.315961296201884,0.4161582183681619,0.03314427259127814,12.082547316293123,-23.354858281990314,2.661032882146315,4.120889710257454,0.7299284140555692,1,2.661032882146315,-2,83.23164367363238,-6780.562878991503,9.67181985012237,581.9883588632038
101,volatile,96.12529362734759,0.103015873015873,3.188405416565672,0.4060620725880992,0.03308026621033856,11.96553437168294,-23.144276896078843,2.5334779549188005,3.9433328782125434,0.7049274616468716,0,,-2,81.21241451761983,-6586.502703268,9.710639649226891,582.3834051109388
102,volatile,96.52190908457061,0.10285714285714286,3.348339144812897,0.4190919300562514,0.03321446757228801,12.094757199691102,-23.454800692436237,2.662064672429569,4.134613617196225,0.7362744723833277,0,,-2,83.81838601125028,-6838.086353521898,9.760946317943928,582.5564517088669
103,volatile,96.46278449145318,0.10269841269841269,3.3199010829586015,0.4170134738501317,0.03322389537316387,12.064726091854796,-23.427867022232576,2.6392004706987153,4.100601695218487,0.7307006122598858,0,,-2,83.40269477002634,-6797.9956386516515,9.768966064867362,583.2803163641283
104,volatile,96.77119960757831,0.10253968253968254,3.4463412110456275,0.4271629120828265,0.0333130507390543,12.15576291162464,-23.660635416935587,2.740858333680684,4.2518240884105705,0.7554828773649429,0,,-2,85.4325824165653,-6994.469588208354,9.808252997392197,583.6756556068449
105,volatile,97.33642138666579,0.10238095238095238,3.6892944260931984,0.44591860140553696,0.033398452582929714,12.310618068331344,-24.037661581209445,2.9361927185789316,4.542396133607465,0.8031017075142668,0,,-2,89.1837202811074,-7359.664948538075,9.881277464564706,583.3003443556872
106,volatile,97.51391384016289,0.10222222222222221,3.7651345100090765,0.4517569247804607,0.03342690779027762,12.346910308657854,-24.157772048375517,2.997168146047297,4.6331008739708555,0.8179663639617789,0,,-2,90.35138495609215,-7473.551273759242,9.904050175066839,583.9389921867023
107,volatile,97.10482400003022,0.10206349206349205,3.5793252231313915,0.4379845756571087,0.03343185431254629,12.2263295199482,-23.928900403976588,2.8477774793976387,4.410872966865144,0.7815477437337526,0,,-2,87.59691513142174,-7206.132460682735,9.957544636574442,584.0855214732783
108,volatile,96.40226703835042,0.1019047619047619,3.276135858405418,0.41441743313568385,0.03332670320520623,11.99347193599068,-23.461899617753133,2.604013230157956,4.0482584866528795,0.7221226282474618,0,,-2,82.88348662713678,-6751.83814438515,10.048421675241691,583.090694832551
109,volatile,97.21379955643143,0.10174603174603174,3.6196299596144073,0.4414323900160233,0.03349082426007192,12.23721945043139,-24.03052939056085,2.8801824875299835,4.459077431698831,0.7894474720844237,0,,-2,88.28647800320466,-7277.188514087469,10.153470739369329,581.5494701364796
110,volatile,97.16090269294885,0.10158730158730159,3.5925159511741356,0.4395613601215156,0.03351142301959477,12.212342429074946,-24.014366576994416,2.858382824744005,4.4266490776042655,0.7841331264301304,1,2.858382824744005,-1,43.95613601215156,-3256.732187232923,11.034905948276899,654.8340714843462
111,volatile,96.8400255059355,0.10142857142857142,3.449415502138848,0.42870648317712573,0.03349513663251371,12.10696952763733,-23.821248715022268,2.718330063719634,4.230500940558062,0.756085438419214,-1,4.230500940558062,-2,85.74129663542514,-6880.987408908648,11.864201152382384,732.3188437501349
112,volatile,96.90581943239629,0.10126984126984126,3.4739047884354832,0.4308043206347641,0.03353030301103033,12.11716217782923,-23.882129623865573,2.7630194499021283,4.284790126968837,0.7608853385333546,0,,-2,86.16086412695282,-6921.654072188647,11.87233285869712,733.0541113499767
113,volatile,96.81594691040591,0.1011111111111111,3.4315402538814723,0.4276828038058207,0.03354018549490824,12.079299083506244,-23.837712374178576,2.728958364120704,4.2341221436422405,0.7525818897607685,0,,-2,85.53656076116414,-6861.2236391747665,11.884421363000758,733.7714356005154
114,volatile,97.21061709721548,0.10095238095238095,3.599121523002623,0.44083222921949405,0.03361574063555574,12.186254595623279,-24.11308441176395,2.863693704494109,4.434549341511136,0.785427818508514,0,,-2,88.16644584389881,-7116.9275215125235,11.935551913358237,733.9627816405846
115,volatile,97.22529434007009,0.10079365079365078,3.6017650673029635,0.44122671565497806,0.03364211027568803,12.18031544374669,-24.13927311842925,2.8658191141115825,4.437711020494344,0.7859459531913807,1,2.8658191141115825,-1,44.122671565497804,-3122.216948642149,12.811985696971266,807.4462746533204
116,volatile,97.23058028286599,0.10063492063492063,3.6002643279115247,0.44130558368887224,0.03366779531102529,12.171742009650705,-24.159646510557284,2.839612519640866,4.410916136182183,0.7856518082706587,0,,-1,44.13055836888722,-3122.983940479973,12.812139064665292,807.8294251426669
117,volatile,96.89740394797717,0.10047619047619047,3.4512980276261445,0.42998658424520697,0.033653105561448085,12.064134998912667,-23.959620678494378,2.7198436142114204,4.232752441040868,0.7564544134147242,0,,-1,42.9986584245207,-3013.327709975225,12.834074697892888,808.0008618440343
118,volatile,97.11436920524712,0.1003174603174603,3.541555294405235,0.43718923041463503,0.03370753728195758,12.118647026611354,-24.12003809902582,2.792410456701809,4.340700132108661,0.774144837703426,0,,-1,43.718923041463505,-3083.2897435192717,12.84806430667994,808.2903605446772
119,volatile,96.63376351982293,0.10015873015873016,3.33155223642288,0.4208918594674905,0.03365122771408946,11.959998022017613,-23.808207934864235,2.6235679980839954,4.089536474761764,0.7329842383388844,0,,-1,42.089185946749055,-2925.8336120349545,12.879561832481963,808.2476058427605
120,volatile,96.94121052028346,0.09999999999999999,3.4587311337673228,0.4311404255283018,0.03373522100702172,12.047142108588027,-24.03966631495254,2.7258198315489275,4.241642435985717,0.7579113022183952,0,,-1,43.11404255283018,-3025.2043222061684,12.899432000482605,808.4500399114686
121,volatile,97.649953815571,0.09984126984126984,3.768891672736636,0.45498495534917166,0.0338082639711521,12.230962867863642,-24.495586169857194,2.9751889048802553,4.612594440593017,0.8187027678563805,0,,-1,45.49849553491717,-3258.092614127079,12.946000345197843,807.9442062618823
122,volatile,96.9386412015817,0.09968253968253968,3.449987051064234,0.43083888981407725,0.033785284866107185,12.026081196993163,-24.071772040544623,2.718789589055644,4.231184513072823,0.7561974620085897,0,,-1,43.083888981407725,-3024.070749529106,12.992814080864571,807.4242009019335
123,volatile,95.79970037522766,0.09952380952380951,2.97746001618917,0.3923880441610123,0.033465949990717773,11.615610677659829,-23.2136526596174,2.3388778530160925,3.666042179362247,0.6635821631730772,0,,-1,39.23880441610123,-2655.786471845186,13.066485670719326,805.5332326805546
124,volatile,96.08194632711526,0.09936507936507935,3.0858212362032944,0.4017213691248822,0.03360592812834537,11.714313933074834,-23.46478547437114,2.426000273907449,3.7956421984991398,0.6848209622958455,0,,-1,40.17213691248822,-2745.480809948958,13.084420951283967,805.7541691019314
125,volatile,97.26003479942352,0.0992063492063492,3.5786265550760987,0.4414048140444268,0.03390032541143647,12.089150181827641,-24.333713058821836,2.8222157502811833,4.3850373598710135,0.7814108047949152,0,,-1,44.140481404442674,-3131.5193255972254,13.161613215960685,803.7227763545661
126,volatile,96.79397249249956,0.09904761904761904,3.3727699377895064,0.4255061097328711,0.033860658234010764,11.94042159184772,-24.03935304434658,2.6567070299827633,4.13883284559625,0.7410629078067431,0,,-1,42.550610973287114,-2977.6602287922715,13.192391190916666,803.7054455161806
127,volatile,96.21502167195128,0.09888888888888889,3.128342042616154,0.40581743487441446,0.03372693795188675,11.732586681409728,-23.619907383764524,2.460187002263388,3.84649708296892,0.6931550403527661,0,,-1,40.58174348744144,-2788.263487897994,13.230278116480635,803.4756369701367
128,volatile,96.485598012568,0.09873015873015872,3.235598420222523,0.4148348097631376,0.033836834189776635,11.81811307363232,-23.846917191401687,2.5464211298589086,3.974775710586137,0.7141772903636144,0,,-1,41.48348097631376,-2875.2855696983634,13.247679052653474,803.7130579220056
129,volatile,96.0969230117292,0.09857142857142856,3.0731775061228745,0.40157694308817216,0.03373255020285301,11.668171037801587,-23.556336367495977,2.415834714922791,3.780520297322958,0.6823427912000833,0,,-1,40.15769430881721,-2747.907031185834,13.273159856516752,803.806076524842
130,volatile,95.86329960639246,0.09841269841269841,2.976570189674355,0.3935712371865552,0.03366012946269359,11.567919700030187,-23.37612221217425,2.3381624324981813,3.6649779468505286,0.6634077571761735,0,,-1,39.357123718655515,-2671.177041912765,13.2885089241849,804.0696818071278
131,volatile,95.70256725252997,0.09825396825396825,2.91005551954359,0.3880268106049205,0.033609042053683404,11.493095259776645,-23.25168861411607,2.2846846377130463,3.585426401374134,0.6503708818305436,-1,3.585426401374134,-2,77.6053621209841,-5973.841100686601,14.040599845782829,871.1801829451042
132,volatile,95.94553151651382,0.0980952380952381,3.0015999341667765,0.39607184123634925,0.033744075408741886,11.57920016199205,-23.477665801928442,2.3832863470700882,3.7199135212634644,0.6683135870966881,0,,-2,79.21436824726985,-6128.248924076014,14.071475235382792,871.6957543197914
133,volatile,95.75844137758777,0.09793650793650793,2.924386661401762,0.38962710378598864,0.03368350972006517,11.494754117735793,-23.331766515305755,2.3212068757670163,3.627566447036507,0.6531797856347452,0,,-2,77.92542075719773,-6004.846006929688,14.096160755916165,872.2934961919391
134,volatile,95.88482220271761,0.09777777777777777,2.9701750755824605,0.3937512230105894,0.03376592077221786,11.534588113890166,-23.457339631174197,2.358020760768298,3.6823293903966228,0.6621543148141622,0,,-2,78.75024460211787,-6083.949912265962,14.11197837345991,872.9682747121415
135,volatile,95.80272031325586,0.0976190476190476,2.934247794125511,0.3908416939439435,0.033752402999111364,11.491548194919005,-23.401760221524817,2.329135226476911,3.639360361774111,0.6551125676486,0,,-2,78.1683387887887,-6028.212902014906,14.123128005436516,873.6770374941452
136,volatile,95.41499199243925,0.09746031746031746,2.7815795566117743,0.3776445079723908,0.033573934469945645,11.32001215302425,-23.0660337922608,2.2063899635158664,3.456769149707682,0.6251895930959076,0,,-2,75.52890159447816,-5776.421391630971,14.173496381188453,873.8522378815405
137,volatile,95.26791405205127,0.09730158730158729,2.7227588439526755,0.3725608827277577,0.03350985984926415,11.245258559337657,-22.94163301052992,2.159098110537951,3.3864195773673997,0.6136607334147243,0,,-2,74.51217654555154,-5679.579489310177,14.192868636103595,874.4883728721625
138,volatile,94.83433470614897,0.09714285714285714,2.5607906656318704,0.35793079662411287,0.03324183954599171,11.035975352152764,-22.526569587861108,2.028875695168024,3.1927056360957167,0.5819149704638465,0,,-2,71.58615932482257,-5402.148090222904,14.24836601539691,874.5195703886529
139,volatile,94.8362058537417,0.09698412698412698,2.5578834141609406,0.3578307005697817,0.03326512721692209,11.026096457954713,-22.542365983312717,2.0265382649853962,3.1892285633364845,0.5813451491755443,1,2.0265382649853962,-1,35.783070056978175,-2210.071858545063,14.947451844197944,927.6703980412858
140,volatile,94.32622271659802,0.09682539682539681,2.376211280306361,0.34079298876187447,0.03288088624894617,10.764188239145334,-22.01559876538124,1.855473869366314,2.9469486912464076,0.5457374109400467,0,,-1,34.079298876187444,-2049.393700747647,14.979593904169421,927.5567070424827
141,volatile,93.83289446779564,0.09666666666666666,2.20866442396456,0.32449806389871594,0.032444942003691545,10.493432384586384,-21.472220117977976,1.7207661968675063,2.7465626510616135,0.5128982270970537,0,,-1,32.4498063898716,-1896.524284242407,15.01017390347033,927.468531842359
142,volatile,94.48861008501056,0.0965079365079365,2.4249367736333234,0.3458023602162939,0.03305952287177338,10.824357540392311,-22.217937335866985,1.894649166001192,3.005224381265455,0.5552876076321314,0,,-1,34.58023602162939,-2097.8658792980796,15.050434170428073,927.0788814339644
143,volatile,94.46347167053763,0.09634920634920635,2.4127308960466074,0.3447998844109532,0.03305973667319247,10.800874832797632,-22.204001891335352,1.8848356404214723,2.9906261516717425,0.552895255625135,0,,-1,34.47998844109532,-2088.3980387611564,15.052328117324837,927.4282829400559
144,volatile,94.43801540461216,0.09619047619047619,2.400443181270873,0.34378601794524255,0.03305941348358781,10.777164688773427,-22.189548657669455,1.8749563177417818,2.975930044799964,0.550486863529091,0,,-1,34.37860179452426,-2078.825200021194,15.054243068062977,927.7774077120275
145,volatile,94.66849318455483,0.09603174603174602,2.4769954873780513,0.3512594020619485,0.03326897675640713,10.880498530990092,-22.45048731045912,1.9365043718519532,3.0674866029041494,0.565491115526098,0,,-1,35.12594020619485,-2149.588751233254,15.068392948329336,928.0315310401784
146,volatile,94.47685739846271,0.09587301587301586,2.406759563496685,0.34472620603107496,0.033134393488272684,10.774816653504931,-22.258259873749477,1.8800346890513346,2.9834844379420353,0.5517248744453502,1,1.8800346890513346,0,0.0,980.312506020442,15.752110637098856,980.312506020442
147,volatile,94.37246293873957,0.09571428571428571,2.3674364913214774,0.3410967842553962,0.03306620585887719,10.711130321598759,-22.157074240637566,1.823418939022468,2.9114540436204868,0.5440175522990095,0,,0,0.0,980.312506020442,15.752110637098856,980.312506020442
148,volatile,94.56366250156428,0.09555555555555555,2.4297082746177594,0.3472633346660777,0.03324940656452918,10.796226952457603,-22.3791799173296,1.8734854527926785,2.9859310964428403,0.5562228218250808,0,,0,0.0,980.312506020442,15.752110637098856,980.312506020442
149,volatile,94.69052142105963,0.0953968253968254,2.4704546213500826,0.35131896840465865,0.0333737865903692,10.8476588803939,-22.528954665154547,1.9062455155654665,3.034663727134699,0.5642091057846161,0,,0,0.0,980.312506020442,15.752110637098856,980.312506020442
150,volatile,94.16534752529716,0.09523809523809523,2.287048173821301,0.33372727233732913,0.032941692888555064,10.571154948833936,-21.963609015058484,1.758786731752326,2.8153096158902757,0.528261442068975,0,,0,0.0,980.312506020442,15.752110637098856,980.312506020442
151,volatile,94.54070308698535,0.09507936507936507,2.4110895001124995,0.3459826574305197,0.03329505704658757,10.751951295348126,-22.394903381156823,1.8585159580904498,2.963663042134549,0.5525735420220498,0,,0,0.0,980.312506020442,15.752110637098856,980.312506020442
152,volatile,94.27275835512349,0.0949206349206349,2.3160690807695055,0.33691345032727255,0.03308190601440578,10.604914793560097,-22.110934294602618,1.7821195409386825,2.8500186206003284,0.533949539830823,-1,2.8500186206003284,-1,33.691345032727256,-1911.5168960546978,16.407345842884734,1033.0522247977383
153,volatile,93.79624038741515,0.09476190476190476,2.1558397771047915,0.321068463119746,0.03263844098642419,10.33993113428126,-21.570596970613394,1.6782951807922522,2.6833843734173306,0.5025445963125391,0,,-1,32.1068463119746,-1762.926597154011,16.437069847465786,1032.9908998952733
154,volatile,93.39167834531115,0.09460317460317459,2.0252602032746303,0.3077547913627513,0.0322176972653073,10.101832511461854,-21.089906228393293,1.5733092034328027,2.5272112031164577,0.47695099984182754,0,,-1,30.77547913627513,-1638.6128498445873,16.461937570472273,1033.0347782457911
155,volatile,93.21615360756986,0.09444444444444444,1.968423303240204,0.3019172455403642,0.032031694891016246,9.989006349153346,-20.88078465107618,1.5276123358051241,2.459234270675284,0.46581096743508,0,,-1,30.19172455403642,-1584.2083761088622,16.47282064183369,1033.305727273615
156,volatile,93.94413993744536,0.09428571428571428,2.1933194990328033,0.3253466881385605,0.03284828984670192,10.386797049335177,-21.78210267052829,1.708428877222374,2.7282101208432326,0.5098906218104294,-1,2.7282101208432326,-2,65.0693376277121,-4588.610036774657,17.14813011448918,1085.6090231534463
157,volatile,93.415842654228,0.09412698412698411,2.0226414054238333,0.3079422035906385,0.032299372337980255,10.081679683066625,-21.152693145036082,1.596203689960762,2.5490791208869044,0.4764377154630713,0,,-2,61.5884407181277,-4263.504152956932,17.213164298089445,1085.3036534021676
158,volatile,93.48638992844155,0.09396825396825396,2.0410739701974876,0.31002700219183044,0.03239772524114617,10.110579550408154,-21.251448899916753,1.61102347203878,2.571124468356195,0.48005049815870754,0,,-2,62.00540043836609,-4302.492007959389,17.220960309887577,1085.954241051366
159,volatile,92.5333816512426,0.0938095238095238,1.7569782875376418,0.27948595157797473,0.031228528151834,9.531887577304417,-20.02884529333071,1.382610543180264,2.23134603189502,0.4243677443573778,-1,2.23134603189502,-3,83.84578547339243,-6100.746281562839,17.64515324665881,1130.6942992335034
160,volatile,92.53162704173145,0.09365079365079365,1.753308449906715,0.2792177702534208,0.031241000337832597,9.519198602783966,-20.035174183125672,1.4046599937249988,2.2519569060884312,0.42364845618171615,0,,-3,83.76533107602624,-6093.303194187142,17.646642161917,1131.6466449948612
161,volatile,92.92992912709009,0.09349206349206349,1.863748857357411,0.2915591260194433,0.03178149174471477,9.750880451096682,-20.573230034673472,1.4934540813153585,2.3840436333994637,0.44529477604205253,0,,-3,87.467737805833,-6437.436402066745,17.71545504091712,1131.8096159289908
162,volatile,92.82363186746683,0.09333333333333332,1.8296920519524207,0.28797835459428145,0.03166082187729559,9.675193765057239,-20.442975306201987,1.4660724097697462,2.343311694135095,0.4386196421826744,0,,-3,86.39350637828443,-6337.742282308028,17.735397853431365,1132.709133903767
163,volatile,92.5433082864815,0.09317460317460316,1.7470179185663142,0.27894060108406515,0.031301657301464655,9.491580215934338,-20.07707425568527,1.3996024065273165,2.2444334306053118,0.4224155120389976,0,,-3,83.68218032521955,-6086.877382530634,17.785580869990156,1133.243053821201
164,volatile,92.64487570575842,0.09301587301587301,1.7723016049641842,0.2819134780456656,0.031455035489605127,9.542752248191478,-20.222984625996027,1.419930490391204,2.2746727195371643,0.4273711145729801,0,,-3,84.57404341369967,-6169.520452818425,17.802106178985916,1134.1408056879427
165,volatile,92.95487815704729,0.09285714285714285,1.8579372962257672,0.29151954242576616,0.03187938351893215,9.719707587311035,-20.64522385077798,1.488781586165517,2.3770930062860174,0.44415571006025034,1,1.488781586165517,-2,58.30390848515323,-3876.9698074210405,18.31049361727636,1171.0754426508602
166,volatile,93.24962413470615,0.0926984126984127,1.9419129217054518,0.30076634245877465,0.03226482050844363,9.882784550165674,-21.039456876531098,1.5312979890511833,2.4525278543597206,0.46061493265426856,0,,-2,60.15326849175493,-4049.456423351508,18.344984042377433,1171.4306696376116
167,volatile,94.13330205310199,0.09253968253968253,2.2169106571998363,0.32953652467284705,0.033262212002122545,10.364522910838891,-22.144264621822227,1.7523961683886682,2.7814251460110038,0.5145144888111679,0,,-2,65.90730493456941,-4591.211203137619,18.453313332476636,1169.4789083341348
168,volatile,94.22653445847655,0.09238095238095237,2.2442454133410834,0.3324559521526381,0.033375108195365634,10.402438364230429,-22.26716351241884,1.7743733123262309,2.8141175143559356,0.5198721010148523,0,,-2,66.49119043052762,-4646.2397134436915,18.46431683383758,1170.1456501753291
169,volatile,93.95859164323196,0.09222222222222222,2.152876276552714,0.3233571875518394,0.03312505177068127,10.248227132940764,-21.9606966360852,1.700912526348382,2.704840026757046,0.5019637502043319,0,,-2,64.67143751036788,-4475.2924882111265,18.498513118140952,1170.5694444957799
170,volatile,93.90086318720066,0.09206349206349206,2.130788844125316,0.32125315209338157,0.0330843371286029,10.205461471355584,-21.903015785262316,1.6831542306767542,2.678423457573878,0.49763461344856197,0,,-2,64.25063041867631,-4435.786241895821,18.50641594796998,1171.2456459146324
171,volatile,93.86720099942004,0.0919047619047619,2.116522381951956,0.31994544725621776,0.03306841236257366,10.175662436478774,-21.874208024066668,1.6716839950893725,2.6613607688145393,0.49483838686258336,0,,-2,63.98908945124355,-4411.24103335994,18.5113259716819,1171.931211539416
172,volatile,93.91500333787864,0.09174603174603174,2.1283719459976354,0.3213333581170862,0.03313998058150765,10.190443648354883,-21.945228379404128,1.6812110445820987,2.6755328474131717,0.4971609014155365,0,,-2,64.26667162341724,-4437.315377812292,18.516539797807145,1172.614913015761
173,volatile,93.90042698476176,0.09158730158730158,2.1202100720748227,0.3206556400269519,0.03314465629592713,10.171090400601514,-21.939849751079493,1.6746488979481573,2.665771246201488,0.4955611741266652,0,,-2,64.13112800539038,-4424.590319725233,18.519085318528703,1173.3079685803723
174,volatile,93.97758945045481,0.09142857142857141,2.1415528989761796,0.323022743065979,0.033247577668758556,10.201737439001832,-22.046945990386828,1.6918085307768482,2.6912972671755107,0.49974436819933116,0,,-2,64.6045486131958,-4469.090145428459,18.527983504032246,1173.97902097917
175,volatile,93.22776688154221,0.09126984126984126,1.9052621928864433,0.29820076902681114,0.03239790864387064,9.766038484829583,-21.10720435077701,1.5018308030807004,2.408693582692186,0.4534313898057429,0,,-2,59.64015380536223,-4006.363267464183,18.620547392402777,1172.7026497041606
176,volatile,93.59772101130594,0.0911111111111111,2.01438306028027,0.3100683020625494,0.03286455385648429,9.96811935031297,-21.597394819454177,1.589563980465337,2.539202140095203,0.47481907981493293,0,,-2,62.01366041250987,-4228.562507660326,18.664978354249637,1172.8981664635858
177,volatile,93.33946247479898,0.09095238095238095,1.9320216979517575,0.3014130642802869,0.03257320971222387,9.80818876545008,-21.27540903394442,1.5233454451532131,2.440697950750302,0.45867625279854446,0,,-2,60.28261285605738,-4067.0197742324244,18.697293363937156,1173.3225667380266
178,volatile,92.81562193981101,0.09079365079365079,1.7753014464370658,0.2843085502571423,0.0319083533357325,9.483870753928349,-20.584880974075954,1.397342362935401,2.2532605299387307,0.4279590835016649,0,,-2,56.86171005142846,-3749.5700554694286,18.760796008218612,1173.0246382276937
179,volatile,93.09837881276391,0.09063492063492062,1.8536433238883632,0.2931721373478598,0.03230289973572575,9.64283868623072,-20.977703432178085,1.460329232406244,2.346957415370482,0.44331409148211914,0,,-2,58.63442746957196,-3914.640180615281,18.793803431763074,1173.4012946387866
180,volatile,93.68631005168315,0.09047619047619047,2.028181582925015,0.3121788211553601,0.033045580777936415,9.972029624283286,-21.75782321841705,1.600657992671712,2.5557051731783176,0.4775235902533029,0,,-2,62.43576423107202,-4270.844621706927,18.865030074652825,1172.8954277740722
181,volatile,93.90663191359711,0.09031746031746031,2.094266790768131,0.31928913731418473,0.03331503543579309,10.082961795793734,-22.048105832216617,1.6537904997775774,2.6347430817586845,0.4904762909905537,0,,-2,63.857827462836944,-4404.412498403828,18.891738308345467,1173.4076417971673
182,volatile,93.97803728649804,0.09015873015873016,2.113635929237706,0.32147386599617195,0.0334140872259705,10.110525435648535,-22.149799753458595,1.6693632871071153,2.6579085713682957,0.4942726421305903,0,,-2,64.29477319923438,-4445.484013771705,18.899950968886934,1174.0853934253373
183,volatile,93.558470842949,0.09,1.978251316076964,0.30734773723274045,0.03295325627997008,9.86485422084397,-21.62910534500881,1.5605140581258787,2.4959885740280487,0.4677372579510849,-1,2.4959885740280487,-3,92.20432116982214,-6807.60202134103,19.44218589489616,1225.417877596591
184,volatile,94.85248632945954,0.08984126984126983,2.400273932410599,0.35072312628873714,0.034310362408865605,10.538583052219517,-23.213428007302067,1.9248202416581217,3.0257276231630765,0.5504536907524773,0,,-3,105.21693788662114,-8042.127926391552,19.689041704744294,1217.8780564035933
185,volatile,95.25197332835415,0.08968253968253967,2.5393746012870224,0.3643262649542708,0.03465487472432293,10.71528660140252,-23.666138139878797,2.0366571794347665,3.1920920231392786,0.5777174218522563,0,,-3,109.29787948628125,-8430.923410345029,19.766785252825375,1218.1029109417923
186,volatile,94.73275675473646,0.08952380952380952,2.3511966485834677,0.34625822118650795,0.03425316353584309,10.457387240315885,-23.107659661366203,1.8853621054611083,2.9670311917058276,0.5408345431223596,0,,-3,103.87746635595238,-7917.5354298951215,19.869483388542502,1217.704328126596
187,volatile,94.37873895275476,0.08936507936507936,2.2271516022458115,0.33399984832293483,0.03394094703897733,10.26653136935954,-22.706636272973686,1.7856298882056327,2.8186733162859907,0.516521714040179,-1,2.8186733162859907,-4,133.59993932917394,-10441.418649940062,20.4505172920965,1276.7145072135936
188,volatile,94.41696604068865,0.0892063492063492,2.236331631986033,0.3351081236963247,0.034001576195622475,10.274921069239205,-22.766591731907575,1.8180106321167708,2.854652631855296,0.5183209998692624,0,,-4,134.04324947852987,-10483.283020457158,20.458888491959947,1278.1412607463408
189,volatile,93.71572225154686,0.08904761904761904,2.0061634002674893,0.3113188331586727,0.033259417293050514,9.88428951630832,-21.9050872893282,1.6329553738150615,2.5793714267199173,0.4732080264524279,0,,-4,124.52753326346908,-9591.689157065548,20.63724293552698,1276.0332028169887
190,volatile,93.79033711378489,0.08888888888888888,2.025991804017842,0.3135994648798134,0.033367547688004144,9.914516907327423,-22.013878121185243,1.648897410430345,2.603086197605339,0.477094393587497,0,,-4,125.43978595192536,-9677.266756346255,20.654355032963636,1277.3763339587058
191,volatile,93.58335594032187,0.08873015873015873,1.9583431733060053,0.3065095596940366,0.03313946995769474,9.785829466175946,-21.75640496665841,1.5945079113380283,2.5221784352739824,0.46383526196797703,0,,-4,122.60382387761464,-9411.920987882428,20.70743480261033,1278.4190323785133
192,volatile,94.13330519262048,0.08857142857142856,2.128385939819566,0.3247150030529714,0.033796325324450115,10.079368976403526,-22.475015475354837,1.731222295614931,2.725549584024201,0.4971636442046349,0,,-4,129.88600122118856,-10097.553509316327,20.844533887080214,1277.6907079590674
193,volatile,94.5668338694904,0.0884126984126984,2.2686970483264375,0.3392762312842629,0.03426360968162001,10.294589989727402,-23.017670721923853,1.844032426854456,2.893361669798419,0.5246646214719817,0,,-4,135.71049251370516,-10648.467370490125,20.954694627166955,1277.7654100695745
194,volatile,93.34617985654612,0.08825396825396825,1.8763579363865546,0.298041719086939,0.03289702911788148,9.61319200782916,-21.47436761807344,1.52859178085479,2.424124091918319,0.4477661555317647,1,1.52859178085479,-3,89.4125157260817,-6480.471628217549,21.839042480809294,1302.937765259564
195,volatile,93.36374859774722,0.08809523809523809,1.8781859255208886,0.2984049242306119,0.03293872068718165,9.611680339704211,-21.509517008463416,1.5050614841187944,2.4013103669229827,0.4481244414020941,0,,-3,89.52147726918356,-6490.646720946158,21.84107709243269,1303.9581992565718
196,volatile,92.64249747761184,0.08793650793650792,1.6681890613841617,0.27477447668764204,0.0319496108873537,9.163025472475304,-20.51171747418994,1.336224005352866,2.1501541174154575,0.4069650560312957,0,,-3,82.43234300629261,-5834.0229688984455,21.972428113046355,1302.2584417204034
197,volatile,93.13489811110252,0.08777777777777777,1.8040233721191683,0.29046175545726494,0.03266987018339466,9.452364812583143,-21.217625141506925,1.4454347911838112,2.312611953054525,0.43358858093535696,1,1.4454347911838112,-2,58.09235109145299,-3712.137161536583,22.445808646449084,1337.4833639764524
198,volatile,93.20881645999161,0.08761904761904761,1.8221981866266077,0.2926611420188862,0.03278864997474814,9.484613705368442,-21.3308706473805,1.4350473420477927,2.309349031205423,0.4371508445788151,1,1.4350473420477927,-1,29.26611420188862,-1169.3398441544118,23.003180531143414,1376.3002043239173
199,volatile,93.45278847060455,0.08746031746031746,1.8911386112619901,0.3004852185988435,0.03313075758384011,9.61635620292369,-21.676406143457296,1.46547544345464,2.3668017790693403,0.45066316780735005,1,1.46547544345464,0,0.0,1418.5455913698036,23.570180527116545,1418.5455913698036
200,volatile,92.97638855604228,0.0873015873015873,1.7483864033535035,0.28462909087101246,0.0325014878427179,9.32082437944301,-21.026965196666115,1.3257026682962167,2.17107013841079,0.4226837350572867,0,,0,0.0,1418.5455913698036,23.570180527116545,1418.5455913698036
201,volatile,93.79277385742346,0.08714285714285713,1.9881927431804272,0.31140430184110734,0.03359732008449721,9.787207333871752,-22.155899323806697,1.5185069655170635,2.4578785208437908,0.4696857776633637,0,,0,0.0,1418.5455913698036,23.570180527116545,1418.5455913698036
202,volatile,94.70317790116464,0.08698412698412697,2.282064762906554,0.34226988295097305,0.034609835507155566,10.26011541380862,-23.315196926172526,1.7547800693768694,2.8093494564362387,0.5272846935296845,0,,0,0.0,1418.5455913698036,23.570180527116545,1418.5455913698036
203,volatile,94.22056334363602,0.08682539682539682,2.11728452197206,0.3254829257057588,0.03413584741122619,9.998444843049144,-22.736092025077966,1.6222967556655363,2.6122722882785836,0.49498776630652375,0,,0,0.0,1418.5455913698036,23.570180527116545,1418.5455913698036
204,volatile,94.38780334911958,0.08666666666666667,2.168553145965081,0.3310094875403358,0.03433934242169029,10.075333311848484,-22.960471880249916,1.6635167293559252,2.6735895625742367,0.5050364166091559,0,,0,0.0,1418.5455913698036,23.570180527116545,1418.5455913698036
205,volatile,94.08295881463476,0.0865079365079365,2.0656529322065715,0.3203869556426906,0.0340257529599565,9.900775844728182,-22.587692730644154,1.5807849574940835,2.5505209069190595,0.484867974712488,0,,0,0.0,1418.5455913698036,23.570180527116545,1418.5455913698036
206,volatile,94.07126478801807,0.08634920634920634,2.0583246145188525,0.3197835483187129,0.03403439334689174,9.88266165471678,-22.586212518894307,1.5748929900731574,2.5417562389645476,0.48343162444569504,0,,0,0.0,1418.5455913698036,23.570180527116545,1418.5455913698036
207,volatile,93.50191061269739,0.08619047619047618,1.8782686948911937,0.30038379546818783,0.03335130241935373,9.549852103766842,-21.838129622307772,1.43012803069252,2.3264093590898676,0.44814066419867393,0,,0,0.0,1418.5455913698036,23.570180527116545,1418.5455913698036
208,volatile,94.34039479156118,0.08603174603174603,2.1383402564182816,0.32858378983589864,0.03438153025162025,10.003751953334035,-22.95896851515398,1.6392255661602984,2.637454946676265,0.49911469025798316,0,,0,0.0,1418.5455913698036,23.570180527116545,1418.5455913698036
209,volatile,93.90259362231816,0.08587301587301586,1.9942098870200269,0.3134289917492883,0.033899922438012105,9.754256965122382,-22.40509722284238,1.5233447491641017,2.465075024875952,0.47086513785592526,-1,2.465075024875952,-1,31.342899174928828,-1278.735066216068,24.17881643195027,1465.0234692505626
210,volatile,93.76850486134347,0.08571428571428572,1.9489579372699133,0.30868042899213255,0.03375546926305522,9.667071690748784,-22.23854191223822,1.5119621815650102,2.4359536929748162,0.461995755704903,1,1.5119621815650102,0,0.0,1508.4377139216126,24.78661179068085,1508.4377139216126
211,volatile,93.9928245559664,0.08555555555555555,2.015474125591666,0.3160738746814315,0.03405228878919451,9.780645577048238,-22.55145052703686,1.5404411969756997,2.4905070542076326,0.4750329286159665,0,,0,0.0,1508.4377139216126,24.78661179068085,1508.4377139216126
212,volatile,93.70080265292306,0.08539682539682539,1.9211021244005337,0.30596572719075077,0.03371123723024089,9.604762643000484,-22.17214820767246,1.4645661080180292,2.3776381407830383,0.4565360163825046,0,,0,0.0,1508.4377139216126,24.78661179068085,1508.4377139216126
213,volatile,93.59243661928761,0.08523809523809522,1.8846467255297874,0.3021010743780732,0.03359080500767184,9.53057827877823,-22.035830042407884,1.435255967325949,2.3340374837336255,0.4493907582038383,0,,0,0.0,1508.4377139216126,24.78661179068085,1508.4377139216126
214,volatile,93.3391524848667,0.08507936507936507,1.8057607014367676,0.29341147178737065,0.03326746371038362,9.37033753230089,-21.693352212740802,1.3718316039551612,2.239689798918374,0.4339290974816064,0,,0,0.0,1508.4377139216126,24.78661179068085,1508.4377139216126
215,volatile,93.27846347225815,0.08492063492063492,1.7845844506183077,0.29116881300382835,0.03320150613256635,9.322177792439714,-21.61853962224473,1.3548058982971194,2.214363002939496,0.4297785523211883,0,,0,0.0,1508.4377139216126,24.78661179068085,1508.4377139216126
216,volatile,92.75612699550551,0.08476190476190476,1.633679790642919,0.2737892437864791,0.032444955793864985,8.991180244605658,-20.86724567979551,1.233478551676907,2.0338810296089314,0.4002012389660121,0,,0,0.0,1508.4377139216126,24.78661179068085,1508.4377139216126
217,volatile,92.56077061574334,0.0846031746031746,1.5775439797837585,0.26724113273272876,0.03215268044448328,8.856076589551256,-20.583542423976926,1.1883453597461417,1.9667425998213752,0.3891986200376166,0,,0,0.0,1508.4377139216126,24.78661179068085,1508.4377139216126
218,volatile,92.46807389811275,0.08444444444444443,1.5496639136632062,0.26402596647979504,0.03201800994370803,8.784815350808763,-20.451763799294056,1.1659297865852178,1.9333980407411946,0.38373412707798843,0,,0,0.0,1508.4377139216126,24.78661179068085,1508.4377139216126
219,volatile,92.31939483423655,0.08428571428571427,1.5075509296280458,0.2590393651225507,0.03178707558380692,8.677088775678618,-20.232421265499486,1.132070947420949,1.8830309118351427,0.37547998220709694,1,1.132070947420949,1,-25.903936512255072,3786.168074666863,25.284898939208027,1545.4874249937952
220,volatile,92.34339598106035,0.08412698412698412,1.5105593043412426,0.2595582265610561,0.03184168724654523,8.680138862754262,-20.27774959716187,1.1094896806903591,1.8616289279921263,0.37606962365088353,1,1.1094896806903591,2,-51.91164531221122,6076.35893084183,25.78522696966292,1584.7731726162028
221,volatile,92.21284997198329,0.08396825396825397,1.4737584791498044,0.2551688287201417,0.03163525504405844,8.58327345110206,-20.083569778431333,1.0549018172364426,1.792615141063166,0.36885666191336164,0,,2,-51.03376574402834,5995.39096357213,25.801417325045783,1584.1736753426658
222,volatile,92.54491261221727,0.0838095238095238,1.5569750838741996,0.26552386453521537,0.032204876198741864,8.784230091233205,-20.604726132691507,1.1218079674348564,1.8921422003135426,0.3851671164393431,0,,2,-53.10477290704307,6187.01380825722,25.83974956042988,1583.8322570581158
223,volatile,92.40076810757509,0.08365079365079364,1.5157989209181402,0.2606535054758546,0.0319817140475582,8.679736901304846,-20.391760084999206,1.0887023324181846,1.8428955094180957,0.3770965884999555,-1,1.8428955094180957,1,-26.06535054758546,3872.3202713209657,26.359442239469683,1615.4417518226805
224,volatile,92.33927950110048,0.08349206349206348,1.4966097708577628,0.2584434350937387,0.03189287806204536,8.627708567979052,-20.304813987397107,1.0982742557696414,1.8449452859458844,0.3733355150881215,0,,1,-25.844343509373868,3851.9085591217004,26.36352376560431,1615.1214773729512
225,volatile,92.04480599503826,0.08333333333333333,1.4187303078971176,0.2488749298531413,0.03139702894415572,8.423439816868141,-19.850110212283287,1.0356591675492828,1.7518014482449527,0.35807114034783505,0,,1,-24.88749298531413,3763.8178236442004,26.381138389774975,1614.9263908977978
226,volatile,91.8120271491982,0.08317460317460316,1.3585519605330383,0.24135997170802048,0.03099134536101079,8.256840908545492,-19.485559873273488,0.9872757762685629,1.6798281447975139,0.3462761842644755,0,,1,-24.13599717080205,3694.807670248884,26.394937660599872,1614.6880387835386
227,volatile,91.25684660856021,0.08301587301587302,1.2263268085315104,0.2241804146357036,0.029954761908594654,7.869398229000633,-18.5877908156297,0.8809667540593344,1.5216868630036866,0.320360054472176,0,,1,-22.41804146357036,3538.0010947496503,26.4262927046909,1614.8340044974184
228,volatile,91.48273531540194,0.08285714285714285,1.2747249205415798,0.2307366760896547,0.03039900253076993,8.010343991759502,-18.96355834975127,0.9198788361154303,1.5795710049677294,0.3298460844261496,1,0.9198788361154303,2,-46.14733521793094,5616.379746749746,26.88045684464122,1649.64027760496
229,volatile,90.9826607322358,0.08269841269841269,1.1602207735667989,0.21551296522831453,0.029428998308639997,7.655499230962223,-18.141977884532906,0.8028175019477063,1.4176240451858915,0.30740327161909253,0,,2,-43.10259304566291,5339.305598924338,26.93586059345654,1649.7611538845226
230,volatile,90.65731798456652,0.08253968253968252,1.0888576229313678,0.20577882151662313,0.028772034770390056,7.4169047320407,-17.60013911503817,0.7454415288368197,1.3322737170259158,0.29341609409454805,1,0.7454415288368197,3,-61.73364645498693,6953.444971090522,27.293668860119844,1683.4954409533739
231,volatile,90.81233308042164,0.08238095238095237,1.1182681537535828,0.2099971794173377,0.029097162975143098,7.511915921051683,-17.863732215145838,0.7440875956178806,1.342448711889285,0.2991805581357022,0,,3,-62.99915382520132,7068.345663174795,27.31665359548377,1682.7259683419688
232,volatile,90.98648536886465,0.08222222222222222,1.1524005196329377,0.21482957224959254,0.029458494260912908,7.619686972827349,-18.159480648183358,0.771530017784882,1.3832710214809936,0.30587050184805575,0,,3,-64.44887167487776,7200.224014146979,27.343034541867485,1681.9678503507594
233,volatile,90.81132053827065,0.08206349206349206,1.1123840674873193,0.20943310301909934,0.029107642860232184,7.485496471714914,-17.868219123387227,0.7393567902598048,1.335411344714834,0.29802727722751454,0,,3,-62.8299309057298,7053.176461397586,27.3724381716914,1681.2226867661548
234,volatile,89.93661613355422,0.0819047619047619,0.937493266921722,0.18450734272615332,0.027245947451562794,6.859109718054878,-16.381233587782297,0.5987445866050645,1.1262419472383796,0.2637486803166575,1,0.5987445866050645,4,-73.80293709046133,7979.959672795381,27.589813180704862,1717.3705569303993
235,volatile,90.11682869152749,0.08174603174603173,0.9685391799100458,0.18918136278136977,0.02764252754579993,6.973323728654422,-16.69029656465697,0.5987055006476769,1.1383728591724147,0.26983367926236895,0,,4,-75.67254511254791,8148.409122012894,27.6235098098742,1716.4550094175465
236,volatile,90.22785000851694,0.08158730158730158,0.9870336888625602,0.19199183355786992,0.027886673515371777,7.038564523111905,-16.881444541733764,0.6135750858454985,1.1604922918796219,0.27345860301706176,0,,4,-76.79673342314797,8249.821929664191,27.64379642872823,1715.431260761361
237,volatile,89.61877422816879,0.08142857142857142,0.8726727484727093,0.17514129960161734,0.026539492760027285,6.595550187567258,-15.834315379480184,0.5216288897720582,1.0237166071733603,0.251043858700651,-1,1.0237166071733603,3,-52.54238988048521,6178.094323471589,28.0985253363287,1731.111571905777
238,volatile,89.94886363241326,0.08126984126984127,0.9293407293201152,0.18375035781930527,0.027278548143873073,6.815937858122374,-16.40288107354415,0.5921899463733727,1.1164915122668577,0.26215078294674254,0,,3,-55.12510734579158,6410.360362059266,28.144987836546278,1730.7218174865511
239,volatile,89.64642449576297,0.0811111111111111,0.8724839847306658,0.17532822974900625,0.026601166207853768,6.589167827505805,-15.880251927263082,0.5464771237234554,1.0484908457378763,0.2510068610072105,0,,3,-52.598468924701876,6183.810960794865,28.19028865663514,1730.2914831630433
240,volatile,89.1633583272228,0.08095238095238094,0.7884617339916282,0.16247030453589612,0.02549288858121808,6.234549919576678,-15.043793486883292,0.4789232341292691,0.9480002338539875,0.23453849986235914,-1,0.9480002338539875,2,-32.494060907179225,4485.655932849996,28.568803963839752,1746.0686834748985
241,volatile,89.20321034510981,0.08079365079365078,0.7925581246979103,0.16321369430021337,0.025582349513918325,6.2497439769014616,-15.110333871180593,0.5072167322571199,0.9778995171387006,0.2353413924407904,0,,2,-32.64273886004268,4498.915831042815,28.571456473980344,1745.59035520952
242,volatile,89.12600303533804,0.08063492063492063,0.7776558342947943,0.16097084031121045,0.02539977601232781,6.182234967866089,-14.974266339917808,0.49523529077301465,0.960076377816574,0.23242054352177965,0,,2,-32.19416806224209,4458.928512892018,28.579452338437612,1745.122159315406
243,volatile,89.21148127437436,0.08047619047619048,0.7891081829145055,0.1628751117567162,0.025595807815998423,6.229617018405919,-15.120030679692857,0.5044429790632623,0.9737733867657485,0.23466520385124306,0,,2,-32.57502235134324,4492.898292857375,28.586247653493693,1744.6539329310922
244,volatile,88.52727403488547,0.08031746031746032,0.6813219263679517,0.1456390954892764,0.02397765118687532,5.735276826465926,-13.933794707444688,0.4177828287998332,0.8448610239360702,0.2135390975681185,0,,2,-29.12781909785528,4187.665751480482,28.647281954908788,1745.3237134396672
245,volatile,89.29766749648813,0.08015873015873015,0.7983942182702588,0.16453712780789803,0.025791111823128078,6.26447556789635,-15.265499456577945,0.511908951489288,0.9848794850512295,0.2364852667809707,-1,0.9848794850512295,1,-16.453712780789804,3154.139214642809,28.893635581252077,1764.7004634881498
246,volatile,89.03937157138836,0.07999999999999999,0.7543971183826716,0.1576772318541243,0.02518196690255665,6.06914347941669,-14.812768299125377,0.501535283179668,0.9572589535856753,0.22786183520300363,0,,1,-15.76772318541243,3093.046916149401,28.90585159774746,1764.5384644469357
247,volatile,88.38444502386601,0.07984126984126984,0.6542488098294488,0.14142131309032807,0.02361476002114826,5.596883245062503,-13.674380206490058,0.4210160431028768,0.8374815765560206,0.20823276672657193,0,,1,-14.142131309032807,2949.341144913117,28.934587004913283,1764.821598692558
248,volatile,88.64567735134503,0.07968253968253967,0.6897637391623945,0.14739707941499386,0.024235235942204635,5.766458119275256,-14.121191639168607,0.4495700462865652,0.8799574320382237,0.2151936928758293,1,0.4495700462865652,2,-29.479415882998772,4263.676203278051,29.226503800871193,1788.4061622401045
249,volatile,88.49421367400528,0.07952380952380952,0.6655155733424145,0.1434793078730618,0.02386457331142771,5.647603465754266,-13.854323133786705,0.40507452096730123,0.8259566257175277,0.21044105237511324,0,,2,-28.69586157461236,4194.322312882037,29.2403718053495,1788.0077218070965
250,volatile,88.63093796160807,0.07936507936507936,0.6831203731495918,0.14648878670737242,0.024187216152502727,5.73019799019848,-14.087103534342646,0.4192287800122718,0.8470119662869118,0.21389159313731998,-1,0.8470119662869118,1,-14.648878670737242,3033.757239755543,29.509371259409725,1803.7254203972661
251,volatile,88.48593660145599,0.0792063492063492,0.6599366415901269,0.14273160104368743,0.02383032296131074,5.615934388655341,-13.830583989034974,0.425589059838462,0.8442842233417918,0.20934758175166485,0,,1,-14.273160104368742,3000.5047813500214,29.51602042125846,1803.5245054114305
252,volatile,88.45961857974858,0.07904761904761903,0.6540007766128078,0.1418296839177064,0.023759209465629018,5.5846312372483435,-13.780066352487575,0.4208166243966974,0.837184928828918,0.2081841522161103,0,,1,-14.18296839177064,2992.52486118964,29.517616086157556,1803.3049645862598
253,volatile,88.56275086747777,0.07888888888888888,0.6665393641564368,0.14401615707167947,0.024002281736225702,5.643573176610084,-13.954905621818092,0.43089764878177517,0.8521810795310983,0.2106417153746616,0,,1,-14.401615707167947,3011.88499610947,29.52148888770183,1803.0922285620443
254,volatile,88.2457249177272,0.07873015873015873,0.6199485838106913,0.13625428451027416,0.023222046199054835,5.410190513586907,-13.39856495667255,0.3934386613837958,0.7964585062375867,0.20150992242689547,-1,0.7964585062375867,0,0.0,1820.375652464054,29.795665091314945,1820.375652464054
255,volatile,88.53193117794956,0.07857142857142857,0.6577006611501321,0.14272314918122053,0.023913025644439416,5.596063722471847,-13.891635207858146,0.44879133156470624,0.866609990735558,0.2089093295854259,0,,0,0.0,1820.375652464054,29.795665091314945,1820.375652464054
256,volatile,88.33197507385539,0.0784126984126984,0.627487863758935,0.13771410090396002,0.02341619260851096,5.4440506892909175,-13.537465713220081,0.4245002424621837,0.8304754850556861,0.20298762129675124,0,,0,0.0,1820.375652464054,29.795665091314945,1820.375652464054
257,volatile,87.96394632542166,0.07825396825396824,0.5763233827638938,0.12898928704114238,0.022501578486863908,5.17740765086298,-12.893806269103342,0.38336399974217067,0.7692827657856169,0.19295938302172316,1,0.38336399974217067,1,-12.898928704114237,2916.4329965395455,30.042593225751773,1839.4246626317895
258,volatile,87.99538464909055,0.07809523809523808,0.5783349857712405,0.12942390327301623,0.022568950709430047,5.186081124550668,-12.941667041646937,0.35998132856007736,0.7466886429824037,0.19335365721116315,1,0.35998132856007736,2,-25.884780654603247,4022.8813620554847,30.291132233227657,1860.807128950582
259,volatile,88.18206194191143,0.07793650793650793,0.6007862866797993,0.13340379931690627,0.02302048060564802,5.3015080454364725,-13.259341441626999,0.35303217449055857,0.7485403988690399,0.19775411218924066,0,,2,-26.680759863381255,4093.058411730842,30.305170450806244,1860.4512501368517
260,volatile,88.08439366796605,0.07777777777777778,0.5857891709635314,0.13089150437211872,0.022769080834124444,5.221347096520888,-13.083316338910727,0.34097449345467923,0.7306038484723836,0.19481467750885215,0,,2,-26.178300874423744,4048.7907645864234,30.314022209883312,1860.0488389979282
261,volatile,87.72040644288437,0.07761904761904762,0.5376582882690535,0.12249598588534794,0.021854316429983194,4.9600996738412375,-12.447825861575446,0.30227726376831904,0.673039312769788,0.18538102450073446,1,0.30227726376831904,3,-36.74879576560438,4945.6056967447585,30.51947183151467,1883.2838823801103
262,volatile,87.98007347172533,0.07746031746031745,0.5681640670579782,0.1279792019419544,0.02248935683029838,5.123993204346422,-12.889226996832448,0.3018039099146145,0.6845242242013418,0.1913601571433637,0,,3,-38.39376058258632,5090.300877376141,30.548416656605966,1882.8642205817582
263,volatile,87.24072298455478,0.07730158730158729,0.47767692924569616,0.11176569042276008,0.02063466482150953,4.613260078874299,-11.617142805704175,0.22467692924569616,0.5806769292456961,0.178,-1,0.5806769292456961,2,-22.353138084552015,3748.673187349112,30.848295757376132,1894.1046457283478
264,volatile,86.81022851009115,0.07714285714285714,0.429711717700453,0.10285211115658494,0.019550913000606535,4.319049270746896,-10.892625495698235,0.20171171770045304,0.557711717700453,0.178,0,,2,-20.570422231316986,3593.8842651671,30.87924735149371,1894.1035542575037
265,volatile,86.8256610505898,0.07698412698412697,0.4295690381492481,0.10289298629246502,0.019573229477735755,4.316616541322199,-10.908713104213918,0.2015690381492481,0.5575690381492481,0.178,0,,2,-20.578597258493005,3594.5939253453366,30.879389311921443,1893.757422512676
266,volatile,86.2607436291544,0.07682539682539682,0.37290617642363433,0.09197782313464048,0.01816413900379558,3.945750507627707,-9.985230444341727,0.14490617642363435,0.5009061764236343,0.178,1,0.14490617642363435,3,-27.593346940392145,4185.059812131181,31.02040881670804,1916.7090387627923
267,volatile,86.27131670626328,0.07666666666666666,0.3722928777339751,0.0919177594595672,0.01817191132158328,3.940248747306511,-9.991691484589065,0.11929287773397512,0.4752928777339751,0.178,1,0.11929287773397512,4,-36.76710378382688,4964.384319967587,31.198695233113284,1941.3550161545968
268,volatile,86.24767123342384,0.0765079365079365,0.3685453190673105,0.09123669625240194,0.01809573557573978,3.913461647248203,-9.943712615746241,0.0905453190673105,0.4465453190673105,0.178,-1,0.4465453190673105,3,-27.37100887572058,4198.465469101015,31.380773494015763,1948.3432899809332
269,volatile,86.61858125564805,0.07634920634920633,0.40197923509643907,0.09785900372994366,0.018993260518559256,4.134374190759317,-10.530893792871982,0.14897923509643907,0.504979235096439,0.178,0,,3,-29.357701118983098,4370.515515711314,31.415190386716365,1948.1868663865785
270,volatile,86.23906729241821,0.07619047619047618,0.364611927745238,0.09057655565958223,0.018037763754956828,3.8839629706119307,-9.90903143049041,0.11161192774523798,0.46761192774523797,0.178,0,,3,-27.172966697874667,4182.06837506153,31.45287227846797,1948.080649792449
271,volatile,85.98004829410307,0.07603174603174603,0.3402416427955721,0.08573890280550045,0.017384857310199873,3.7131719451981136,-9.490001701463918,0.08724164279557212,0.4432416427955721,0.178,-1,0.4432416427955721,2,-17.14778056110009,3364.234157946197,31.645265476107422,1957.9154857252436
272,volatile,86.1163196470936,0.07587301587301587,0.3505484050216072,0.08788007558260358,0.01769871101397627,3.784282105299727,-9.693059887823306,0.12254840502160724,0.4785484050216072,0.178,0,,2,-17.576015116520715,3401.1047662079586,31.652641072879128,1957.632711315833
273,volatile,85.10806207252222,0.0757142857142857,0.2692290344730113,0.07103407558399966,0.015258950411091111,3.1800027178271724,-8.153297124595637,0.041229034473011295,0.3972290344730113,0.178,-1,0.3972290344730113,1,-7.103407558399965,2549.3260748707303,31.850901739702667,1971.6917269113037
274,volatile,86.37963264228738,0.07555555555555554,0.371102265309438,0.09211400172862677,0.018310980991547557,3.9226929700945097,-10.091989227517805,0.168102265309438,0.524102265309438,0.178,-1,0.524102265309438,0,0.0,1988.0038480515573,31.993619686783273,1988.0038480515573
275,volatile,86.09020389818345,0.07539682539682539,0.34367106936420644,0.08666719674977341,0.017576575255000896,3.732315836634449,-9.618961675422046,0.16567106936420645,0.5216710693642064,0.178,1,0.16567106936420645,1,-8.66671967497734,2717.3871811295444,32.16284361957271,2005.6346241187675
276,volatile,85.78893598709884,0.07523809523809523,0.3168962525740646,0.08123820093656592,0.016819633137859478,3.5391622311525914,-9.13707789872653,0.1138962525740646,0.4698962525740646,0.178,0,,1,-8.123820093656592,2670.8030887447103,32.17215857505858,2005.5588320167042
277,volatile,86.14236009981707,0.07507936507936508,0.3451389037507937,0.0870831155077651,0.017666107803066683,3.7400602345926823,-9.679495781515394,0.1421389037507937,0.49813890375079367,0.178,0,,1,-8.708311550776509,2721.142492424486,32.18222846977348,2005.501873331179
278,volatile,86.12494755732166,0.07492063492063492,0.34209408660516694,0.08652379931292764,0.01760342868093386,3.7174081935218086,-9.640703093440269,0.13909408660516692,0.4950940866051669,0.178,0,,1,-8.652379931292764,2716.3244212080936,32.18319189133244,2005.3480620399985
279,volatile,85.39337798547625,0.07476190476190475,0.28199613369828214,0.07406334207335646,0.01580200979484044,3.273592886589627,-8.500788817086086,0.07899613369828212,0.4349961336982821,0.178,-1,0.4349961336982821,0,0.0,2020.8003134411006,32.35096308132181,2020.8003134411006
280,volatile,85.64908506760416,0.07460317460317459,0.30004821849966046,0.07793981248441428,0.016396263128889352,3.4098183256235033,-8.875417093762302,0.12204821849966047,0.47804821849966045,0.178,0,,0,0.0,2020.8003134411006,32.35096308132181,2020.8003134411006
281,volatile,85.99956570634285,0.07444444444444444,0.326894846517785,0.08358600964450213,0.017233386845089304,3.605612435843629,-9.408227948509733,0.148894846517785,0.5048948465177849,0.178,-1,0.5048948465177849,-1,8.358600964450213,1352.2899780269713,32.51473029189288,2038.4365462305295
282,volatile,85.81352651166581,0.07428571428571429,0.3101939355379022,0.08017595889277496,0.01675489290093815,3.4829084242593162,-9.105307720279955,0.15719393553790223,0.5131939355379023,0.178,1,0.15719393553790223,0,0.0,2053.688153731372,32.67818649698554,2053.688153731372
283,volatile,85.69693062421148,0.07412698412698412,0.29954326852022284,0.07799474670142625,0.016448451160772877,3.4026358377862125,-8.913062272594967,0.12154326852022285,0.47754326852022283,0.178,-1,0.47754326852022283,-1,7.799474670142626,1432.8977626629444,32.831864704928044,2071.3344755234293
284,volatile,85.89556731837868,0.07396825396825396,0.31390078016982237,0.08106161406345103,0.01691453799037932,3.5077659538345647,-9.209759493036,0.1609007801698224,0.5169007801698224,0.178,0,,-1,8.106161406345102,1406.5494628615718,32.83713331116707,2071.4427176169484
285,volatile,85.52168193273141,0.0738095238095238,0.28338451220375216,0.07466806325686381,0.01597867626122055,3.277851426805695,-8.620894610780148,0.1303845122037522,0.4863845122037522,0.178,0,,-1,7.466806325686381,1461.2172489673726,32.84806905553711,2071.4526333856547
286,volatile,85.7003817854698,0.07365079365079365,0.295574288046871,0.07731735503670717,0.016391960732296325,3.3694378184455736,-8.882194741974473,0.14257428804687106,0.49857428804687104,0.178,1,0.14257428804687106,0,0.0,2086.719991361603,32.99605068610301,2086.719991361603
287,volatile,85.78120887825597,0.07349206349206348,0.3004485980695035,0.07840344202393701,0.01656866853191048,3.404834229775265,-8.995315595913926,0.12244859806950353,0.4784485980695035,0.178,0,,0,0.0,2086.719991361603,32.99605068610301,2086.719991361603
288,volatile,85.50349376088585,0.07333333333333333,0.2779458448879293,0.07365565636943977,0.015867559266196783,3.232681169475092,-8.556179133302159,0.09994584488792929,0.4559458448879293,0.178,0,,0,0.0,2086.719991361603,32.99605068610301,2086.719991361603
289,volatile,84.93455512059371,0.07317460317460317,0.23731077957741764,0.06478865141624063,0.014486142990775134,2.9057990200462864,-7.70295678460746,0.05931077957741765,0.41531077957741763,0.178,1,0.05931077957741765,1,-6.478865141624063,2630.9383859883255,33.12610659180105,2104.3899354559053
290,volatile,84.84189458062123,0.073015873015873,0.2301686629766868,0.06323069175203544,0.014245536572777938,2.8451188105366736,-7.557527238915103,0.027168662976686825,0.38316866297668684,0.178,0,,1,-6.323069175203544,2617.7177174241983,33.12875019679287,2104.273415333272
291,volatile,84.48608722004747,0.07285714285714284,0.20743529363109214,0.05809121139746237,0.013402204685265854,2.6485146135538513,-7.047924574652125,0.004435293631092158,0.36043529363109217,0.178,0,,1,-5.809121139746237,2574.2875745822703,33.13743448850292,2104.2411886609575
292,volatile,84.89113863497413,0.07269841269841269,0.23088236231649706,0.0634809701457697,0.014312269944843248,2.849323510591651,-7.601555440097935,0.027882362316497072,0.3838823623164971,0.178,0,,1,-6.34809701457697,2620.0326994382904,33.14658534364515,2104.223751937221
293,volatile,84.94874454961484,0.07253968253968254,0.23334438610374075,0.06408077341649115,0.0144233290345357,2.8690537724988094,-7.671093464126143,0.030344386103740767,0.3863443861037408,0.178,1,0.030344386103740767,2,-12.816154683298231,3166.32174878457,33.27647601937163,2124.274375705467
294,volatile,85.26643450853493,0.07238095238095238,0.2531522614319819,0.06854631976031139,0.015155742349274018,3.030688557705721,-8.123303904673872,0.025152261431981904,0.3811522614319819,0.178,0,,2,-13.709263952062278,3242.4587613100102,33.291706467966435,2124.1491566676696
295,volatile,85.32042942239839,0.07222222222222222,0.2555743914376709,0.0691304926462396,0.01526231498081285,3.049164966207011,-8.190929440456552,0.02757439143767093,0.3835743914376709,0.178,0,,2,-13.826098529247922,3252.4251439316145,33.293700143225806,2123.8913584673255
296,volatile,85.4269067579088,0.07206349206349205,0.2616976588741169,0.0705290017140473,0.01549711465002839,3.0969850464832684,-8.338300203917553,0.03369765887411691,0.3896976588741169,0.178,0,,2,-14.10580034280946,3276.3144258666043,33.29847895537523,2123.6390670105657
297,volatile,85.10629561069207,0.07190476190476189,0.23862180783517584,0.06545203237652919,0.014699757165005758,2.909208077278019,-7.8471979305683295,0.010621807835175856,0.36662180783517584,0.178,0,,2,-13.090406475305837,3189.8807319354273,33.31576223750504,2123.529090350966
298,volatile,85.37794925006459,0.07174603174603174,0.2556438056802737,0.06929448327975113,0.015330524631875522,3.0467017162484953,-8.238184467773005,0.027643805680273692,0.3836438056802737,0.178,1,0.027643805680273692,3,-20.788344983925338,3844.19910784577,33.46720907816885,2146.0259865194394
299,volatile,86.10958539283118,0.07158730158730159,0.3091177806686165,0.08091529909005035,0.01712741676435994,3.454732702033498,-9.368966910889563,0.0561177806686165,0.4121177806686165,0.178,0,,3,-24.274589727015105,4144.338157433286,33.527248896049926,2146.7986346595217
300,volatile,85.98102469872727,0.07142857142857142,0.297402548050667,0.07848058248097634,0.01677973853517564,3.367022227955833,-9.149792276941014,0.04440254805066701,0.400402548050667,0.178,0,,3,-23.5441747442929,4081.523768397794,33.53980926178388,2146.392262612796
301,volatile,85.7363792503439,0.07126984126984126,0.27730873098158426,0.07420239463828154,0.016142876167537963,3.213664838143334,-8.74992318498818,0.02430873098158426,0.38030873098158424,0.178,0,,3,-22.260718391484463,3971.4628600020237,33.56181704190701,2146.1020848990815
302,volatile,85.67063511450142,0.0711111111111111,0.27109356801370943,0.07289952299792885,0.015955694002680824,3.1644681802983268,-8.634291065237484,0.018093568013709427,0.3740935680137094,0.178,1,0.018093568013709427,4,-29.159809199171537,4560.564784509582,33.70002694014845,2170.862837804359
303,volatile,85.47248452379166,0.07095238095238095,0.2556375255955148,0.06954414193930414,0.015441689081224645,3.041571502560197,-8.315533584862832,0.0,0.33363752559551474,0.178,0,,4,-27.817656775721655,4445.824738847244,33.722970360596825,2170.4355108344316
304,volatile,85.18494174946291,0.07079365079365078,0.23501913478984449,0.0649695771153398,0.014716266162117199,2.8727722790400807,-7.869090875780755,0.0,0.31301913478984444,0.178,0,,4,-25.987830846135918,4289.9199489007815,33.75414508364151,2170.155745993736
305,volatile,85.24034263277811,0.07063492063492063,0.2373800903746588,0.06555163320848334,0.014825450016303957,2.8913543278013556,-7.937926178046499,0.0,0.31538009037465875,0.178,0,,4,-26.220653283393336,4309.761844052337,33.758114256506396,2169.6564102704747
306,volatile,85.12072851991772,0.07047619047619047,0.2284138291064055,0.0635615475801557,0.014511273564364671,2.8158026324719385,-7.746711433799742,0.0,0.30641382910640547,0.178,-1,0.30641382910640547,3,-19.068464274046708,3731.461928067446,33.899874164303945,2176.864506036488
307,volatile,85.70813997004649,0.0703174603174603,0.26696597121479115,0.07225804306276279,0.015930254982467716,3.1268974693952702,-8.626759875663307,0.01396597121479115,0.36996597121479113,0.178,-1,0.36996597121479113,2,-14.451608612552558,3372.6572735098316,33.99901458655532,2187.429973995806
308,volatile,85.70724047283161,0.07015873015873014,0.265532939824241,0.07199492034456412,0.015903897007147734,3.1146115924312143,-8.611967767116793,0.037532939824240996,0.393532939824241,0.178,-1,0.393532939824241,1,-7.199492034456412,2790.3073562164614,34.1433263664545,2199.8120551194943
309,volatile,85.83926988625412,0.06999999999999999,0.2737789751404156,0.07386449158832975,0.016212482712105687,3.177629017340593,-8.806993898666962,0.07077897514041562,0.42677897514041563,0.178,1,0.07077897514041562,2,-14.77289831766595,3433.1751054719152,34.29334549963504,2219.8360948076815
310,volatile,86.23041733451838,0.06984126984126984,0.30243911885324515,0.08013951328371988,0.01719033130919109,3.3923522890517326,-9.426980941231532,0.07443911885324517,0.43043911885324515,0.178,0,,2,-16.027902656743976,3541.3730094776615,34.31498940921811,2219.7680981602416
311,volatile,86.10535810992964,0.06968253968253968,0.29108774366184864,0.07775111045197725,0.01684438375848719,3.3069151304656894,-9.208916020785368,0.06308774366184866,0.41908774366184864,0.178,-1,0.41908774366184864,1,-7.775111045197725,2872.5100848096095,34.477111324641875,2232.1401382845747
312,volatile,86.6986773708611,0.06952380952380952,0.33865574985396485,0.08793054672542688,0.018372890304429557,3.6485439666476,-10.18956503091097,0.13565574985396484,0.4916557498539648,0.178,1,0.13565574985396484,2,-17.586109345085376,3709.3549659969817,34.66723143989948,2252.393695649532
313,volatile,86.4354690466892,0.06936507936507935,0.3145946686037897,0.08291933660508116,0.017656551962788338,3.4770774713779944,-9.729746038465322,0.08659466860378973,0.4425946686037897,0.178,1,0.08659466860378973,3,-24.87580098152435,4330.6373973547725,34.813249023059754,2274.8642721857605
314,volatile,86.10063127972077,0.0692063492063492,0.286348327006019,0.0768942707215377,0.016761473644896233,3.2677920079265514,-9.161467057919387,0.033348327006018974,0.38934832700601896,0.178,0,,3,-23.068281216461312,4174.977678813708,34.84437474162426,2274.68860164007
315,volatile,85.94879924682498,0.06904761904761904,0.27345099224375335,0.07412319535786144,0.016346716570870556,3.1684179439838083,-8.901532594867136,0.020450992243753352,0.37645099224375334,0.178,0,,3,-22.23695860735843,4103.51220853857,34.85866497763208,2274.307615007889
316,volatile,85.90062336190938,0.06888888888888889,0.26849940770311953,0.07308381273101439,0.016198871493811603,3.1290331748319398,-8.810358739201224,0.015499407703119528,0.3714994077031195,0.178,-1,0.3714994077031195,2,-14.616762546202878,3485.931641597295,35.00958089599073,2284.042508886082
317,volatile,85.3252772853025,0.06873015873015872,0.22779670060337853,0.06394189639357367,0.014727406926614811,2.800352141672632,-7.898231077043858,0.0,0.35579670060337854,0.178,0,,2,-12.788379278714734,3329.893130853205,35.04078235784718,2284.2804629879292
318,volatile,85.30996461943097,0.06857142857142856,0.22557043231425045,0.06347654140619513,0.01466352553491519,2.7807677461127076,-7.860732295263658,0.0,0.35357043231425045,0.178,-1,0.35357043231425045,1,-6.347654140619513,2815.662248823516,35.17067396457806,2296.7011419023065
319,volatile,84.63066153665959,0.0684126984126984,0.18461723137027075,0.05385234371016373,0.013006013729613217,2.4216980762092115,-6.856878748058109,0.0,0.3376172313702708,0.178,0,,1,-5.385234371016373,2734.1957370016876,35.18696400893355,2296.9015127896423
320,volatile,85.19562666816536,0.06825396825396825,0.2159715905781816,0.06134148811597301,0.014329859922637158,2.6976652114442183,-7.65984875976411,0.012971590578181619,0.36897159057818163,0.178,0,,1,-6.134148811597301,2797.987211240801,35.19972485595078,2296.9817182188053
321,volatile,85.16162018741134,0.0680952380952381,0.21268721603791896,0.06061911150653321,0.01421998183470528,2.6686229181066152,-7.594509828504691,0.009687216037918972,0.365687216037919,0.178,1,0.009687216037918972,2,-12.123822301306642,3306.9867703544874,35.321742915706224,2317.0398635185275
322,volatile,84.89931288384824,0.06793650793650793,0.19612508211068835,0.05674309102966796,0.013558727953392557,2.5229817783335897,-7.194735965915729,0.0,0.32412508211068836,0.178,0,,2,-11.348618205933592,3241.159312453562,35.334905774714606,2316.8944410108074
323,volatile,84.52994291141074,0.06777777777777777,0.17501293666623585,0.051677076933457244,0.01266131602344527,2.3300804837643616,-6.657662385474128,0.0,0.30301293666623585,0.178,0,,2,-10.335415386691448,3155.4962067900497,35.35203497000825,2316.8467215205524
324,volatile,84.37354335853335,0.0676190476190476,0.16606241725773696,0.04951011508277303,0.012273628761345688,2.245113005619204,-6.42878977542152,0.0,0.29406241725773696,0.178,0,,2,-9.902023016554606,3118.922043487065,35.359348339994845,2316.6657586141473
325,volatile,84.28251426027309,0.06746031746031746,0.16060631491016863,0.04818993426657475,0.012038498611344178,2.1921954380196906,-6.291282850059468,0.0,0.28860631491016864,0.178,0,,2,-9.63798685331495,3096.6639610672523,35.36379906633354,2316.471459644444
326,volatile,83.86113800432538,0.06730158730158729,0.14043058976577338,0.04311493804361588,0.011076568179604843,1.9922123676478278,-5.728498162732136,0.0,0.2684305897657734,0.178,0,,2,-8.622987608723175,3011.5279455439104,35.38082286467854,2316.4805096323435
327,volatile,83.49170508536447,0.06714285714285714,0.12440431106409955,0.038978981248833866,0.010263930740163687,1.8255082001892184,-5.259700319412194,0.0,0.25240431106409955,0.178,0,,2,-7.795796249766774,2942.4505158293623,35.394635588076774,2316.4470566510645
328,volatile,83.4159648925958,0.06698412698412698,0.12066191224851375,0.03802003333200338,0.010078709663463548,1.7850845383254137,-5.15490407838727,0.0,0.24866191224851375,0.178,0,,2,-7.604006666400675,2926.4490030138995,35.39783525070734,2316.285832336059
329,volatile,83.207291155753,0.06682539682539682,0.11216588806283667,0.035779891138926656,0.009625968307604744,1.6923583858146964,-4.897714274618689,0.0,0.24016588806283667,0.178,-1,0.24016588806283667,1,-3.5779891138926656,2615.384578327539,35.48483405364528,2328.886385182041
330,volatile,83.58131977375238,0.06666666666666665,0.1253935491763407,0.03933074967554029,0.010364998937151586,1.8343408953336935,-5.322729224192919,0.0,0.27839354917634074,0.178,-1,0.27839354917634074,0,0.0,2344.0910703594504,35.564644664100335,2344.0910703594504
331,volatile,84.03691767491733,0.0665079365079365,0.14348766167518523,0.04406954232286975,0.01131741836019941,2.0199688406175724,-5.877450265773191,0.0,0.3214876616751852,0.178,-1,0.3214876616751852,-1,4.406954232286974,2005.798917141137,35.658714034103504,2361.7970009894475
332,volatile,84.04240058999491,0.06634920634920635,0.14279662017413353,0.043926399606611044,0.011300521714631499,2.012401912169069,-5.869253797499922,0.0,0.3457966201741335,0.178,-1,0.3457966201741335,-2,8.785279921322209,1672.3199846868915,35.75230703439778,2382.0966750950647
333,volatile,84.23220764679778,0.06619047619047619,0.15037037429094324,0.045900709528813755,0.011695263674841043,2.0871107084053993,-6.102537227726439,0.02237037429094324,0.3783703742909432,0.178,1,0.02237037429094324,-1,4.5900709528813755,2023.3639858666236,35.842981376988064,2394.958758054168
334,volatile,83.69452978353979,0.06603174603174602,0.1264651225008664,0.03973731928110896,0.010487987856990283,1.8434132344971343,-5.400224264880656,0.0,0.32946512250086635,0.178,-1,0.32946512250086635,-2,7.947463856221793,1775.238878688972,35.919180461056804,2415.1051046069597
335,volatile,83.94936581325754,0.06587301587301586,0.13603150367952432,0.042277397480828816,0.01100829545416483,1.9419858464271742,-5.703736184943525,0.008031503679524321,0.3640315036795243,0.178,0,,-2,8.455479496165763,1732.5827583743,35.927709979216104,2415.2085989885136
336,volatile,83.93611291624596,0.06571428571428571,0.13457071956006228,0.041929826851885066,0.010949919006414045,1.9264245377325504,-5.671425320554135,0.006570719560062277,0.36257071956006226,0.178,-1,0.36257071956006226,-3,12.578948055565519,1422.6426861374166,36.01693156373778,2438.099474628938
337,volatile,84.13013804577025,0.06555555555555555,0.14197623570134477,0.04388828567898323,0.011348916289288375,2.0010166140372987,-5.906067166036965,0.038976235701344786,0.39497623570134477,0.178,-1,0.39497623570134477,-4,17.555314271593293,1043.374200511483,36.12066403908192,2463.5147193369694
338,volatile,84.77622916832789,0.0653968253968254,0.17172642342071143,0.0514708685074623,0.012811499906584593,2.288170760201811,-6.773666983759551,0.09372642342071141,0.4497264234207114,0.178,0,,-4,20.58834740298492,786.1936628671309,36.172089861446324,2462.905551131444
339,volatile,83.8545714565708,0.06523809523809523,0.1285473566771569,0.040446268086672066,0.010683857215501307,1.862371992748573,-5.521880218050773,0.0505473566771569,0.4065473566771569,0.178,0,,-4,16.178507234668828,1155.9049633217476,36.24604691294755,2461.1278116210697
340,volatile,83.95843444805826,0.06507936507936507,0.13191016247574838,0.04136541383754094,0.01088017754588905,1.89666901703234,-5.63758028204449,0.0539101624757484,0.4099101624757484,0.178,0,,-4,16.546165535016378,1125.0307744096715,36.25222051600935,2461.4568638577657
341,volatile,83.51684103792917,0.0649206349206349,0.11386603141056995,0.03658170439182029,0.00990813203859172,1.7049288465141093,-5.077970304705375,0.03586603141056996,0.39186603141056997,0.178,-1,0.39186603141056997,-5,18.290852195910144,1018.4575168881647,36.30136265971313,2489.118696476965
342,volatile,83.75300172410269,0.06476190476190476,0.12193584647175593,0.038784181769959736,0.010375875143913057,1.791136605802939,-5.348669392380655,0.06893584647175593,0.4249358464717559,0.178,0,,-5,19.39209088497987,926.2070246546947,36.31980906887799,2489.3849227424917
343,volatile,83.22709846410427,0.0646031746031746,0.10217407150204316,0.03343664061848328,0.009258112558690856,1.5743069809185148,-4.710506931157754,0.04917407150204317,0.40517407150204315,0.178,0,,-5,16.71832030924164,1148.6926855986894,36.364315102273466,2489.022940379356
344,volatile,83.02898693281776,0.06444444444444444,0.09501758031725105,0.031467291203865544,0.008837742953057432,1.4920037839487448,-4.474369134227434,0.04201758031725106,0.39801758031725104,0.178,1,0.04201758031725106,-4,12.586916481546218,1487.428596735996,36.45292035715825,2494.500488679865
345,volatile,83.10866136541934,0.06428571428571428,0.09682996479109107,0.03200133730500304,0.008963942706753521,1.51248026548918,-4.547102201550616,0.018829964791091086,0.3748299647910911,0.178,1,0.018829964791091086,-3,9.600401191500913,1733.6812471023288,36.52256141473885,2502.5087492616194
346,volatile,83.35217229580685,0.06412698412698412,0.10412885296911334,0.03405967168201157,0.009420499773969039,1.5948953845611524,-4.807514303972601,0.0011288529691133586,0.35712885296911334,0.178,0,,-3,10.217901504603471,1682.2009606133915,36.53285541323694,2502.64659143595
347,volatile,83.38106884390223,0.06396825396825395,0.10434982705263218,0.03414861361230764,0.009449151637784661,1.5968930387963716,-4.825418893726546,0.001349827052632202,0.3573498270526322,0.178,1,0.001349827052632202,-2,6.829722722461529,1964.4994442036966,36.60935740689479,2513.0990592994985
348,volatile,83.06422578860281,0.0638095238095238,0.09328577197931365,0.031081034788398798,0.00878761438952663,1.4701719574995045,-4.452254664525384,0.0,0.32128577197931363,0.178,-1,0.32128577197931363,-3,9.324310436519639,1789.3555820722047,36.67079960632079,2535.8864779005035
349,volatile,82.84344234167588,0.06365079365079365,0.08596656387201351,0.029020181363946185,0.008334159886711937,1.3834565403183885,-4.19921447782595,0.0,0.3389665638720135,0.178,-1,0.3389665638720135,-4,11.608072545578473,1633.9996849125657,36.72863854924158,2561.2657479913814
350,volatile,83.19404171467097,0.06349206349206349,0.09594105649281737,0.03188212377816019,0.00898280564668118,1.5000284256016823,-4.565528913984825,0.01794105649281738,0.3739410564928174,0.178,1,0.01794105649281738,-3,9.564637133448056,1802.153229851114,36.782638879425186,2569.0917335690374
351,volatile,83.19089787103044,0.06333333333333332,0.0951179718615589,0.03167613346172932,0.00894635795796169,1.4900945870294346,-4.546485201445373,0.0,0.3481179718615589,0.178,-1,0.3481179718615589,-4,12.670453384691726,1578.5177093453585,36.854314007937866,2594.5369141062765
352,volatile,82.5220174020084,0.06317460317460316,0.07522689227709556,0.025963767176123698,0.0076538678943764244,1.251257675008901,-3.8252252821754276,0.0,0.3532268922770956,0.178,-1,0.3532268922770956,-5,12.981883588061848,1588.1154099413154,36.87945397767027,2621.7931871676547
353,volatile,82.8550547114772,0.06301587301587301,0.08364936889897345,0.028446726246976806,0.008237028734063227,1.3540732286823955,-4.150883439568133,0.03064936889897346,0.38664936889897344,0.178,1,0.03064936889897346,-4,11.378690498790721,1717.8365576458145,36.9260205078952,2627.158833908496
354,volatile,83.01938232292841,0.06285714285714285,0.08775104287755608,0.029653914763053568,0.008520322494764846,1.4026627440895325,-4.311089890324143,0.009751042877556099,0.3657510428775561,0.178,1,0.009751042877556099,-3,8.896174428916071,1922.8971846956506,36.987239898040755,2635.126777958026
355,volatile,83.36630098382544,0.0626984126984127,0.09782032909619032,0.032545340098709685,0.009175412920852524,1.5193114985134029,-4.682551722905039,0.0,0.3508203290961903,0.178,-1,0.3508203290961903,-4,13.018136039483874,1614.2577987964464,37.07596643649483,2660.4035144739682
356,volatile,83.2311004632727,0.06253968253968253,0.09278557350067507,0.031145086490026785,0.008873684064583868,1.4608798699928802,-4.513240491385022,0.014785573500675081,0.3707855735006751,0.178,1,0.014785573500675081,-3,9.343525947008036,1918.539914848237,37.15713480484887,2668.3761895746557
357,volatile,83.56079594220208,0.06238095238095238,0.10277276387621814,0.033992097828563106,0.009512035123851258,1.5743967299359864,-4.877428983290869,0.0,0.35577276387621815,0.178,0,,-3,10.197629348568931,1847.156080884856,37.17140871685915,2668.44627681197
358,volatile,83.13643890321039,0.062222222222222213,0.08848244582027087,0.029964068804594235,0.008625760026803436,1.409643592272767,-4.376526103722248,0.0,0.3414824458202709,0.178,0,,-3,8.989220641378271,1947.5987849809887,37.19150127619024,2668.38584387433
359,volatile,83.36266461508686,0.06206349206349206,0.0947518808338903,0.03178437260846467,0.00904425127231735,1.482298264914867,-4.614526197871417,0.0,0.3477518808338903,0.178,-1,0.3477518808338903,-4,12.713749043385869,1671.8052637160479,37.27359859859543,2693.7565088866495
360,volatile,83.1662288417498,0.0619047619047619,0.08798411466235878,0.029870953415382373,0.008622464512911212,1.4029205850479325,-4.377775139400424,0.009984114662358795,0.3659841146623588,0.178,0,,-4,11.94838136615295,1735.445276560201,37.286329147273996,2693.9534496812325
361,volatile,83.43420809418458,0.061746031746031736,0.09556317511622892,0.032069377934873966,0.009126737677123926,1.4907214929725794,-4.6645337460648335,0.01756317511622893,0.37356317511622894,0.178,0,,-4,12.827751173949586,1662.061079120046,37.301003051981084,2694.109069901285
362,volatile,83.83591582165523,0.06158730158730158,0.1083890545752828,0.035706840634855186,0.009935129053512662,1.6342124372725666,-5.128183405674738,0.03038905457528282,0.38638905457528283,0.178,-1,0.38638905457528283,-5,17.85342031742759,1279.2641430024103,37.40526936703311,2721.827458575258
363,volatile,83.54007488482661,0.06142857142857142,0.09749499874482526,0.032673849226180385,0.00928059615992112,1.5118879569099433,-4.755267035279075,0.044494998744825265,0.40049499874482525,0.178,1,0.044494998744825265,-4,13.069539690472155,1674.3604597946928,37.505198516196295,2727.19278474902
364,volatile,83.5186308943845,0.061269841269841266,0.09604695915928829,0.032289641022704596,0.009204736301544468,1.4948872436842031,-4.713721750906879,0.018046959159288306,0.3740469591592883,0.178,0,,-4,12.915856409081838,1687.193309964318,37.50776559964691,2727.489170415579
365,volatile,83.53325101646372,0.0611111111111111,0.09577040211065091,0.03223847670182334,0.009203016867297995,1.4912579179704393,-4.7143728668100655,0.017770402110650924,0.37377040211065093,0.178,-1,0.37377040211065093,-5,16.11923835091167,1456.9079245453352,37.58128338121661,2755.515106850923
366,volatile,84.00941600233556,0.060952380952380945,0.11136309385422383,0.036658001021150244,0.010182962191932632,1.6645787042586973,-5.277851554593777,0.058363093854223835,0.4143630938542238,0.178,-1,0.4143630938542238,-6,21.994800612690145,1004.6229591225265,37.70000389207608,2785.5754573699032
367,volatile,84.2947225540891,0.06079365079365079,0.12134981014280122,0.03944334827921053,0.010787318113832756,1.770745220989441,-5.630262223740277,0.09334981014280125,0.44934981014280123,0.178,0,,-6,23.66600896752632,863.7207397126152,37.72817870099628,2785.8305135071505
368,volatile,83.80313752175971,0.060634920634920625,0.10242619315005985,0.034215314628500526,0.009672027443736977,1.565108634337662,-4.987227932846503,0.07442619315005988,0.43042619315005987,0.178,0,,-6,20.529188777100316,1126.5435384371583,37.78075377575614,2785.498252844626
369,volatile,83.98597406528803,0.06047619047619047,0.10801956533184631,0.03581973009148659,0.010033988924916056,1.626504118065827,-5.197050557630194,0.08001956533184634,0.4360195653318463,0.178,-1,0.4360195653318463,-7,25.073811064040612,788.3646285369398,37.87709068166164,2818.5993785470946
370,volatile,84.28513382583934,0.06031746031746031,0.11830943057910348,0.03871088016181018,0.010667020720370781,1.7368877169505996,-5.565529576925642,0.11530943057910353,0.4713094305791035,0.178,0,,-7,27.097616113267126,617.7538337895915,37.91120601754393,2818.863432852159
371,volatile,85.14552637751281,0.060158730158730155,0.1547368716248605,0.04851981517343873,0.0126879845958351,2.1028029092136524,-6.760601535759533,0.15173687162486055,0.5077368716248605,0.178,0,,-7,33.96387062140711,33.00605328117467,38.02813218841144,2816.561885021224
372,volatile,84.46281657875743,0.05999999999999999,0.1235214462284131,0.040211663915745266,0.011008104443543455,1.7905172438704378,-5.768157340678801,0.12052144622841315,0.47652144622841314,0.178,0,,-7,28.148164741021688,524.1187101523594,38.12637436822164,2815.126973342032
373,volatile,84.2452445612354,0.059841269841269834,0.11416095813217897,0.03766305900579758,0.010477336429194878,1.69093174501266,-5.460583600929581,0.11116095813217902,0.467160958132179,0.178,1,0.11116095813217902,-6,22.59783540347855,980.4779490053756,38.23989213870899,2815.7415442466618
374,volatile,84.78377942747548,0.05968253968253968,0.1350407346111968,0.04341408981125722,0.011699497447463543,1.9073203555185252,-6.178347738835037,0.10704073461119684,0.4630407346111968,0.178,0,,-6,26.04845388675433,687.8629613356768,38.29840343398387,2815.3248893303044
375,volatile,84.23456241824773,0.05952380952380952,0.11203573715196491,0.03713653673198891,0.010386446809274912,1.666947662888678,-5.411381265466548,0.08403573715196494,0.4400357371519649,0.178,0,,-6,22.281922039193347,1005.0716689169676,38.36185786638661,2814.7581794347507
376,volatile,83.75127372324806,0.05936507936507936,0.09449803150968528,0.0321831725700536,0.009299878348856757,1.4715491030906904,-4.787770564454891,0.06649803150968531,0.4224980315096853,0.178,0,,-6,19.30990354203216,1253.9322215163372,38.41163993331987,2814.4624197287785
377,volatile,83.95789941554717,0.0592063492063492,0.10055080605894284,0.03395244539118214,0.00970821557026521,1.5396231005957615,-5.023328775544508,0.07255080605894287,0.42855080605894286,0.178,1,0.07255080605894287,-5,16.97622269559107,1442.5488964955782,38.47082612167457,2817.561490998471
378,volatile,84.36728414376668,0.05904761904761904,0.11440941223663081,0.037900475759502394,0.01058641240736461,1.6907637717472628,-5.5329360152085245,0.06140941223663082,0.4174094122366308,0.178,1,0.06140941223663082,-4,15.160190303800958,1589.5710333401933,38.52146886583706,2822.831351479893
379,volatile,84.09666375762973,0.05888888888888888,0.10371203859203648,0.03491628833370913,0.009944401003335946,1.5738129680313477,-5.162752855355953,0.025712038592036496,0.3817120385920365,0.178,0,,-4,13.966515333483652,1689.9350391383434,38.541545682359995,2822.9875675672833
380,volatile,84.31344327672592,0.05873015873015872,0.11065596628580732,0.03691510284308608,0.01039566415406858,1.649265838459842,-5.42565136507942,0.03265596628580733,0.38865596628580734,0.178,0,,-4,14.766041137234431,1622.510783480823,38.55502783706056,2823.224168812517
381,volatile,84.3596992604964,0.058571428571428566,0.11150517578070884,0.037187676151603455,0.010466780787507988,1.6578780726043356,-5.468763803343219,0.03350517578070886,0.38950517578070887,0.178,0,,-4,14.875070460641382,1613.3112630114506,38.556867373247194,2823.5656632375676
382,volatile,84.9743475368889,0.05841269841269841,0.13542721197202967,0.04383197568629321,0.011891031236180955,1.905838355481777,-6.3068285535871595,0.057427211972029685,0.4134272119720297,0.178,0,,-4,17.532790274517286,1387.4280882900598,38.602034974671184,2823.094617579465
383,volatile,84.97275598876705,0.058253968253968245,0.13435822717459978,0.043581414659977946,0.011852491846824893,1.8944283542644218,-6.285896594963161,0.05635822717459979,0.4123582271745998,0.178,0,,-4,17.43256586399118,1395.9427294009367,38.603738243547134,2823.4926039501293
384,volatile,85.37557778886458,0.05809523809523809,0.15181015188034852,0.04831316482429027,0.012832681219514527,2.0649467189156505,-6.87257994471492,0.0738101518803485,0.4298101518803485,0.178,-1,0.4298101518803485,-5,24.156582412145134,864.722133368869,38.73855160311924,2851.1992382699095
385,volatile,85.00626021016626,0.05793650793650793,0.1338199128239701,0.0435145056097444,0.011865512507799167,1.8876620003526647,-6.297452590032724,0.08081991282397011,0.4368199128239701,0.178,0,,-5,21.757252804872202,1068.6393786872827,38.7793432105044,2851.232115664634
386,volatile,84.93007970396762,0.05777777777777777,0.12955872024900117,0.042387807418545254,0.011643020460978789,1.8438821275638284,-6.167648692218816,0.07655872024900118,0.43255872024900116,0.178,0,,-5,21.193903709272625,1116.4750932209947,38.788912267222486,2851.6956643632334
387,volatile,84.88979522722664,0.05761904761904761,0.12689230525970707,0.04169232923171623,0.011509420296996233,1.8159926812338467,-6.090644216451556,0.07389230525970708,0.42989230525970706,0.178,0,,-5,20.846164615858115,1145.9886897533675,38.79481616730898,2852.169182636767
388,volatile,85.35303127786877,0.057460317460317455,0.14640670996902427,0.04704566499936347,0.01263489711184828,2.009838801957676,-6.761865446781152,0.09340670996902428,0.44940670996902427,0.178,0,,-5,23.522832499681734,917.4812798013816,38.840508510830674,2852.0229829062723
389,volatile,85.58922769513194,0.0573015873015873,0.15674629951547292,0.049849414693919014,0.013215330159173758,2.107979979436015,-7.11291262470674,0.10374629951547293,0.4597462995154729,0.178,-1,0.4597462995154729,-6,29.909648816351407,416.68390524330937,38.96983704602556,2882.5798683581597
390,volatile,85.28076361019752,0.057142857142857134,0.14093429671180724,0.04565514781094254,0.012378885176262913,1.9549211413283094,-6.6126899420568845,0.11293429671180727,0.46893429671180725,0.178,0,,-6,27.393088686565527,631.2551519485191,39.012759879933384,2882.7980947536057
391,volatile,85.55867594873668,0.05698412698412698,0.15299294436765898,0.04894314400488531,0.013064064714697801,2.0708275254439683,-7.025716721682953,0.12499294436765901,0.480992944367659,0.178,-1,0.480992944367659,-7,34.260200803419714,91.67591787165259,39.1502680839953,2915.8382752927264
392,volatile,85.87393806561667,0.05682539682539682,0.1678911327896282,0.052931049412230535,0.01387294609810276,2.20911096722929,-7.517654323644357,0.16489113278962825,0.5208911327896282,0.178,1,0.16489113278962825,-6,31.75862964733832,289.9436071634516,39.213232037300116,2916.447522874063
393,volatile,85.8270662857593,0.05666666666666666,0.1642459112376562,0.05202237505802987,0.013710190840351629,2.174719752193903,-7.420727862051167,0.13624591123765623,0.4922459112376562,0.178,1,0.13624591123765623,-5,26.011187529014933,769.4864544834597,39.3318892564327,2919.827415088712
394,volatile,85.72027537479032,0.05650793650793651,0.1576193986248251,0.05031602467431706,0.013386537455571359,2.1121678008710956,-7.226532100414708,0.10461939862482511,0.4606193986248251,0.178,0,,-5,25.15801233715853,842.6062399898523,39.346516138910474,2920.348286101041
395,volatile,85.63979586249006,0.05634920634920634,0.15248821889270303,0.04899260113398113,0.013135610023589527,2.0628749086752642,-7.076962381368663,0.09948821889270304,0.455488218892703,0.178,1,0.09948821889270304,-4,19.597040453592452,1308.7826669068468,39.46176423829161,2926.073923304383
396,volatile,84.94667943177929,0.05619047619047618,0.12058714445176077,0.04028126199137483,0.01132624563980835,1.7451192105204154,-5.999904364046417,0.04258714445176079,0.3985871444517608,0.178,0,,-4,16.11250479654993,1604.7232003875567,39.52096418497709,2925.1921224023854
397,volatile,85.02249896081034,0.05603174603174603,0.12270566846844577,0.04091486624733848,0.01147663270371826,1.7664443757514343,-6.090577139199475,0.044705668468445786,0.4007056684684458,0.178,1,0.044705668468445786,-3,12.274459874201543,1926.487539928537,39.60622821906147,2933.281091286812
398,volatile,85.11706194442952,0.055873015873015866,0.12563905305942447,0.04177566532607857,0.011675531516976421,1.7959556993818275,-6.210175292480969,0.022639053059424485,0.37863905305942447,0.178,-1,0.37863905305942447,-4,16.710266130431428,1586.6931367902953,39.701740778238474,2958.76627289836
399,volatile,84.76411550077887,0.0557142857142857,0.1107001931887277,0.03758608619990944,0.010773975568551105,1.6388915618614037,-5.681297989313472,0.032700193188727716,0.3887001931887277,0.178,0,,-4,15.034434479963776,1728.7151142928801,39.730150855754495,2958.815577765931
400,volatile,85.0649706576012,0.05555555555555555,0.12153792668376306,0.04070382902143188,0.011471724823649958,1.752432607345725,-6.0935474799626705,0.04353792668376308,0.3995379266837631,0.178,0,,-4,16.281531608572752,1622.6096167844485,39.75136771188495,2958.9824546549908
401,volatile,84.50669120058217,0.05539682539682539,0.09968951122583825,0.03446534590091088,0.01009495375588444,1.5175919110149605,-5.289421751677245,0.02168951122583826,0.37768951122583827,0.178,0,,-4,13.786138360364353,1833.4448679494833,39.79354319721502,2958.5900007269584
402,volatile,84.28276748981331,0.055238095238095225,0.09142933837768741,0.032057779853514656,0.009549406934759447,1.4238894323292495,-4.976003322874315,0.013429338377687422,0.36942933837768743,0.178,0,,-4,12.823111941405863,1914.5951663987582,39.80977650356615,2958.790793301042
403,volatile,84.09026707329532,0.055079365079365075,0.08468280666948269,0.030063395575442353,0.009088938307434909,1.3451699010928118,-4.713555357914165,0.006682806669482705,0.3626828066694827,0.178,1,0.006682806669482705,-3,9.019018672632706,2233.7301272308814,39.893753947354725,2966.736974150758
404,volatile,84.89325741850776,0.05492063492063491,0.11103001077122787,0.03786324651349654,0.010900208793596785,1.6394582408998857,-5.764866512201138,0.008030010771227891,0.3640300107712279,0.178,1,0.008030010771227891,-2,7.572649302699308,2355.669575996311,39.93831134880353,2976.3304404362007
405,volatile,84.24481617646084,0.05476190476190476,0.08788694514290807,0.03108933108387124,0.009354944217112374,1.3816235218348325,-4.869569755999819,0.0,0.31588694514290805,0.178,-1,0.31588694514290805,-3,9.326799325161373,2239.4306687131125,39.98786695804118,2998.7990798331994
406,volatile,84.47107756475934,0.0546031746031746,0.09434695342909105,0.03305293270856513,0.009828075161070718,1.4550771727268328,-5.144091072703292,0.0,0.34734695342909105,0.178,0,,-3,9.915879812569539,2189.660453116662,39.99781901074993,2998.9614198583276
407,volatile,84.85196928313567,0.054444444444444434,0.10677309313962802,0.03674107276014171,0.010687171692451163,1.5919294089196767,-5.645832132100833,0.0037730931396280365,0.359773093139628,0.178,-1,0.359773093139628,-4,14.696429104056685,1819.8976129885143,40.09894681507749,3024.2093266418624
408,volatile,85.00457853083378,0.054285714285714284,0.11157676195049149,0.03817016273639956,0.011021761115020023,1.6428759949129284,-5.844057837212564,0.0335767619504915,0.3895767619504915,0.178,0,,-4,15.268065094559823,1771.2962182074502,40.10866515036665,3024.520951771646
409,volatile,85.48591490380251,0.05412698412698412,0.1302316272391657,0.043518570215094254,0.01220800876093649,1.8349802172353853,-6.548964663012492,0.05223162723916572,0.40823162723916573,0.178,0,,-4,17.4074280860377,1588.3742384891004,40.14524223089421,3024.3715036505146
410,volatile,85.07553485926019,0.05396825396825396,0.11243148254812718,0.03849305260111041,0.011121024969397066,1.6507304264130838,-5.906413685547656,0.034431482548127196,0.3904314825481272,0.178,-1,0.3904314825481272,-5,19.246526300555207,1470.903830032274,40.19653468374597,3052.0966079607633
411,volatile,84.15086458472771,0.05380952380952381,0.08053752050985485,0.029031981703873444,0.008926484100668949,1.2925291485459784,-4.634761973797075,0.027537520509854863,0.38353752050985485,0.178,0,,-5,14.515990851936722,1868.9028622526323,40.27615041333596,3050.167282492178
412,volatile,84.45939730123868,0.05365079365079364,0.08913374055551992,0.03168252447424025,0.009575789725851748,1.3926125488307413,-5.0094286929319995,0.03613374055551993,0.3921337405555199,0.178,1,0.03613374055551993,-4,12.6730097896961,2020.8954265375692,40.32728182728685,3055.5966991457917
413,volatile,83.976279002508,0.05349206349206348,0.07420559013213168,0.027125327616404182,0.008478152222460273,1.215310953391922,-4.382808310807672,0.0,0.3522055901321317,0.178,-1,0.3522055901321317,-5,13.56266380820209,1981.371209510206,40.36222379410161,3083.2104544189365
414,volatile,83.84419457982416,0.05333333333333333,0.07002654478554193,0.025838542294561173,0.008165690646736215,1.1633790579706424,-4.207429450710974,0.01702654478554194,0.3730265447855419,0.178,0,,-5,12.919271147280586,2035.3051600158487,40.37301274199232,3083.4977715251794
415,volatile,83.37137338259322,0.053174603174603166,0.05810372805381547,0.02203422247319431,0.007193761887628499,1.0103639085377258,-3.663533555558942,0.005103728053815482,0.36110372805381546,0.178,0,,-5,11.017111236597154,2193.859127026008,40.40472987882172,3083.3189575030046
416,volatile,83.79150956881453,0.053015873015873016,0.0673662786908702,0.025045510878048072,0.00798405465660495,1.1293096640030214,-4.108193537025029,0.014366278690870204,0.3703662786908702,0.178,0,,-5,12.522755439024035,2067.673694391007,40.4299619189407,3083.2911372424783
417,volatile,84.13832530085247,0.05285714285714285,0.07583094035001325,0.027744190987650352,0.008674133323433442,1.2333919249926237,-4.501299511380443,0.022830940350013262,0.37883094035001325,0.178,-1,0.37883094035001325,-6,16.64651459259021,1758.501206063064,40.51935515676573,3113.6125017697987
418,volatile,83.847810275568,0.05269841269841269,0.06747032479124737,0.02512966562013702,0.008025222882923738,1.1298523266342595,-4.134781994581136,0.0394703247912474,0.3954703247912474,0.178,1,0.0394703247912474,-5,12.564832810068511,2096.70580527412,40.60780317270695,3116.5043604813527
419,volatile,84.2103154647462,0.05253968253968254,0.07639991707815685,0.02797899239588525,0.008754106482939943,1.2394056011400834,-4.550471669982487,0.023399917078156862,0.37939991707815685,0.178,0,,-5,13.989496197942625,1976.710457679502,40.631797443371745,3116.57038716204
420,volatile,84.25825830276715,0.052380952380952375,0.07702120596888529,0.028202153002631514,0.00882052618424613,1.2464545170739807,-4.59020776816098,0.024021205968885295,0.3800212059688853,0.178,0,,-5,14.101076501315756,1967.307015343983,40.63367775577637,3116.9285585544835
421,volatile,84.20108393599273,0.05222222222222221,0.07470741392213576,0.027504849404996645,0.008657453100664226,1.2180481521109934,-4.498858921817859,0.021707413922135765,0.37770741392213575,0.178,0,,-5,13.752424702498322,1996.6580033487694,40.6395491276517,3117.2733630861826
422,volatile,84.22326751329943,0.05206349206349206,0.07460283451532712,0.027500308617529723,0.008667163506216002,1.216348581382132,-4.50617753652684,0.02160283451532713,0.3776028345153271,0.178,0,,-5,13.750154308764861,1996.8491850835474,40.63958737164745,3117.6306925221334
423,volatile,84.14058966873789,0.0519047619047619,0.07166106885056145,0.0265974723052792,0.008450215743688712,1.1799665596086335,-4.384315109082855,0.018661068850561457,0.37466106885056144,0.178,0,,-5,13.2987361526396,2034.8241784091324,40.64718388961616,3117.95714571591
424,volatile,84.38772852870464,0.051746031746031734,0.0777545521053864,0.028549238988282433,0.008951512219510547,1.2534749241311032,-4.672426606642041,0.024754552105386407,0.3807545521053864,0.178,0,,-5,14.274619494141216,1952.4551293951092,40.663654405315825,3118.1805680645602
425,volatile,84.51223684753718,0.051587301587301584,0.08061372193174199,0.02947361379092084,0.009192283622392786,1.2870310283981947,-4.812542299202932,0.027613721931741997,0.383613721931742,0.178,0,,-5,14.736806895460418,1913.3868261686475,40.671466503541474,3118.5204799283465
426,volatile,84.36999145444317,0.05142857142857142,0.07577999983793315,0.02798719161137808,0.008833576752753192,1.2288550384462216,-4.608501643332645,0.022779999837933163,0.37877999983793315,0.178,0,,-5,13.99359580568904,1976.0789985188476,40.68400744620005,3118.828557142797
427,volatile,84.77645290750637,0.05126984126984126,0.08709565170164124,0.031547356047359754,0.009724558363290812,1.361651408507705,-5.123741244424313,0.03409565170164125,0.39009565170164123,0.178,0,,-5,15.773678023679876,1825.139760382593,40.714189257465044,3118.8284066844376
428,volatile,84.52766657548291,0.05111111111111111,0.07878327868002666,0.028992878712475356,0.009108054721320901,1.2639279289869028,-4.769672205724015,0.025783278680026667,0.38178327868002665,0.178,-1,0.38178327868002665,-6,17.395727227485214,1726.162632375457,40.761610864318705,3149.312896090361
429,volatile,84.64289275702022,0.05095238095238094,0.08140552553384817,0.029845853644885456,0.009331788368748525,1.2944758585850002,-4.900409198860963,0.0534055255338482,0.4094055255338482,0.178,0,,-6,17.907512186931275,1682.8350091465206,40.77027465620611,3149.7353274096686
430,volatile,84.8131646564049,0.050793650793650794,0.08581189795806576,0.031250276782967656,0.009689707855653533,1.3453343953625818,-5.109330161824977,0.057811897958065794,0.4138118979580658,0.178,-1,0.4138118979580658,-7,21.875193748077358,1387.6172670667531,40.85757698211605,3182.853347742551
431,volatile,85.41478196556702,0.05063492063492063,0.10550628743236423,0.03727917662915603,0.011140507559167295,1.5638848811045698,-5.960605743159974,0.10250628743236428,0.45850628743236427,0.178,0,,-7,26.095423640409223,1027.075156965439,40.92967098533567,3182.155676307441
432,volatile,85.2073664378122,0.050476190476190466,0.09711494636071194,0.03478952953775133,0.010569560449400467,1.471910417406772,-5.626509263631283,0.09411494636071199,0.450114946360712,0.178,1,0.09411494636071199,-6,20.8737177226508,1462.4824863323893,41.03865654724866,3182.8080334293236
433,volatile,85.92042048563782,0.050317460317460316,0.12369576863166998,0.04272306481379623,0.012411336959012554,1.7519175508675648,-6.7216975222443756,0.09569576863167001,0.45169576863167,0.178,0,,-6,25.633838888277737,1053.4090758967156,41.120454869671306,3181.661830659632
434,volatile,85.99193070710301,0.05015873015873015,0.12569874300757045,0.043350826955729116,0.01256786038991512,1.7713601790438809,-6.817931190596681,0.09769874300757048,0.45369874300757046,0.178,0,,-6,26.01049617343747,1021.0131108335012,41.12693276710446,3182.286649632562
435,volatile,85.91112471872476,0.04999999999999999,0.12117758949746849,0.04208102018726456,0.012300439654166384,1.7249362339299186,-6.6595791944567475,0.09317758949746852,0.4491775894974685,0.178,-1,0.4491775894974685,-7,29.456714131085192,769.7831953237121,41.206146459257944,3215.6183241949666
436,volatile,85.63399748333923,0.04984126984126984,0.10899449250417659,0.038525828313632715,0.01150480258881231,1.5978805186023184,-6.186987164009245,0.10599449250417664,0.4619944925041766,0.178,0,,-7,26.9680798195429,982.8522773544021,41.248768800132254,3215.9406119987066
437,volatile,85.87371784023172,0.049682539682539675,0.11752498999239203,0.04109968073051129,0.012111299306518554,1.6861594980351642,-6.55070370639019,0.11452498999239208,0.47052498999239206,0.178,1,0.11452498999239208,-6,24.659808438306776,1169.5599796770575,41.30841276919045,3216.6744175069434
438,volatile,85.89285432060433,0.04952380952380951,0.11727078579696348,0.041069731971925094,0.012120823220217848,1.6828438833856478,-6.5586050549574,0.08927078579696351,0.4452707857969635,0.178,1,0.08927078579696351,-5,20.534865985962547,1514.8451216212125,41.39927338541847,3220.0079813481448
439,volatile,85.439249792745,0.04936507936507936,0.09892132967633405,0.035607384148650834,0.010863981130630633,1.4876723508074918,-5.814164727047132,0.045921329676334055,0.40192132967633404,0.178,0,,-5,17.80369207432542,1748.1479017949928,41.445943275431226,3219.8213313282295
440,volatile,84.97816304225134,0.0492063492063492,0.08280258733693335,0.030644752793644092,0.009667809028393674,1.305411642291077,-5.11621330772117,0.02980258733693336,0.38580258733693334,0.178,0,,-5,15.322376396822046,1958.9633784675284,41.48811480507166,3219.6294844429494
441,volatile,84.7514861502673,0.049047619047619034,0.07533885569039489,0.028301877950739296,0.009088943097121237,1.2167729768796487,-4.78321724001891,0.0223388556903949,0.3783388556903949,0.178,-1,0.3783388556903949,-6,16.981126770443577,1856.1675884079687,41.536231116935014,3250.140005294914
442,volatile,84.4766706234586,0.048888888888888885,0.06719563255062821,0.0256896069510264,0.008424075274917543,1.1168364538182194,-4.403521886853364,0.039195632550628245,0.39519563255062823,0.178,0,,-6,15.41376417061584,1988.5466813863254,41.56271223175365,3250.33278076473
443,volatile,84.91780815828093,0.04873015873015872,0.0785904702865392,0.029407574640218925,0.00939524104821294,1.2545468996350122,-4.96406605632317,0.050590470286539235,0.4065904702865392,0.178,0,,-6,17.644544784131355,1799.0757946045662,41.600598831789995,3250.257581451706
444,volatile,85.47789665667435,0.04857142857142857,0.09569085537462296,0.03481163385018593,0.010746315238575197,1.4492112739095586,-5.755371544205861,0.067690855374623,0.423690855374623,0.178,0,,-6,20.886980310111557,1521.8637944851398,41.65603014555113,3249.8244256780736
445,volatile,85.83309340824138,0.04841269841269841,0.10775268736161836,0.03853686656103783,0.011648953774807139,1.5788444245754276,-6.2923168724664205,0.07975268736161839,0.4357526873616184,0.178,0,,-6,23.1221199366227,1329.9764763526787,41.694399935219685,3249.967944252404
446,volatile,85.97929324763126,0.048253968253968244,0.1124775919857206,0.040004393655194426,0.012007978232689313,1.6276996290582078,-6.508879446455332,0.08447759198572063,0.4404775919857206,0.178,1,0.08447759198572063,-5,20.002196827597214,1589.70385129829,41.768049691999884,3253.23980194225
447,volatile,85.80221473527085,0.048095238095238094,0.10459436267304945,0.03766454823845933,0.011475223850248902,1.5439877060090892,-6.193329007881118,0.051594362673049454,0.40759436267304944,0.178,1,0.051594362673049454,-4,15.065819295383731,2007.991829639326,41.87276011700656,3258.834746915408
448,volatile,85.82361482665466,0.04793650793650793,0.10441639610788211,0.03765309503021952,0.011488488037849638,1.54143945819613,-6.203425936820098,0.02641639610788213,0.38241639610788214,0.178,0,,-4,15.061238012087808,2008.3849332958684,41.87283875346516,3259.2282648147093
449,volatile,86.18691072539444,0.047777777777777766,0.117796601979828,0.04173599526349664,0.012459651600678601,1.6803434977875864,-6.786675232262764,0.03979660197982801,0.395796601979828,0.178,0,,-4,16.694398105398655,1867.599758728777,41.90099015809765,3259.3197170610338
450,volatile,87.06970407984956,0.047619047619047616,0.15849961870938145,0.053582111572826274,0.015092198086246494,2.0703841560119254,-8.396039151884887,0.08049961870938144,0.4364996187093814,0.178,0,,-4,21.43284462913051,1454.9421070819285,41.983505185421556,3257.6936990459626
451,volatile,87.45007721739753,0.04746031746031745,0.17854887369638028,0.05922613402771054,0.01628801847923432,2.2464816911981496,-9.143463515095016,0.10054887369638027,0.45654887369638025,0.178,1,0.10054887369638027,-3,17.767840208313164,1765.3080383309502,42.06760616934208,3265.542374425403
452,volatile,87.33175452546155,0.04730158730158729,0.17024370194754734,0.056996287093860176,0.015852122110474307,2.1731569397677184,-8.873310385373964,0.06724370194754736,0.42324370194754735,0.178,-1,0.42324370194754735,-4,22.79851483754407,1368.1868991798808,42.17547369770557,3291.1237197383534
453,volatile,87.34665342622357,0.04714285714285714,0.16968334660357698,0.05690622854591848,0.01585632270930387,2.167177648689773,-8.878409202999094,0.09168334660357697,0.44768334660357695,0.178,0,,-4,22.762491418367393,1371.3327949849115,42.17610300272758,3291.6869053810055
454,volatile,87.14409870593678,0.046984126984126975,0.15713547499197933,0.05344407802992207,0.015149865605804617,2.0540901666588205,-8.44158010219978,0.07913547499197932,0.4351354749919793,0.178,-1,0.4351354749919793,-5,26.722039014961034,1069.706125654381,42.26511324404527,3319.8063937020497
455,volatile,86.81729238438285,0.046825396825396826,0.13922348412504792,0.048360812020197486,0.014067495509695096,1.8866629574513376,-7.777154718085124,0.08622348412504793,0.4422234841250479,0.178,0,,-5,24.180406010098743,1290.3196898321646,42.30924478318865,3319.985326321472
456,volatile,86.73975333970749,0.04666666666666666,0.13430660234289693,0.046980450891468684,0.013780660540777883,1.8386403134143967,-7.604115688208898,0.08130660234289694,0.4373066023428969,0.178,1,0.08130660234289694,-4,18.792180356587473,1749.4489190493018,42.4227194560135,3325.7553669578365
457,volatile,86.82002948912566,0.0465079365079365,0.13689361845235393,0.047794035022818204,0.013982441787912333,1.8626598162026455,-7.729946860606899,0.05889361845235394,0.41489361845235395,0.178,0,,-4,19.11761400912728,1721.1891089071798,42.42837028787555,3326.2234735603906
458,volatile,87.58549130366615,0.04634920634920635,0.17634243744609712,0.05909908440832895,0.016428919486193603,2.219725344462787,-9.249349949654079,0.09834243744609711,0.4543424374460971,0.178,1,0.09834243744609711,-3,17.729725322498684,1832.869465873237,42.47268207037419,3332.8334376895054
459,volatile,87.60630827062701,0.046190476190476185,0.17610313841711633,0.05910250274004575,0.016453959579371413,2.2165484125409884,-9.267604278434803,0.07310313841711635,0.42910313841711634,0.178,0,,-3,17.730750822013725,1832.7796076785455,42.47270003841952,3333.274288536418
460,volatile,88.17645408580789,0.04603174603174602,0.21091127779950636,0.0686823579483486,0.01840560991497545,2.503205583650597,-10.507554505232783,0.10791127779950638,0.46391127779950636,0.178,0,,-3,20.60470738450458,1579.313625741689,42.523383098194934,3332.890277043112
461,volatile,88.92474488141782,0.04587301587301587,0.2657623489242047,0.08308513970654641,0.021135843522678416,2.913437666651168,-12.280752608587344,0.16276234892420471,0.5187623489242047,0.178,-1,0.5187623489242047,-4,33.23405588261856,507.8836551021634,42.7679954168376,3356.9086562691205
462,volatile,88.95728273256462,0.04571428571428571,0.2665165679782273,0.08337636597846415,0.021220514873852254,2.917121170486207,-12.338797416640753,0.1885165679782273,0.5445165679782273,0.178,1,0.1885165679782273,-3,25.012909793539244,1220.1965491728813,42.93426158024399,3365.322067247418
463,volatile,89.64363887640292,0.045555555555555544,0.32670929067173127,0.09842879663357307,0.023859969888862555,3.319202813582872,-14.098408603919744,0.2237092906717313,0.5797092906717313,0.178,0,,-3,29.52863899007192,815.3091905358056,43.015222859715514,3364.3510534719644
464,volatile,89.94996498446953,0.045396825396825394,0.35563115667164347,0.10548960620081849,0.025052074123699114,3.4966709505973634,-14.90866293606793,0.2526311566716435,0.6086311566716435,0.178,0,,-3,31.646881860245546,624.7352113606853,43.05333003411566,3364.681779555923
465,volatile,89.7693084087382,0.04523809523809523,0.3346919505654036,0.10059912434847446,0.024294208170986858,3.3654753533487907,-14.395877140126576,0.2316919505654036,0.5876919505654036,0.178,0,,-3,30.179737304542336,756.4134225513878,43.079670944535884,3365.219983167929
466,volatile,89.88231845705123,0.045079365079365066,0.3438844039773077,0.10293548336679131,0.024716007057362165,3.4204892530765996,-14.683885427919094,0.2408844039773077,0.5968844039773077,0.178,1,0.2408844039773077,-2,20.587096673358264,1594.3413204537815,43.27211270054711,3375.9804189592073
467,volatile,89.89113350265576,0.044920634920634916,0.34245972157916604,0.10271755980414066,0.024719112295709358,3.409542173736381,-14.688007233001784,0.21445972157916604,0.570459721579166,0.178,0,,-2,20.54351196082813,1598.2584160906601,43.27289627638966,3376.4460480590337
468,volatile,89.79017103402573,0.04476190476190475,0.3299285078247127,0.09980897737634431,0.024277269160338726,3.329274362489295,-14.390665233641906,0.20192850782471272,0.5579285078247127,0.178,1,0.20192850782471272,-1,9.98089773763443,2526.274819187651,43.48258006392306,3389.468483340496
469,volatile,89.70373257368452,0.0446031746031746,0.3191462831796752,0.0972942165490599,0.023893293948657943,3.2587153172408145,-14.133686683319207,0.16614628317967522,0.5221462831796753,0.178,-1,0.5221462831796753,-2,19.45884330981198,1728.0923111320756,43.672621482913975,3409.7939309527446
470,volatile,89.76465750724408,0.04444444444444444,0.32285030329522435,0.09832307945149399,0.02410483433465362,3.280318293800332,-14.27845332345819,0.19485030329522435,0.5508503032952243,0.178,0,,-2,19.664615890298798,1709.617511699252,43.676315703956334,3410.2349614443883
471,volatile,89.95041125947473,0.044285714285714275,0.33918824459295926,0.102429303264854,0.024828498792039026,3.380679644038385,-14.770437306018396,0.21118824459295926,0.5671882445929592,0.178,0,,-2,20.4858606529708,1635.7314332913863,43.69108996478574,3410.6053751118097
472,volatile,89.56912342367262,0.044126984126984126,0.29972355035610576,0.09283011308432276,0.02323989294963991,3.1263573273237832,-13.701779580136693,0.17172355035610576,0.5277235503561057,0.178,-1,0.5277235503561057,-3,27.84903392529683,1028.8389101130156,43.84299255990951,3433.335401891142
473,volatile,89.56407148973445,0.04396825396825396,0.2970839836928798,0.09228325202731208,0.023181571575434937,3.1069434406432324,-13.665078962356967,0.19408398369287982,0.5500839836928798,0.178,1,0.19408398369287982,-2,18.456650405462415,1850.462376751375,44.031236581715405,3444.0983363886708
474,volatile,88.9126512026444,0.0438095238095238,0.239806916093233,0.07762789235180595,0.020548331530321515,2.704305888623623,-11.928325904449139,0.11180691609323301,0.467806916093233,0.178,-1,0.467806916093233,-3,23.288367705541784,1467.5363531899561,44.13715674071776,3466.224793243751
475,volatile,89.02271410284305,0.04365079365079365,0.24654014983454164,0.07950432257158113,0.020935823697800334,2.752120561639621,-12.184164739334147,0.14354014983454166,0.49954014983454165,0.178,0,,-3,23.85129677147434,1417.4128571986025,44.1471794353771,3466.757985717263
476,volatile,89.28786649696627,0.043492063492063485,0.26632714724389484,0.0847740007621347,0.021947559521288528,2.8917765859575324,-12.85214206301558,0.16332714724389485,0.5193271472438948,0.178,-1,0.5193271472438948,-4,33.90960030485388,571.0614919560203,44.346796327991974,3492.2464980437426
477,volatile,89.35695574102165,0.04333333333333332,0.27016947919479684,0.08587565236968037,0.02218425990061929,2.916804813281551,-13.011169779899522,0.19216947919479682,0.5481694791947969,0.178,-1,0.5481694791947969,-5,42.93782618484018,-181.03768745845775,44.52814328406755,3520.671006958589
478,volatile,89.47830223509219,0.04317460317460317,0.2786395741087828,0.08816748086254361,0.022635816740826573,2.973333272685566,-13.3131657820562,0.22563957410878283,0.5816395741087828,0.178,0,,-5,44.083740431271806,-283.59265562841995,44.54865017632309,3521.62580727988
479,volatile,89.73035203253691,0.04301587301587301,0.2993710333524753,0.0935622749345496,0.023632630194525953,3.110306159074422,-13.981022109624927,0.2463710333524753,0.6023710333524752,0.178,1,0.2463710333524753,-4,37.424909973819844,289.1299422682615,44.68815001653753,3527.531875664128
480,volatile,89.44406167704608,0.042857142857142844,0.2714448562488432,0.08653544284094528,0.02241338894139387,2.9202320539175544,-13.17042120461518,0.19344485624884317,0.5494448562488432,0.178,0,,-4,34.61417713637811,540.4830228658448,44.738430688791496,3527.9376750527094
481,volatile,89.34073134740532,0.042698412698412694,0.2605777791588837,0.08381485561816748,0.021949251368204057,2.8425888353451065,-12.865817036635033,0.18257777915888368,0.5385777791588837,0.178,0,,-4,33.525942247267,637.68727899662,44.75787542896568,3528.6883668147734
482,volatile,89.55850568440842,0.04253968253968253,0.2772238686784272,0.08825553099922628,0.022800650908002984,2.9562337016633284,-13.432579440758266,0.19922386867842717,0.5552238686784272,0.178,-1,0.5552238686784272,-5,44.12776549961314,-256.48367883547485,44.96777211856775,3556.9211241626567
483,volatile,89.98808064092087,0.04238095238095238,0.3149733296479038,0.0979806452655051,0.024560539950280576,3.2030387776951903,-14.614754206336896,0.2619733296479038,0.6179733296479037,0.178,0,,-5,48.990322632752545,-694.1433766901921,45.05528655525136,3556.915062186723
484,volatile,90.15734934751664,0.04222222222222222,0.329518156857441,0.10173760893603956,0.025244845920882296,3.292302091155118,-15.080645660011136,0.276518156857441,0.632518156857441,0.178,0,,-5,50.86880446801978,-863.5361915439577,45.08915834386439,3557.9013053410963
485,volatile,91.26496250325337,0.04206349206349205,0.45574404028906557,0.13185949496412896,0.03003481179266997,3.9987292122104017,-18.40953663853271,0.4027440402890656,0.7587440402890655,0.178,-1,0.7587440402890655,-6,79.11569697847737,-3366.1489636325514,45.62474866102446,3580.8957303535026
486,volatile,91.22400708626692,0.0419047619047619,0.44746806681009765,0.13013828947032563,0.02983308287254625,3.95333300890308,-18.26749930149723,0.4194680668100977,0.7754680668100977,0.178,1,0.4194680668100977,-5,65.06914473516281,-2126.989265488091,45.90102521730081,3585.1448215246805
487,volatile,91.66059422605072,0.04174603174603174,0.5040720932835043,0.14307836093994214,0.03173994038011789,4.230290958730664,-19.631770791739328,0.4502739629999375,0.8078702235670712,0.17879813028356684,1,0.4502739629999375,-4,57.23134437597685,-1453.7629069276159,46.06470870497044,3590.4672896167667
488,volatile,92.21710405957641,0.041587301587301576,0.5853391420068128,0.16091049609921926,0.03417415290610979,4.592668046862328,-21.410133847891927,0.4906126701734775,0.8800656138401481,0.1947264718333353,0,,-4,64.3641984396877,-2111.665606591698,46.196262934057444,3589.6787218294835
489,volatile,92.15700822838429,0.041428571428571426,0.5723634687447934,0.15835131218695853,0.03390429157725711,4.533096492984233,-21.210342990202054,0.48018022887081385,0.8645467086187728,0.1921832398739795,0,,-4,63.34052487478341,-2017.3457811862634,46.21513067268626,3590.982103391414
490,volatile,91.7946508996156,0.04126984126984126,0.5139943982193973,0.14584414704193976,0.03228982432898908,4.266942853514125,-20.030559989789776,0.4332514961683954,0.7947373002703991,0.18074290205100185,1,0.4332514961683954,-3,43.75324411258193,-263.04293268398897,46.59473219261407,3599.072516890312
491,volatile,91.27535308584763,0.0411111111111111,0.4395928976459498,0.12917461019479198,0.029948154652747173,3.8978033243751735,-18.35469807848926,0.33659289764594974,0.6925928976459497,0.178,0,,-3,38.752383058437594,193.3211346946095,46.686023264304126,3598.580711977736
492,volatile,91.34524645384562,0.04095238095238095,0.44574719433416377,0.1307725004211336,0.030239435516001865,3.926524727147314,-18.562239415973366,0.34274719433416373,0.6987471943341637,0.178,0,,-3,39.231750126340074,149.52447415460824,46.69478084489601,3599.434199960582
493,volatile,91.8310396256742,0.040793650793650785,0.5097355517792455,0.1454768682262058,0.0324098813668065,4.236747812391298,-20.118510552681172,0.4048273836305133,0.7646437199279775,0.17990816814873212,0,,-3,43.643060467861744,-255.65175966176923,46.775799887850695,3599.2151900143635
494,volatile,91.94950139630217,0.040634920634920635,0.523943537797658,0.14882772468631128,0.03293021290125911,4.29908773464301,-20.496414567980406,0.416250604389317,0.7816364712059989,0.18269293340834097,0,,-3,44.64831740589339,-348.10312046379767,46.794286462696135,3600.1043418526415
495,volatile,92.02457171690344,0.04047619047619047,0.531917313577754,0.15078980777420592,0.03325708162815382,4.331865600287736,-20.73462026398126,0.42266152011651414,0.7911731070389937,0.18425579346123977,0,,-3,45.236942332261776,-402.2819108060927,46.80512005404633,3601.0531390292304
496,volatile,91.85659946365111,0.04031746031746031,0.503851788570687,0.14474518650307144,0.03248123274450109,4.198846467542012,-20.171235715551855,0.40009683801083235,0.7576067391305417,0.17875495055985463,0,,-3,43.42355595092143,-235.74371860377377,46.838434355347054,3601.840931096254
497,volatile,92.102598531483,0.04015873015873016,0.5371228219547515,0.1523460159695546,0.0335884676452837,4.348080000728944,-20.976576324148123,0.42684674885162016,0.7973988950578828,0.18527607310313127,0,,-3,45.70380479086638,-445.8025654297944,46.88043772403852,3602.4997719982157
498,volatile,91.16456672681478,0.039999999999999994,0.40552592697425993,0.12234032925751592,0.029267013764925794,3.6972102151502066,-17.884175837453576,0.30252592697425995,0.6585259269742599,0.178,0,,-3,36.702098777254776,374.66993577756386,47.04456504974514,3598.943090678476
499,volatile,91.26499767994375,0.03984126984126983,0.41507216744535924,0.12478801109201282,0.02970221745249966,3.7455373840660875,-18.191395419137486,0.31207216744535926,0.6680721674453592,0.178,0,,0,0.0,3599.9354524014116,47.7413791510861,3599.9354524014116
