step,regime,spot,time_to_expiry,fair_value,delta,gamma,vega,theta,bid,ask,half_spread,trade_size,trade_price,option_inventory,hedge_shares,cash,cumulative_transaction_cost,pnl
0,calm,100.0,0.11904761904761904,2.106958981776657,0.539068748320901,0.08219254890120971,13.698758150201622,-9.608867267827957,1.885792729997621,2.328125233555693,0.22116625177903604,0,,0,0.0,0.0,0.0,0.0
1,calm,100.06081825319811,0.11888888888888888,2.1383689932086867,0.5440402141343428,0.08209000387925583,13.680049856968262,-9.623570994161291,1.9150982706637047,2.3616397157536686,0.22327072254498204,0,,0,0.0,0.0,0.0,0.0
2,calm,100.20577545722843,0.11873015873015873,2.2165618919126544,0.5558950453258991,0.08171804339513349,13.639314706286921,-9.645980641699426,1.9880522451545066,2.445071538670802,0.22850964675814783,1,1.9880522451545066,1,-55.589504532589906,5370.450106574041,1.1340778817942572,21.716886794019956
3,calm,100.26404006920836,0.11857142857142856,2.2475572046901604,0.5606393817492136,0.08158132962895946,13.614110389412554,-9.656178259486436,1.9919708719759197,2.4531435374044013,0.23058633271424078,0,,1,-56.063938174921354,5418.009226572196,1.1435916085392372,21.568003433276317
4,calm,100.03368688274065,0.1184126984126984,2.11905404049773,0.5417396145178224,0.08232863038260678,13.65745428605691,-9.635837255024075,1.872077419784382,2.316030661211078,0.2219766207133479,0,,1,-54.17396145178224,5228.910074566082,1.1814038764868706,21.594381550607977
5,calm,100.19340220044579,0.11825396825396825,2.2050932683970643,0.5548378158324081,0.08192303935022847,13.615326585902771,-9.661122169687706,1.952352019414461,2.407834517379668,0.22774124898260334,0,,1,-55.48378158324081,5360.119162740503,1.2076509435351646,21.519645808876703
6,calm,100.27216262948666,0.11809523809523809,2.2475113866375196,0.561269114077503,0.08171899798686008,13.584517513954408,-9.673077898807371,1.991928123732806,2.4530946495422334,0.23058326290471381,0,,1,-56.1269114077503,5424.594283491921,1.2205485472061823,21.37863358694449
7,calm,100.17708434310404,0.11793650793650794,2.19298217064739,0.553468217169852,0.08208530661865666,13.601239859842945,-9.670431382186292,1.941052365214015,2.3949119760807656,0.22692980543337515,0,,1,-55.3468217169852,5346.431543322809,1.2361779693555746,21.246533122380242
8,calm,100.27966210405694,0.11777777777777777,2.248650193734008,0.5618608911082242,0.08180390741981301,13.564105652101967,-9.684522538222339,1.9929906307538294,2.4543097567141867,0.23065956298017853,0,,1,-56.18608911082242,5430.576161701625,1.2530102594893644,21.119150093320968
9,calm,100.3440111126153,0.11761904761904761,2.283436375790025,0.5671106787587455,0.08162968517875256,13.534329035255675,-9.69352531215072,2.0254461386120934,2.4914266129679565,0.23299023717793166,0,,1,-56.711067875874555,5483.244101040897,1.26354595449622,20.971713474861644
10,calm,100.39592701661059,0.11746031746031746,2.3114489861199417,0.5713395123584845,0.08148947861442493,13.506814439201834,-9.700792637636349,2.0515819040499057,2.5213160681899778,0.2348670820700361,0,,1,-57.13395123584844,5525.6913768319855,1.2720371078851154,20.820276999151247
11,calm,100.40080402443134,0.1173015873015873,2.3126961194818705,0.5717331749768557,0.0815258913754125,13.495900321980029,-9.7064037063792,2.0527454794765854,2.5226467594871558,0.23495064000528532,0,,1,-57.173317497685574,5529.642990691002,1.2728275887530922,20.665557127468674
12,calm,100.49751199749704,0.11714285714285713,2.3668266785280423,0.579600412394105,0.08119084761230004,13.448119006424031,-9.712518295188932,2.1032492910666636,2.580404065989421,0.23857738746137885,0,,1,-57.9600412394105,5608.690956607984,1.2886403444876355,20.53368462770777
13,calm,100.36689607129817,0.11698412698412698,2.2902738772232,0.5689554805229088,0.08176646029108124,13.489975419027575,-9.716441220762974,2.0318255274492456,2.4987222269971543,0.2334483497739544,0,,1,-56.89554805229088,5501.829711552327,1.3100083199036836,20.42754099081776
14,calm,100.33790409306417,0.11682539682539682,2.2722705637069396,0.5665761999770501,0.0819302156021759,13.490854187429907,-9.720818469030895,2.0150284359385746,2.4795126914753047,0.23224212776836495,0,,1,-56.65761999770501,5477.9517345897775,1.3147829603681007,20.271949489471808
15,calm,100.25245921378868,0.11666666666666665,2.2226163685169595,0.5595506939913768,0.08228844306127599,13.5083946506568,-9.721248293161104,1.9687010718263234,2.426531665207596,0.22891529669063632,-1,2.426531665207596,0,0.0,39.383149992682775,2.470796107962153,39.383149992682775
16,calm,100.3582522536153,0.1165079365079365,2.280728301942098,0.5682306272022777,0.08196656115797926,13.465622650899265,-9.73275804113922,2.0479195057119775,2.5135370981722183,0.23280879623012057,0,,0,0.0,39.383149992682775,2.470796107962153,39.383149992682775
17,calm,100.3651277977896,0.11634920634920634,2.2830917706078964,0.5687885554964702,0.08199674489035008,13.454072288946094,-9.738572468485746,2.0501246219771674,2.5160589192386253,0.2329671486307291,0,,0,0.0,39.383149992682775,2.470796107962153,39.383149992682775
18,calm,100.31321223440926,0.11619047619047618,2.252127494325606,0.5645181843149559,0.08224494176211453,13.46244803587486,-9.74186835011232,2.0212349522057904,2.4830200364454216,0.23089254211981564,0,,0,0.0,39.383149992682775,2.470796107962153,39.383149992682775
19,calm,100.17480410642912,0.11603174603174603,2.1732378453514656,0.5530854542190154,0.08276893057952923,13.492400087656751,-9.73669762173331,1.9476309097129174,2.398844780990014,0.22560693563854822,0,,0,0.0,39.383149992682775,2.470796107962153,39.383149992682775
20,calm,100.12921490974098,0.11587301587301586,2.146564033875734,0.5492899871130887,0.08296565163747317,13.493676587929887,-9.737261752193971,1.9227442436060598,2.3703838241454083,0.2238197902696742,0,,0,0.0,39.383149992682775,2.470796107962153,39.383149992682775
21,calm,100.13049716276103,0.11571428571428571,2.1457223631134497,0.5493775467011262,0.08301919623662521,13.484234106893567,-9.7430410100844,1.9219589647848485,2.369485761442051,0.22376339832860115,0,,0,0.0,39.383149992682775,2.470796107962153,39.383149992682775
22,calm,100.08167808885922,0.11555555555555555,2.117455272828053,0.5452994988726654,0.08321855586777778,13.48491451984055,-9.74245730473351,1.8955857695485736,2.339324776107533,0.22186950327947957,0,,0,0.0,39.383149992682775,2.470796107962153,39.383149992682775
23,calm,100.31022078898386,0.11539682539682539,2.242696494576684,0.5642293328814887,0.08253955429545,13.417586048013817,-9.769799091580115,2.0124358294400464,2.4729571597133218,0.23026066513663784,0,,0,0.0,39.383149992682775,2.470796107962153,39.383149992682775
24,calm,100.48834304689478,0.11523809523809524,2.342952309074704,0.5788724171966377,0.0818970435254908,13.342084946087208,-9.779298947928638,2.105974504366699,2.579930113782709,0.23697780470800517,0,,0,0.0,39.383149992682775,2.470796107962153,39.383149992682775
25,calm,100.00879523904642,0.11507936507936507,2.0732953849740596,0.5391494154003278,0.08358863193548305,13.469426391335418,-9.748518592855495,1.8543845941807977,2.2922061757673218,0.21891079079326198,0,,0,0.0,39.383149992682775,2.470796107962153,39.383149992682775
26,calm,99.67597477708394,0.11492063492063491,1.8969628914167487,0.5111643044042413,0.08429900094001404,13.47502138613881,-9.679466547069637,1.6898663776918266,2.104059405141671,0.20709651372492216,1,1.6898663776918266,1,-51.11643044042413,4964.437527491526,3.5098121142170093,59.05378535892032
27,calm,99.64509749656787,0.11476190476190476,1.8796842813014436,0.5085135469273991,0.0843972535601791,13.463747879534294,-9.676063475196324,1.648745434454247,2.0606231281486402,0.2059388468471967,0,,1,-50.85135469273992,4938.018746069813,3.515094813961403,58.898978009333405
28,calm,99.57076712791839,0.1146031746031746,1.8405868562015613,0.502185504449508,0.08453670885677078,13.447257650243595,-9.658501944664918,1.6122675368360566,2.018906175567066,0.20331931936550462,0,,1,-50.21855044495081,4874.997339914767,3.5276965748402365,58.75643367910379
29,calm,99.60814058682448,0.11444444444444443,1.8578788660518626,0.5052947345555501,0.0845573936331909,13.442003528497912,-9.676015686190368,1.6284009820263878,2.0373567500773375,0.2044778840254748,0,,1,-50.52947345555501,4905.961608774118,3.533890667430625,58.602599640164954
30,calm,99.64617467849654,0.11428571428571428,1.8756202779121125,0.5084626452720031,0.08457221381709623,13.435967485072387,-9.69325220331741,1.644953719292001,2.056286836532224,0.20566655862011157,0,,1,-50.84626452720031,4937.522313832182,3.540204071122976,58.448584796949035
31,calm,100.01894511922775,0.11412698412698412,2.0694698541908068,0.5398455568695946,0.0839135662044246,13.4126037572572,-9.78440509625923,1.825815373960023,2.2631243344215908,0.21865448023078404,1,1.825815373960023,2,-107.9691113739189,10467.144986875415,4.702877447886176,82.08233263379407
32,calm,99.82280292298272,0.11396825396825397,1.9636531580425185,0.5233038934417088,0.08441478615821839,13.421157582858935,-9.75157748201466,1.7020883964536697,2.125217919631367,0.21156476158884874,0,,2,-104.66077868834176,10136.83189579105,4.768926856221382,82.03024262730469
33,calm,99.75618463852125,0.1138095238095238,1.9274332324424108,0.5176353164365203,0.08459180520691045,13.412650115356263,-9.740918348151052,1.6682952058687692,2.0865712590160523,0.20913802657364156,0,,2,-103.52706328730406,10023.714153893023,4.791545880796073,81.73596000932594
34,calm,100.11610976847491,0.11365079365079364,2.1176495290206034,0.5479269957598788,0.08381904101854479,13.367528781528799,-9.81551231608496,1.8457670105762232,2.2895320474649843,0.22188251844438045,0,,2,-109.58539915197576,10630.129864931096,4.912853284484425,82.39592021387216
35,calm,100.23021914257335,0.11349206349206349,2.179157733150859,0.5574582981591314,0.0835150502222978,13.330782246412715,-9.833053045804578,1.9031541650297519,2.3551613012719668,0.22600356812110756,0,,2,-111.49165963182628,10821.156557588212,4.951066265612074,82.15462675123854
36,calm,100.34735425608612,0.11333333333333333,2.2434652994122857,0.5672105519975509,0.08315243952050397,13.285336099614197,-9.845887154399053,1.9631531243516627,2.423777474472909,0.23031217506062313,0,,2,-113.44211039951017,11016.839987217214,4.990210780440839,81.91740728199147
37,calm,100.2562624091122,0.11317460317460316,2.190579997705946,0.5596092696634084,0.08354329650263216,13.30490089175444,-9.846671089472888,1.9138111378596476,2.3673488575522446,0.2267688598462984,0,,2,-111.92185393268169,10864.394272903453,5.02069382669434,81.64351525538223
38,calm,99.96509201931669,0.11301587301587301,2.029635438523769,0.5351222355573119,0.08446494804960564,13.354903041917817,-9.815704098435685,1.7636498641426765,2.1956210129048617,0.21598557438109256,0,,2,-107.02444711146238,10374.726635419529,5.118607771402184,81.94501931045488
39,calm,99.99446852693784,0.11285714285714285,2.0438325668529487,0.5375754642880756,0.08445190011782891,13.34192408626669,-9.82669284411832,1.7768957848738012,2.210769348832096,0.21693678197914756,0,,2,-107.51509285761512,10423.77868366895,5.128420143526493,81.63062811794771
40,calm,100.01354201295702,0.11269841269841269,2.0525406031845392,0.539159921435263,0.08446276681312999,13.32995720857666,-9.835715724941217,1.7850203827711753,2.220060823597904,0.21752022041336416,0,,2,-107.8319842870526,10455.465779273683,5.134758830384811,81.31520907693448
41,calm,99.79710709326547,0.11253968253968254,1.936275252694685,0.5207854677542039,0.08500045331093493,13.338004746262161,-9.79737481237379,1.676544810764141,2.096005694625229,0.2097304419305439,-1,2.096005694625229,1,-52.078546775420385,5099.901768215329,6.26756518521802,96.2409836765346
42,calm,99.67675912731272,0.11238095238095237,1.872665353254959,0.5104976932736789,0.08524940881306405,13.326003953824365,-9.770882119543055,1.6421967745868769,2.0531339319230413,0.20546857866808227,1,1.6421967745868769,2,-102.09953865473578,9920.595263548656,7.284751256990777,118.17721270179572
43,calm,99.66393866368263,0.11222222222222221,1.864576747201454,0.5093575719173689,0.08532672154815144,13.315824170868924,-9.772910278131194,1.6096501051389565,2.0195033892639516,0.20492664206249744,0,,2,-101.87151438347377,9897.86492140437,7.289296416387755,117.86390975366885
44,calm,99.49784367232546,0.11206349206349206,1.7796097893532732,0.4951132897831138,0.08554678698834875,13.28688657270775,-9.724091967306538,1.5303759334666038,1.9288436452399425,0.1992338558866693,0,,2,-99.02265795662277,9614.353158986369,7.345987430668499,117.7341754708159
45,calm,99.48044426605584,0.1119047619047619,1.7694651050709709,0.49356640663961243,0.08561769908634564,13.274421015119575,-9.723496205758977,1.5209109430312158,1.918019267110726,0.19855416203975507,-1,1.918019267110726,1,-49.356640663961244,4864.34946100482,8.354146923708415,131.2754307809746
46,calm,99.49704502505591,0.11174603174603173,1.7761256496341176,0.49493023769106775,0.08566841320941612,13.267870796610037,-9.735304770088092,1.5521252311086318,1.9501260681596035,0.1990004185254859,0,,1,-49.49302376910678,4877.916463014952,8.35686086689908,131.11941359738375
47,calm,99.5031356909192,0.11158730158730158,1.7775956001301907,0.4953948826071267,0.08572528536938316,13.259443129541697,-9.74327390984194,1.553496694921468,1.9516945053389136,0.19909890520872278,0,,1,-49.53948826071267,4882.5389009555,8.357785539421695,130.96403850412753
48,calm,99.41416296283919,0.11142857142857142,1.732316658816778,0.4877029535629038,0.08582802238894138,13.232753564634605,-9.71545157690246,1.511251442676054,1.9033818749575022,0.19606521614072414,0,,1,-48.770295356290376,4806.054938471652,8.373079273171713,130.8285140572798
49,calm,99.51817647804224,0.11126984126984127,1.7819597773899503,0.4965715240819491,0.08583706279896311,13.24296318764089,-9.760243127427765,1.5575684723048238,1.956351082475077,0.19939130508512667,0,,1,-49.65715240819491,4894.295683394564,8.39073095249216,130.70240437777738
50,calm,99.674574148211,0.1111111111111111,1.859113870807235,0.5099382519404361,0.0857401245880545,13.250687571560777,-9.816996097080457,1.6295532414631504,2.03867450015132,0.20456062934408475,-1,2.03867450015132,0,0.0,147.5977026061173,9.400642056432087,147.5977026061173
51,calm,99.73084313103001,0.11095238095238094,1.886382007548093,0.5147170977583004,0.0857212662975144,13.24378802916747,-9.83892656346467,1.6799944130423707,2.0927696020538153,0.20638759450572225,-1,2.0927696020538153,-1,51.47170977583004,-4777.489013930378,10.447305459099928,167.18979865402252
52,calm,99.5868582390942,0.11079365079365079,1.8116044887032885,0.5023081343230095,0.08596373828558598,13.223982478090466,-9.80133086787263,1.6352269879601682,2.0379819894464086,0.20137750074312033,1,1.6352269879601682,0,0.0,183.84897087003628,11.492486632053804,183.84897087003628
53,calm,99.71530425682303,0.11063492063492063,1.8752702482487322,0.5132959004421854,0.08586828952894539,13.224422437033676,-9.846491359160714,1.669627141616067,2.0809133548813974,0.20564310663266505,1,1.669627141616067,1,-51.32959004421854,5134.188276207948,12.536155769781253,203.36961239557513
54,calm,99.62699436714998,0.11047619047619046,1.828716902896275,0.5056575156464258,0.08604526640334614,13.209238025247346,-9.82609915418007,1.6011928704022247,2.0062409353903257,0.20252403249405043,1,1.6011928704022247,2,-101.13150312928516,9934.671580584069,13.548478752661097,224.98726856062058
55,calm,99.78144993722842,0.11031746031746031,1.906276936429819,0.5188912741376507,0.08588608547569265,13.20671240519776,-9.876169979239583,1.6485563816890212,2.0639974911706167,0.20772055474079787,1,1.6485563816890212,3,-155.6673822412952,15210.376699994657,14.656812570940652,249.54267295440695
56,calm,99.5928408313761,0.11015873015873015,1.8083793211515058,0.5026135720614232,0.08620553058356074,13.186766830429036,-9.826937304680301,1.5322179066343549,1.9345407356686568,0.20116141451715092,0,,3,-150.78407161842696,14723.936653845654,14.754081126459349,249.436405590297
57,calm,99.75345540113813,0.10999999999999999,1.8886496009092966,0.5164015608163696,0.08605785157729293,13.187641036335291,-9.880860918892578,1.6071100776483738,2.0201891241702197,0.2065395232609229,0,,3,-154.9204682449109,15136.473986275756,14.836605097739625,249.21684675639153
58,calm,99.74977016128403,0.10984126984126984,1.8851784103902673,0.516041743476643,0.08612635336503932,13.178119680557984,-9.885890774374221,1.6038714568941195,2.0164853638864155,0.20630695349614792,-1,2.0164853638864155,2,-103.2083486953286,10178.798828632796,15.88825950566436,260.8254496261652
59,calm,99.53014967303461,0.10968253968253967,1.7723658268232967,0.49703834918881445,0.08644634909275127,13.149871358459023,-9.823258279581244,1.5236173164261357,1.9211143372204575,0.1987485103971609,0,,2,-99.4076698377629,9800.441036653034,15.96391593277489,260.85394441754397
60,calm,99.47490366449344,0.10952380952380952,1.743481882962378,0.49220154305886765,0.0865428605104818,13.130911591595728,-9.808911810518579,1.4966685968038986,1.8902951691208572,0.19681328615847932,0,,2,-98.44030861177353,9704.193626256023,15.983161565727702,260.54978698932246
61,calm,99.48424200044633,0.10936507936507936,1.7465240007386598,0.49295018900539467,0.08660053645453768,13.123083161691433,-9.818362642968552,1.4995068926891695,1.89354110878815,0.1970171080494902,0,,2,-98.59003780107894,9719.086342020431,15.98614070470838,260.23596273247676
62,calm,99.53196639875502,0.1092063492063492,1.76858664817631,0.49702586738136206,0.08663301574689353,13.121531450546524,-9.84179034235335,1.520091342748497,1.9170819536041228,0.1984953054278128,-1,1.9170819536041228,1,-49.702586738136205,5043.937228035943,16.979313532011897,273.7996997021937
63,calm,99.35953024232741,0.10904761904761905,1.6826179171905977,0.4820123467197136,0.08676062175778475,13.076331986170938,-9.780274373882959,1.4648825167388277,1.8503533176423679,0.19273540045177007,0,,1,-48.20123467197136,4894.7337572862525,17.009148259216396,273.74351489805304
64,calm,99.16549412743548,0.10888888888888888,1.5891845622792147,0.4651026143529759,0.0867488726400777,13.004588124843183,-9.69608074627049,1.3777091966065074,1.7506599279519222,0.1864753656727074,0,,1,-46.510261435297586,4727.014023475915,17.0426854985306,273.71942247634433
65,calm,99.20025558938396,0.10873015873015872,1.6038623726838779,0.4680409439715615,0.0868355761597936,13.007724501233145,-9.719093632625144,1.391403593714058,1.7663211516536979,0.18745877896981983,0,,1,-46.80409439715615,4756.156498731886,17.04851515951399,273.56460917273034
66,calm,99.11846652400497,0.10857142857142857,1.5643355095217188,0.46085845801202363,0.0868305670892787,12.966577918005985,-9.683487943764446,1.3545250303837637,1.7241459886596742,0.18481047913795517,0,,1,-46.08584580120236,4684.950560978044,17.06275349939678,273.4257476532848
67,calm,99.15949393116725,0.1084126984126984,1.5817755576670507,0.4643412534808874,0.08692969334369392,12.9731351002298,-9.71036655281335,1.3707965953033583,1.7427545200307433,0.1859789623636924,0,,1,-46.43412534808874,4719.478877549151,17.069660544119948,273.2720626629907
68,calm,99.29226915089804,0.10825396825396824,1.642643156749351,0.4758167531788406,0.08706543522804613,13.009137617799585,-9.780135452319602,1.4275860652471444,1.8077002482515576,0.1900570915022065,-1,1.8077002482515576,0,0.0,288.7571205909726,18.01177047848974,288.7571205909726
69,calm,99.00377408137916,0.10809523809523809,1.507463865732312,0.45063672901734475,0.08687309568111408,12.886156359801157,-9.637997860522514,1.3264637867282472,1.688463944736377,0.1810000790040649,0,,0,0.0,288.7571205909726,18.01177047848974,288.7571205909726
70,calm,99.04805281538057,0.10793650793650793,1.525968435665071,0.4543970113593957,0.0869965591459478,12.897049276642175,-9.668550903219522,1.3437285504755112,1.7082083208546306,0.18223988518955975,0,,0,0.0,288.7571205909726,18.01177047848974,288.7571205909726
71,calm,99.26208079398833,0.10777777777777778,1.6236639196691982,0.4729653309014998,0.08724395137934164,12.970578228748728,-9.783905752691236,1.4348784370513619,1.8124494022870345,0.1887854826178363,0,,0,0.0,288.7571205909726,18.01177047848974,288.7571205909726
72,calm,99.20984858214959,0.10761904761904761,1.5975294067235026,0.46833111334439126,0.08727933545917314,12.943096363521144,-9.764705553112407,1.410494936473028,1.7845638769739773,0.1870344702504747,0,,0,0.0,288.7571205909726,18.01177047848974,288.7571205909726
73,calm,99.06791166471429,0.10746031746031745,1.5303960164588162,0.4558644615818276,0.08720800075507237,12.876519852837747,-9.696741201911406,1.3478594833560755,1.7129325495615568,0.1825365331027407,0,,0,0.0,288.7571205909726,18.01177047848974,288.7571205909726
74,calm,99.19929121058175,0.1073015873015873,1.5894898023863533,0.4672520979316065,0.08739848416230558,12.919783038918697,-9.771285957309196,1.4029939856264675,1.775985619146239,0.1864958167598857,0,,0,0.0,288.7571205909726,18.01177047848974,288.7571205909726
75,calm,99.2434925618364,0.10714285714285714,1.6086734664062092,0.47103964676059334,0.08748871927339891,12.925501341861642,-9.798829263079206,1.4208923441569932,1.7964545886554253,0.18778112224921603,0,,0,0.0,288.7571205909726,18.01177047848974,288.7571205909726
76,calm,99.40028540545461,0.10698412698412697,1.6820377228177819,0.4846945861706088,0.08758201955758342,12.960972850624422,-9.875301424348226,1.4893411953889903,1.8747342502465734,0.1926965274287914,0,,0,0.0,288.7571205909726,18.01177047848974,288.7571205909726
77,calm,99.33962414062621,0.10682539682539682,1.6512328356145574,0.47931134060598096,0.08764714114549692,12.935562847887702,-9.855250771189274,1.460600235628382,1.8418654356007327,0.19063259998617535,0,,0,0.0,288.7571205909726,18.01177047848974,288.7571205909726
78,calm,99.08016686768005,0.10666666666666666,1.528276612241747,0.4565000393610856,0.08753644753417908,12.832732331940697,-9.7325352967188,1.34588207922155,1.710671145261944,0.18239453302019706,0,,0,0.0,288.7571205909726,18.01177047848974,288.7571205909726
79,calm,99.06078904826586,0.1065079365079365,1.5179034584909559,0.4547156826824057,0.08757482796071606,12.81424033642559,-9.72767550281453,1.3362039267720618,1.69960299020985,0.18169953171889405,0,,0,0.0,288.7571205909726,18.01177047848974,288.7571205909726
80,calm,98.98276756494211,0.10634920634920635,1.481154860204846,0.44779392809033347,0.08752162116535786,12.76723427213562,-9.688789754589498,1.3019174845711214,1.6603922358385708,0.17923737563372472,0,,0,0.0,288.7571205909726,18.01177047848974,288.7571205909726
81,calm,99.11806913995686,0.10619047619047618,1.5409933737510286,0.45956414471284895,0.08777036495357807,12.819384523714811,-9.770749819270266,1.3577468177097096,1.7242399297923476,0.18324655604131893,0,,0,0.0,288.7571205909726,18.01177047848974,288.7571205909726
82,calm,99.15177309812914,0.10603174603174603,1.5549781458808525,0.4624399438883365,0.08786847214100106,12.823246582843568,-9.794549189168618,1.3707946101068353,1.7391616816548696,0.18418353577401714,-1,1.7391616816548696,-1,46.24399438883365,-4123.43778484409,18.948805286248298,306.2384393606162
83,calm,98.8668143279069,0.10587301587301587,1.4252356263785728,0.4373549368144586,0.08748628972399712,12.675187719018908,-9.634886064116056,1.2747448394112084,1.625726413345937,0.1754907869673644,0,,-1,43.73549368144586,-3875.479912660094,18.998406780984045,305.9854580449014
84,calm,98.65846226649708,0.1057142857142857,1.3344997628856277,0.4190666599016349,0.08699996305916452,12.532839205297256,-9.499071080915348,1.1900882787722904,1.5289112469989647,0.16941148411333706,0,,-1,41.90666599016349,-3695.086670753342,19.034492646538506,305.910578263336
85,calm,98.81222296015187,0.10555555555555554,1.3984408789790095,0.4323727449179919,0.0874843535870139,12.622949885818059,-9.610767007460282,1.2497453400874157,1.5971364178706031,0.17369553889159364,0,,-1,43.23727449179919,-3826.5933507664295,19.060788723325768,305.93376860861827
86,calm,98.93061526474216,0.10539682539682539,1.448706274428261,0.44264838631644776,0.08780487783635066,12.68047810930704,-9.692106691454947,1.2966429540415674,1.6507695948149546,0.17706332038669348,-1,1.6507695948149546,-2,88.52967726328956,-8143.237825341588,19.97694977792618,325.3163606190501
87,calm,98.8188039280616,0.10523809523809523,1.3982339906167738,0.43273902355768123,0.08762423518102588,12.606787747888019,-9.62644596435187,1.27455231324545,1.6219156679880977,0.17368167737132384,0,,-2,86.54780471153624,-7947.430719494491,20.0161190329466,325.47302657561886
88,calm,98.81846740526744,0.10507936507936508,1.3965599460148894,0.43260447565230165,0.08768560263512472,12.596503012128176,-9.631908564613806,1.272990429631892,1.620129462397887,0.1735695163829976,0,,-2,86.52089513046033,-7944.772087766764,20.01665086565869,325.7781783542141
89,calm,98.89600729337732,0.10492063492063491,1.4288305334517517,0.4393101886303328,0.08792417736373613,12.631495623107172,-9.68788276652575,1.3030988877104843,1.6545621791930192,0.17573164574126737,0,,-2,87.86203772606656,-8077.43226241288,20.043177595241996,326.00635466484164
90,calm,98.97759374389169,0.10476190476190475,1.4634188878778005,0.4463948278552695,0.0881452896589964,12.66497432970314,-9.744095585835764,1.335369822389988,1.6914679533656132,0.17804906548781263,-1,1.6914679533656132,-3,133.91844835658085,-12467.769878305355,20.974888135379775,348.13023158130454
91,calm,99.13053223623282,0.1046031746031746,1.531160642336836,0.45980789891729995,0.08842817243767483,12.725604631851366,-9.837415783410881,1.423572879300268,1.788748405373404,0.18258776303656804,0,,-3,137.94236967518998,-12866.743118988199,21.054666827777865,348.20921213951624
92,calm,99.17523457599935,0.10444444444444444,1.5502377511490195,0.4636789520467504,0.08853830839039463,12.733596171304495,-9.867275643136372,1.441371821822035,1.809103680476004,0.1838659293269843,0,,-3,139.10368561402512,-12981.939934395152,21.07770158390803,348.62939141715106
93,calm,99.15849352120505,0.10428571428571427,1.5409223620376977,0.462112690960081,0.08858808166703845,12.717097274462375,-9.864578064285721,1.432680563781172,1.7991641602942234,0.18324179825652576,-1,1.7991641602942234,-4,184.8450763840324,-17338.59804816447,22.004831063971764,373.9923160731814
94,calm,99.11307737383761,0.10412698412698412,1.5184639346310647,0.458003154859871,0.08860415619094301,12.688414022203059,-9.846132840517903,1.4367268510107833,1.8002010182513462,0.18173708362028135,1,1.4367268510107833,-3,137.4009464579613,-12780.89747971252,22.96529780803118,381.7939774245988
95,calm,99.29765879970263,0.10396825396825396,1.6029348521551654,0.47429828804604257,0.08881577703041257,12.746675325806708,-9.946925941981682,1.4905382170607693,1.8653314872495614,0.18739663509439608,0,,-3,142.28948641381277,-13266.415136391883,23.06238192254415,381.71728066527066
96,calm,98.90406148908396,0.1038095238095238,1.421579026829363,0.4393141002279275,0.08838640282013026,12.565476035379358,-9.733901446786009,1.3213332320317956,1.6718248216269305,0.17524579479756736,0,,-3,131.79423006837825,-12228.599262155116,23.269986618330663,379.91166438543587
97,calm,98.87972216131378,0.10365079365079365,1.4093695462163964,0.43706056192963166,0.08839716600777199,12.541615562380516,-9.724123609774889,1.309941786619898,1.6587973058128949,0.1744277595964986,-1,1.6587973058128949,-4,174.82422477185267,-16318.384411240357,24.140945402507132,404.4385427809466
98,calm,98.88532397062124,0.10349206349206348,1.4102747082927323,0.43745303554421705,0.08847383510633391,12.53469054446285,-9.73364091746317,1.3357863028371193,1.6847631137483454,0.17448840545561306,1,1.3357863028371193,-3,131.23591066326512,-12142.600528475581,25.022994314899307,411.6226015530774
99,calm,98.63687723907023,0.10333333333333333,1.3027971242301462,0.4154335890328214,0.08784481545390053,12.364120767112286,-9.565922957150697,1.2105097169067263,1.545084531553566,0.1672874073234198,0,,-3,124.63007670984642,-11491.152011517084,25.153310081444317,411.1304279388987
100,calm,98.69464332478131,0.10317460317460317,1.3254161631587777,0.4203982357345455,0.08809271692512614,12.394471442223194,-9.61414129611924,1.2316132802271396,1.5692190460904158,0.16880288293163812,1,1.2316132802271396,-2,84.0796471469091,-7613.023579195507,25.97373211792047,420.1039742103967
101,calm,98.58117942936516,0.103015873015873,1.2767694077919245,0.4103014027740146,0.08777468034237347,12.302389108919597,-9.534695505106072,1.1612258574698655,1.4923129581139836,0.16554355032205895,0,,-2,82.06028055480292,-7413.991853153492,26.013546425990487,420.2535066851942
102,calm,98.73110260754731,0.10285714285714286,1.3377399008705453,0.4233855263961053,0.08832876787673787,12.398599703828275,-9.651843307998613,1.2181113275122188,1.5573684742288718,0.16962857335832654,0,,-2,84.67710527922107,-7672.405515924062,26.065218824064985,420.3104737346912
103,calm,98.70908021162899,0.10269841269841269,1.3269073725666019,0.42132606484532065,0.08832563658055731,12.373505430108708,-9.641727127145316,1.2080045786046396,1.5458101665285642,0.16890279396196234,0,,-2,84.26521296906412,-7631.756136344443,26.073350326281354,420.60405515558614
104,calm,98.82549916012213,0.10253968253968254,1.3750131692923944,0.43152067475139555,0.08871667265615195,12.438364588860498,-9.72931253483165,1.252887286949804,1.5971390516349848,0.17212588234259044,0,,-2,86.3041349502791,-7833.293918383068,26.113649822789778,420.75266380232915
105,calm,99.0380324584463,0.10238095238095238,1.4671667973952935,0.4503324472248832,0.08922513285760277,12.544068353233143,-9.870628265211987,1.3388666219698089,1.6954669728207783,0.17830017542548468,0,,-2,90.06648944497664,-8205.984628186416,26.188173060102987,420.58991740443344
106,calm,99.10479358432643,0.10222222222222221,1.4958570181986275,0.456202828588899,0.08938960214141599,12.564629317191706,-9.91552054537111,1.3656345979793194,1.7260794384179357,0.18022242021930807,0,,-2,91.2405657177798,-8322.364486172162,26.21144437743667,420.8415421658501
107,calm,98.95167789324616,0.10206349206349205,1.4254923227538114,0.4424338811241888,0.08920118821371392,12.480024106536867,-9.830016926568035,1.299984337129306,1.651000308378317,0.17550798562450537,0,,-2,88.48677622483775,-8049.926893698934,26.26594279561495,420.88962056220225
108,calm,98.687576414815,0.1019047619047619,1.3102166105663926,0.4188424828605562,0.08857467105815629,12.307136847870304,-9.6546978224272,1.1924320976584444,1.528001123474341,0.16778451290794832,0,,-2,83.76849657211125,-7584.384437040775,26.359069912369932,420.4821474603432
109,calm,98.99310385283,0.10174603174603174,1.4407663525546397,0.4459355040036129,0.08941403786658207,12.48133691080492,-9.868117220526377,1.314235006933479,1.6672976981758005,0.17653134562116085,0,,-2,89.18710080072259,-8120.8961690713095,26.466350802597994,419.85849231651264
110,calm,98.97351935804333,0.10158730158730159,1.4304851491930606,0.44408550601233415,0.08944364827007807,12.461060144647485,-9.862115864223513,1.3046426441971255,1.6563276541889957,0.17584250499593507,1,1.3046426441971255,-1,44.408550601233415,-3820.3761066377638,27.372728943596844,431.8459210367523
111,calm,98.85323378656027,0.10142857142857142,1.3761610641106614,0.4332347308486541,0.08924248822917918,12.383453478051106,-9.78984184030032,1.228958272815247,1.5733638554060756,0.17220279129541433,1,1.228958272815247,0,0.0,445.7589150197882,28.270714710538048,445.7589150197882
112,calm,98.87823594518431,0.10126984126984126,1.3854636763605086,0.4353608184855916,0.08936966408438704,12.387957590484584,-9.812703271001888,1.2126376100443546,1.5582897426766626,0.1728260663161541,0,,0,0.0,445.7589150197882,28.270714710538048,445.7589150197882
113,calm,98.84470476369165,0.1011111111111111,1.3693612816234761,0.4322571725120594,0.08935255831621652,12.357787623227303,-9.796100570984633,1.1976140757547031,1.5411084874922492,0.1717472058687729,0,,0,0.0,445.7589150197882,28.270714710538048,445.7589150197882
114,calm,98.99322979644987,0.10095238095238095,1.432978336211292,0.44545536283335585,0.08974981734565167,12.430516180224032,-9.899195614583482,1.2569687876851354,1.6089878847374486,0.17600954852615658,0,,0,0.0,445.7589150197882,28.270714710538048,445.7589150197882
115,calm,98.99900009518457,0.10079365079365078,1.4339778757058141,0.44587483349636736,0.0898282473776163,12.423265142100062,-9.909026453951682,1.2579013580335245,1.6100543933781037,0.17607651767228955,1,1.2579013580335245,1,-44.587483349636734,4733.182224337488,29.173537964212994,462.4637435333416
116,calm,99.00124704459549,0.10063492063492063,1.4334063810512703,0.4459782009355623,0.08990021789454919,12.414202310868875,-9.916685237516903,1.2323681535208353,1.5844446085817054,0.17603822753043513,-1,1.5844446085817054,0,0.0,476.50738771064607,30.076381255051828,476.50738771064607
117,calm,98.87639065363841,0.10047619047619047,1.376861501809266,0.43466258128912005,0.08969756685729764,12.33550882056293,-9.841962856063462,1.2046117811880452,1.5491112224304868,0.17224972062122085,0,,0,0.0,476.50738771064607,30.076381255051828,476.50738771064607
118,calm,98.95816405068352,0.1003174603174603,1.4111342004670249,0.4419034725982008,0.08995063406102988,12.371206385743477,-9.902004562976948,1.2365882090357343,1.5856801918983154,0.17454599143129068,-1,1.5856801918983154,-1,44.19034725982008,-3738.81482582019,30.970980381770616,493.06738772705603
119,calm,98.77771774556304,0.10015873015873016,1.3313037901669418,0.4255966783725329,0.0895646710357568,12.253821670151783,-9.78532633251044,1.1871064362257566,1.5255011441081268,0.16919735394118512,-1,1.5255011441081268,-2,85.11933567450657,-7629.965351059747,31.79955479481808,511.6676048531099
120,calm,98.89364833319983,0.09999999999999999,1.3796795550690746,0.4358919411619665,0.08994094475235585,12.31465583140793,-9.872077025549897,1.2572410248794466,1.6021180852587027,0.17243853018962801,-1,1.6021180852587027,-3,130.76758234858997,-11984.998060478563,32.722419125540874,533.1813751649206
121,calm,99.159675136179,0.09984126984126984,1.4972341795561235,0.4598006938447863,0.09048562302806723,12.436205883345878,-10.042077690577532,1.391919489525863,1.7525488695863838,0.1803146900302603,0,,-3,137.9402081534359,-12696.375552209396,32.86466617447725,532.5604226353789
122,calm,98.893210098311,0.09968253968253968,1.3763526718823726,0.4356387958415511,0.09007508302145234,12.293760548310697,-9.884199845144959,1.2791370428662536,1.6235683008984916,0.17221562901611898,0,,-3,130.6916387524653,-11979.684622386361,33.008033033813724,531.9252652890427
123,calm,98.46380384828336,0.09952380952380951,1.1960351937953178,0.3971098685705423,0.08866828991372351,11.977786797604228,-9.561715137937798,1.1109008358110315,1.431169551779604,0.1601343579842863,-1,1.431169551779604,-4,158.84394742821692,-14609.125463213799,33.582429713678835,552.8397413270595
124,calm,98.5708445157762,0.09936507936507935,1.2375186266705143,0.4064966574393871,0.0891793541405714,12.053775459091241,-9.656493477678715,1.1746048786835899,1.5004323746574388,0.16291374798692446,0,,-4,162.59866297575485,-14979.304966747615,33.6564508101663,553.1751092404083
125,calm,99.0146715950798,0.0992063492063492,1.425182297498253,0.4462988031540215,0.09054285368488581,12.328799350785902,-9.982149235816765,1.3496950835658703,1.700669511430636,0.17548721393238298,0,,-4,178.5195212616086,-16556.018801144164,33.97173052110342,549.9600508855765
126,calm,98.83986507568791,0.09904761904761904,1.346981324369068,0.4303929086323311,0.09020887809127265,12.220406296480641,-9.872327013055802,1.2767335756363405,1.6172290731017958,0.17024774873272758,0,,-4,172.15716345293245,-15927.28998468884,34.09750143857798,549.9082930645236
127,calm,98.62190927480952,0.09888888888888889,1.2537706291686206,0.4106778940211916,0.08957015681494074,12.061065596788534,-9.715050252719356,1.1897679970143231,1.5177732613229182,0.16400263215429758,0,,-4,164.27115760847664,-15149.712578346887,34.25304802916449,549.5143721167842
128,calm,98.72426167281408,0.09873015873015872,1.2947191811425043,0.41974477885748385,0.08999631756131644,12.124124833683382,-9.800371717483179,1.2279729960059567,1.561465366279052,0.1667461851365478,0,,-4,167.89791154299354,-15507.832792521933,34.32465775005532,549.8768885105528
129,calm,98.5778192559155,0.09857142857142856,1.2326761041945815,0.4064736420236904,0.08953005764441482,12.006221834532331,-9.691255808013205,1.1700868052135447,1.4952654031756185,0.16258929898103697,-1,1.4952654031756185,-5,203.2368210118452,-18842.655609052053,35.04138427611965,575.6489467031824
130,calm,98.48972015779701,0.09841269841269841,1.1956860453553304,0.3984666293846164,0.08922523032494434,11.924732906850704,-9.623422539250557,1.1605750803165233,1.4807970103941375,0.16011096503880715,0,,-5,199.2333146923082,-18448.430252834296,35.12024511953189,576.1601346437819
131,calm,98.42911080303928,0.09825396825396825,1.170179320927872,0.3929274096078441,0.08901306204538871,11.862575779460844,-9.576526075751731,1.1367773064257045,1.4535813354300393,0.15840201450216743,1,1.1367773064257045,-4,157.17096384313766,-14422.796223066021,35.968277078005755,579.3302636995068
132,calm,98.52136317848944,0.0980952380952381,1.205274018274629,0.40102447395825747,0.08949118340878337,11.929357039096644,-9.661822642619947,1.144520659050229,1.4660273774990293,0.16075335922440015,0,,-4,160.409789583303,-14741.953568790095,36.03209578340949,579.7279608217177
133,calm,98.45080364202937,0.09793650793650793,1.1756759838241777,0.39458217920905425,0.08924097504504809,11.859748739074847,-9.606878694891481,1.116905692907958,1.4344462747403977,0.1587702909162199,0,,-4,157.8328716836217,-14488.304670574571,36.08283571103812,580.1979942776161
134,calm,98.49891685298581,0.09777777777777777,1.193232006093929,0.39874514826868224,0.08952269328578226,11.889517964264268,-9.654295993106373,1.1332854616856358,1.4531785505022223,0.15994654440829326,0,,-4,159.4980593074729,-14652.35665171637,36.11563954649939,580.7366277854289
135,calm,98.46809831502614,0.0976190476190476,1.1794570976484877,0.3958500826661797,0.08944849401518865,11.852957746805936,-9.633412426861172,1.1204334721060392,1.4384807231909364,0.1590236255424487,0,,-4,158.34003306647188,-14538.350815694454,36.13844527484944,581.3082884399937
136,calm,98.32135094033003,0.09746031746031746,1.1208192057570656,0.38262768074480263,0.0887893188339319,11.711492803624596,-9.506664336861657,1.0657243189713423,1.375914092542789,0.15509488678572342,-1,1.375914092542789,-5,191.3138403724013,-17643.457092261273,36.80685113084246,606.3685438573448
137,calm,98.2657486348893,0.09730158730158729,1.0981802219283594,0.37754756079695057,0.08855062946654005,11.647801150042183,-9.459630762086237,1.0696021470591592,1.3767582967975596,0.15357807486920008,0,,-5,188.77378039847528,-17393.906117524897,36.85677130982553,607.0006250052902
138,calm,98.101006490204,0.09714285714285714,1.0357034655805535,0.36287634219329,0.08763624347771742,11.470162956114386,-9.302149411134371,1.0113113333866564,1.3100955977744506,0.14939213219389708,0,,-5,181.43817109664502,-16674.41938792759,37.00069744097122,606.9960796048472
139,calm,98.10198120696595,0.09698412698412698,1.0345801167131654,0.3627998369300648,0.08770078192519885,11.460081821387737,-9.308219764534792,1.0102632488933834,1.3088969845329474,0.1493168678197821,1,1.0102632488933834,-4,145.1199347720259,-13213.287353616477,37.733275628448816,609.4337134596681
140,calm,97.90755262707357,0.09682539682539681,0.9642458629781601,0.3456995049495775,0.08644785248928527,11.233211085006808,-9.107529559786519,0.9196413901586235,1.208850335797697,0.14460447281953673,0,,-4,138.279801979831,-12543.720632420747,37.867215760714416,609.2180119896057
141,calm,97.71884754461648,0.09666666666666666,0.8991292561723796,0.32933499651371456,0.08507275746887204,10.993904538048518,-8.899596497950808,0.8588875960088301,1.139370916335929,0.14024166016354944,0,,-4,131.73399860548582,-11904.200200098474,37.99514543311335,609.0426236047642
142,calm,97.97013980840377,0.0965079365079365,0.9831375226034069,0.35078324390636073,0.08700000548397883,11.282304092583843,-9.184876129124715,0.9372673085889787,1.2290077366178354,0.1458702140144283,0,,-4,140.31329756254428,-12744.88342140324,38.16324845676957,608.3749487360219
143,calm,97.9607974585928,0.09634920634920635,0.9784074767977984,0.3497993969841912,0.08699107319506943,11.260443342655678,-9.17962768968236,0.932854175852346,1.223960777743251,0.1455533009454525,0,,-4,139.9197587936765,-12706.339760048404,38.1709587310954,608.9484008749787
144,calm,97.95133198444783,0.09619047619047619,0.973644517300599,0.3488040540188824,0.08698061442963426,11.238368642239893,-9.174182099467005,0.928410334641459,1.2188786999597392,0.14523418265914012,0,,-4,139.52162160755296,-12667.349491968602,38.17875834463407,609.5213782010887
145,calm,98.03959746177279,0.09603174603174602,1.003299881259636,0.35634086999282166,0.08764458509162835,11.325854789057805,-9.273672189432324,0.9560787892152406,1.250520973304032,0.14722109204439562,-1,1.250520973304032,-5,178.17043499641082,-16332.189324478402,38.95658116603783,633.9184615288505
146,calm,97.96669512643663,0.09587301587301586,0.9760942516502453,0.3497973637143661,0.08720140837127387,11.233234860836474,-9.200521217149149,0.9556959367896789,1.2464925665108118,0.14539831486056642,1,0.9556959367896789,-4,139.91894548574643,-12681.15638153623,39.7260555682425,635.8025926183
147,calm,97.92706052575824,0.09571428571428571,0.9608446847253092,0.3461720777231964,0.08697501034289881,11.17647174230052,-9.162000622560551,0.9164680908487135,1.205221278601905,0.14437659387659574,0,,-4,138.46883108927855,-12539.179342352101,39.75445665629694,636.3283867685495
148,calm,98.00037032932386,0.09555555555555555,0.9849893329210389,0.35239646201522423,0.08755044897434881,11.24858226214148,-9.246740327778891,0.9389950476153293,1.2309836182267486,0.14599428530570963,0,,-4,140.9585848060897,-12783.22492798566,39.8032560135522,636.7728509401168
149,calm,98.04904735665488,0.0953968253968254,1.000770405211398,0.3564978829520319,0.08794091884812558,11.291189964587277,-9.303821152840715,0.9537187880622344,1.2478220223605616,0.14705161714916365,-1,1.2478220223605616,-5,178.24894147601594,-16315.477929615168,40.55451280296743,661.2757718346256
150,calm,97.84860859078742,0.09523809523809523,0.9296293939179918,0.338832191044909,0.08655779151124773,11.049794783202666,-9.088338037021789,0.9123442245254864,1.1969145633104974,0.14228516939250546,0,,-5,169.41609552245453,-15451.369099499707,40.72736914025798,660.9454232974022
151,calm,97.992387447444,0.09507936507936507,0.9777763473225747,0.351181682078324,0.08766730125484863,11.205638908840275,-9.252955075254578,0.9572653320519622,1.2482873625931872,0.1455110152706125,0,,-5,175.590841039162,-16056.568170173286,40.84838475127049,661.10938349754
152,calm,97.89023614684949,0.0949206349206349,0.9409076393707849,0.34208526237741144,0.08698236615578724,11.076400232213947,-9.14475909536074,0.9228668275329424,1.2089484512086275,0.1430408118378426,1,0.9228668275329424,-4,136.8341049509646,-12355.727586181403,41.62716596086145,662.6322046629939
153,calm,97.70790902347427,0.09476190476190476,0.8785558308037196,0.3261661932613701,0.08559739838499725,10.841311453159074,-8.93811977501831,0.8396925901398703,1.1174190714675687,0.13886324066384922,0,,-4,130.46647730454802,-11733.684436926527,41.75159947741573,662.4999258379339
154,calm,97.55269208060628,0.09460317460317459,0.8275660261209978,0.3127855810724498,0.08431095000993255,10.626646808037167,-8.75357072371995,0.7921191023708909,1.0630129498711047,0.13544692375010686,0,,-4,125.11423242897992,-11211.662965819487,41.85602465667299,662.5408147777962
155,calm,97.48536369881978,0.09444444444444444,0.805320930040736,0.3069291875834533,0.08374712648716698,10.523330229753258,-8.67311823506247,0.7713644277280067,1.0392774323534653,0.13395650231272932,0,,-4,122.77167503338131,-10983.343579136135,41.90169766861205,662.9694413900615
156,calm,97.76542462821449,0.09428571428571428,0.8931655640039722,0.3305437070697582,0.08622573926994428,10.878811196115194,-9.019370570227844,0.8533234712157061,1.1330076567922382,0.13984209278826615,1,0.8533234712157061,-3,99.16311212092747,-8761.056368495338,42.38331790421165,665.7177262611858
157,calm,97.56277111218894,0.09412698412698411,0.8265457434989045,0.313044628427401,0.08454535678856785,10.604744153082526,-8.777944744001577,0.7661671786844779,1.036924308313331,0.13537856481442662,0,,-3,93.9133885282203,-8248.981222734044,42.48575342046716,665.5054835651117
158,calm,97.59016978278055,0.09396825396825396,0.833755471703256,0.3151678811977877,0.08483847158847271,10.62953278905102,-8.815989663102117,0.7728938550991378,1.0446170883073742,0.13586161660411816,0,,-3,94.55036435933631,-8311.156234756085,42.498185936368394,665.9032345843316
159,calm,97.22272161504182,0.0938095238095238,0.7222743781006322,0.28441236021024163,0.08135669511706721,10.099591639917957,-8.344115588233988,0.6688819947678898,0.9256667614333746,0.12839238333274236,-1,0.9256667614333746,-4,113.76494408409665,-10087.076912890256,42.891804683474476,684.550824108419
160,calm,97.22230167544636,0.09365079365079365,0.720830330881995,0.2841645033836767,0.08139203746410849,10.086795477794094,-8.34664111533922,0.6925346987129013,0.9491259630510887,0.12829563216909368,-1,0.9491259630510887,-5,142.08225169183834,-12745.808754225996,43.46241944804974,707.3396170436117
161,calm,97.37653391436959,0.09349206349206349,0.7642742953736246,0.29663056661785225,0.08298365372172947,10.299211044096396,-8.554911301817818,0.7580679175835917,1.0204806731636573,0.13120637779003286,0,,-5,148.31528330892613,-13352.881159079614,43.58380965097987,707.4099083845522
162,calm,97.33574262583548,0.09333333333333332,0.7508936048434869,0.29304387193560166,0.08262435667482408,10.22863300382006,-8.504657231623801,0.7455837333189732,1.0062034763680006,0.13030987152451362,0,,-5,146.52193596780083,-13178.359275204162,43.618721010026775,708.0153707751015
163,calm,97.22760109116281,0.09317460317460316,0.7183571701428839,0.2839529798392725,0.0815662512108287,10.058083367690301,-8.363104865722356,0.7152272397433107,0.9714871005424571,0.1281299303995732,-1,0.9714871005424571,-6,170.3717879035635,-15400.558228021566,44.10249378804551,733.2677013685716
164,calm,97.26716050616874,0.09301587301587301,0.7283179088617118,0.28697418632677013,0.08201485702346356,10.104390224188844,-8.419702538249023,0.7495206089679771,1.0071152087554465,0.1287972998937347,0,,-6,172.18451179606208,-15576.911997527754,44.137757489206514,733.9958026990935
165,calm,97.3872034531005,0.09285714285714285,0.761998888447728,0.2966834776951117,0.0832645538148569,10.266142809303402,-8.583027531079304,0.7809449629217302,1.0430528139737258,0.1310539255259978,1,0.7809449629217302,-5,148.34173884755586,-13333.509909993674,44.62215368521097,732.0777475160867
166,calm,97.50111823377422,0.0926984126984127,0.7949519480307785,0.3060273900990069,0.08440873753264036,10.413744817111333,-8.73509570120854,0.7866901675127164,1.0532137285488408,0.13326178051806217,0,,-5,153.01369504950347,-13789.121968213589,44.71325787601679,732.4084301793318
167,calm,97.84077459497178,0.09253968253968253,0.9023710527571396,0.33502817256091755,0.08743353854457422,10.843609285227712,-9.15876708304849,0.8869121922224112,1.167829913291868,0.14045886053472836,0,,-5,167.51408628045877,-15208.135224082385,44.99700377801015,730.3872067880675
168,calm,97.87672605844247,0.09238095238095237,0.9130115237979766,0.3379913574908593,0.08777672683118105,10.875487180978363,-9.20575848364708,0.8968397517035122,1.179183295892441,0.14117177209446444,0,,-5,168.99567874542964,-15353.177646590557,45.026006461974994,731.0603451374191
169,calm,97.77435469640768,0.09222222222222222,0.8774270914798166,0.3288563464186407,0.08699819487477647,10.738009325564295,-9.08882589794493,0.8636394763506688,1.1412147066089644,0.13878761512914772,0,,-5,164.42817320932036,-14906.682057206475,45.115323443248066,731.462926504064
170,calm,97.75247896270633,0.09206349206349206,0.8688150942695074,0.3267621891228064,0.0868677328403928,10.698663455727925,-9.066863388361268,0.8556044829534504,1.1320257055855645,0.138210611316057,0,,-5,163.3810945614032,-14804.347994610353,45.13579434994863,732.1514672723933
171,calm,97.73982758326231,0.0919047619047619,0.8632509576861302,0.3254697642203942,0.08681356235744386,10.670794709373421,-9.055939718909897,0.8504131435211595,1.126088771851101,0.13783781416497073,0,,-5,162.73488211019708,-14741.199933186022,45.148426488661244,732.853907204093
172,calm,97.7584232948225,0.09174603174603174,0.8678769022115169,0.32689208849872353,0.087026661805536,10.682576867023363,-9.083204749711513,0.8547291497633454,1.1310246546596885,0.13814775244817162,0,,-5,163.44604424936176,-14810.735927035621,45.16233090654759,733.5532014520177
173,calm,97.75309368609209,0.09158730158730158,0.8646948245109094,0.3262341779562546,0.08703539963131278,10.664002759436885,-9.081248139155246,0.8517602712686785,1.1276293777531403,0.13793455324223095,0,,-5,163.1170889781273,-14778.585962867193,45.16876218563709,734.2667055588481
174,calm,97.78294143239071,0.09142857142857141,0.8730233721617822,0.3286427954711456,0.08734442894876623,10.689844158790489,-9.122291009561083,0.8595308062269428,1.1365159380966217,0.1384925659348394,0,,-5,164.32139773557282,-14896.370367733543,45.192314356176254,734.9475570516624
175,calm,97.49503764869682,0.09126984126984126,0.7806004020035537,0.30365572845549293,0.0847784404794463,10.296882973488659,-8.761991338381954,0.7733001750693156,1.037900628937792,0.1323002269342381,0,,-5,151.82786422774646,-13678.556459526699,45.43592586011841,733.6066784768955
176,calm,97.637657415003,0.0911111111111111,0.8233541828488562,0.3156418993781548,0.08617173119103674,10.47849471381074,-8.950406260341943,0.8131894525979828,1.0835189130997296,0.13516473025087336,0,,-5,157.8209496890774,-14263.82431482399,45.552956025144866,733.7664124041457
177,calm,97.53857617550823,0.09095238095238095,0.7911006967897549,0.3069424492627572,0.08529476245396489,10.332782684360476,-8.826884646414939,0.7830969501048414,1.0491044434746686,0.13300374668491358,0,,-5,153.47122463137862,-13839.643179138899,45.63780922292144,734.1712069224814
178,calm,97.33680101586407,0.09079365079365079,0.7295316649118924,0.28971568087679783,0.08332578161781211,10.034992429400393,-8.56088261622406,0.7256530433627956,0.9834102864609892,0.1288786215490968,-1,0.9834102864609892,-6,173.8294085260787,-15723.318965394552,46.054129321882,758.9605840665809
179,calm,97.44620397183796,0.09063492063492062,0.7603456837254008,0.2986808391554428,0.08448637141703338,10.179820124468492,-8.712521859399429,0.7794025229157989,1.0412888445350026,0.13094316080960186,0,,-6,179.20850349326568,-16247.596185228012,46.15896379895328,759.3847894293503
180,calm,97.67273589765541,0.09047619047619047,0.8287629666437155,0.31786701234741616,0.08670044090977452,10.476841016830939,-9.012311804344838,0.8432358478785866,1.1142900854088444,0.13552711876512893,0,,-6,190.7202074084497,-17372.200677391036,46.38383972220124,758.7059911743054
181,calm,97.75755892920445,0.09031746031746031,0.8545904229500394,0.32505619036498906,0.08751166343503594,10.574659411063344,-9.12348893739993,0.8673328646123867,1.1418479812876918,0.13725755833765263,0,,-6,195.03371421899342,-17793.96290919353,46.46817530144589,759.3026479813125
182,calm,97.7851991672416,0.09015873015873016,0.8621545285178733,0.32728216772957597,0.08780787094315651,10.597795094696197,-9.162453593158073,0.8743901751071758,1.1499188819285708,0.1377643534106975,-1,1.1499188819285708,-7,229.09751741070318,-21010.59298765163,47.1543624573449,788.2452111120692
183,calm,97.62439297461222,0.09,0.809232292638395,0.31307183543879064,0.0864107167450785,10.376594498745781,-8.963311078121247,0.8500137290316225,1.1184508562451676,0.13421856360677248,-1,1.1184508562451676,-8,250.4574683510325,-22984.437196993164,47.59141290624834,818.935282623821
184,calm,98.11995917857445,0.08984126984126983,0.9736519493015194,0.3567801912055064,0.0905788609628004,10.96845581801116,-9.567101842815525,1.0284172686983175,1.3188866299047213,0.14523468060320183,0,,-8,285.42415296440515,-26416.05304980075,48.27759883962318,810.8316282046544
185,calm,98.27226865704559,0.08968253968253967,1.0275024151381018,0.3704890593005516,0.09167895977599783,11.116487272942527,-9.73820157115738,1.078659753323849,1.3763450769523546,0.14884266181425282,0,,-8,296.39124744044125,-27494.029856787918,48.49315109057042,811.0085071655194
186,calm,98.07483361613662,0.08952380952380952,0.9546213530878589,0.35233941374840294,0.09037783280301077,10.89541240028373,-9.527315468682243,1.0106617224309722,1.2985809837447455,0.14395963065688655,0,,-8,281.87153099872233,-26070.295886367687,48.77795484540543,810.5105349874138
187,calm,97.93990614827932,0.08936507936507936,0.9064129440868314,0.3400251256312793,0.08939399594839034,10.72811941369707,-9.375244431273808,0.9656832768330137,1.247142611340649,0.1407296672538177,1,0.9656832768330137,-7,238.0175879418955,-21872.692157046826,49.656965058848954,804.2390067614579
188,calm,97.95478057074254,0.0892063492063492,0.9099891560543796,0.34116688249435867,0.08957442886435195,10.733938970770856,-9.39816330971469,0.9440198825987361,1.225958429510023,0.14096927345564345,0,,-7,238.81681774605107,-21950.9961948145,49.67262273486728,805.2603748648835
189,calm,97.68637637979722,0.08904761904761904,0.8201788586974033,0.3172244206879923,0.08730620387340746,10.386361941574581,-9.06973000176684,0.8602268751646773,1.1301308422301293,0.13495198353272603,0,,-7,222.0570944815946,-20314.126999308526,50.00006206183387,803.7007089365325
190,calm,97.71528415251237,0.08888888888888888,0.8279397243741187,0.3195485866661343,0.08762735732876893,10.412145448570932,-9.11146977741684,0.8674677628410528,1.1384116859071847,0.13547196153306595,-1,1.1384116859071847,-8,255.63886933290743,-23482.414793193922,50.67635259622222,835.0581845988127
191,calm,97.63604168201131,0.08873015873015873,0.8014619630427582,0.3124257335753413,0.08693901234164304,10.295189015559219,-9.01304135791422,0.8677640115188934,1.135159914566623,0.1336979515238648,0,,-8,249.94058686027304,-22926.16831972892,50.787624145225024,835.8716665528627
192,calm,97.84729873300734,0.08857142857142856,0.8679449208807242,0.33080154124029437,0.08891700709436949,10.556117179035107,-9.287740539713676,0.9297926111817156,1.2060972305797326,0.13815230969900852,0,,-8,264.6412329922355,-24364.874517074004,51.075307847953496,835.1993278840782
193,calm,98.01334207346599,0.0884126984126984,0.922597914806147,0.3454938610773648,0.09034961310931572,10.743341347338879,-9.494161196649749,0.9807838545141351,1.2644119750981588,0.14181406029201185,0,,-8,276.39508886189185,-25517.139620048056,51.30571478716047,835.1884401536627
194,calm,97.54558424415002,0.08825396825396825,0.7693175814527429,0.303959663885101,0.08620861785236666,10.135103512112925,-8.905232279188194,0.837773303495409,1.1008618594100765,0.13154427795733378,1,0.837773303495409,-7,212.77176471957068,-19396.00386024495,52.566949652164006,820.4199329674811
195,calm,97.55260786609777,0.08809523809523809,0.7700392436934997,0.3043510419235675,0.08632951653082611,10.132521776504996,-8.918852991304329,0.8134466143660353,1.0766318730209643,0.1315926293274645,-1,1.0766318730209643,-8,243.480833538854,-22284.7095713531,53.18609960185612,851.4493108185488
196,calm,97.2745410007919,0.08793650793650792,0.6873555071687889,0.28051978297819735,0.08343006020075669,9.71892405165432,-8.534546564774494,0.76130268818848,1.0134083261490976,0.12605281898030885,0,,-8,224.4158263825579,-20430.540659011647,53.557007565917225,849.5214399300457
197,calm,97.46496325506834,0.08777777777777777,0.740900338375031,0.2963848684370866,0.08553197867774204,9.984772713439796,-8.806927464344309,0.8112600157039038,1.070540661046158,0.12964032267112707,1,0.8112600157039038,-7,207.46940790596065,-18860.334942866302,53.90734397674254,842.0330383764158
198,calm,97.49371530524061,0.08761904761904761,0.7480528636214672,0.2986296773822953,0.08587952827323496,10.013120807472575,-8.850606735556934,0.7929333217588289,1.0531724054841054,0.1301195418626383,1,0.7929333217588289,-6,179.17780642937717,-16181.946585822809,54.47899464472001,837.931745047521
199,calm,97.5879144367041,0.08746031746031746,0.7751403742885081,0.3065503749841022,0.08688790714714022,10.13189067756697,-8.983404321029097,0.7932059692111781,1.0570747793658382,0.13193440507733006,1,0.7932059692111781,-5,153.2751874920511,-13734.010178713706,55.00455115682848,836.2255163860991
200,calm,97.40459628034229,0.0873015873015873,0.7190075944708241,0.2905703809040585,0.08503411160308523,9.86057534171128,-8.733905083627567,0.7158340856412788,0.9721811033003693,0.1281735088295452,0,,-5,145.28519045202927,-12955.903395236444,55.160203644021365,836.0381290206951
201,calm,97.71908584600281,0.08714285714285713,0.8131934663485048,0.3176157469314015,0.08827169001132838,10.283478945365426,-9.16721728992588,0.803709504103155,1.0726774285938545,0.1344839622453498,0,,-5,158.80787346570077,-14277.59190236215,55.424488488477614,834.371584679564
202,calm,98.06773471334176,0.08698412698412697,0.927834176374482,0.34874664389682397,0.09135377808814954,10.699090100298896,-9.60822296193843,0.9106692865573917,1.1949990661915724,0.1421648898170903,-1,1.1949990661915724,-6,209.24798633809436,-19105.648913345518,56.4337980100938,858.1265943349899
203,calm,97.88357628227416,0.08682539682539682,0.8636603885478529,0.3318614982611077,0.08988783187784857,10.46876315793507,-9.388685345834059,0.8757951425151467,1.151525634580559,0.13786524603270614,0,,-6,199.11689895666464,-18114.18018223586,56.63213142299831,857.8977527499883
204,calm,97.94781176677006,0.08666666666666667,0.8836601026314383,0.3374572452407013,0.09050311132381236,10.534965422105884,-9.474096692245494,0.8944548757551318,1.1728653295077447,0.13920522687630638,-1,1.1728653295077447,-7,236.22007166849093,-21631.815060928355,57.3789663383439,886.8619825479218
205,calm,97.83140640953035,0.0865079365079365,0.8435082203228639,0.3267772612559996,0.0895430453513868,10.379404634192293,-9.332514728010553,0.881993169561232,1.1550232710844959,0.1365150507616319,0,,-7,228.7440828791997,-20900.574840669626,57.525243637855546,887.3247410346485
206,calm,97.82718712818075,0.08634920634920634,0.840649363497949,0.3261951801589451,0.08956414148544475,10.36190689557326,-9.332104956670126,0.8793258561435865,1.1519728708523118,0.1363235073543626,0,,-7,228.3366261112616,-20860.7224632558,57.53321570775229,888.3528330994704
207,calm,97.60889202197696,0.08619047619047618,0.7701247035247576,0.3066516820007373,0.08751957956267599,10.061698617383872,-9.046509969576453,0.8135263483885988,1.0767230586609164,0.13159835513615875,-1,1.0767230586609164,-8,245.32134560058984,-22411.261379977248,57.884787637883775,918.1835906170127
208,calm,97.9307283954856,0.08603174603174603,0.8718998070827126,0.3351192463167998,0.0906065985562372,10.466092510932766,-9.47416616126991,0.9334825200081709,1.2103170941572543,0.13841728707454176,0,,-8,268.09539705343985,-24641.986883160578,58.33084352734255,915.27078409354
209,calm,97.76330949315975,0.08587301587301586,0.8155873645061398,0.31986574033494486,0.08914607452310352,10.243273419187664,-9.263543603527896,0.8809430110842283,1.150231717928051,0.13464435342191136,1,0.8809430110842283,-7,223.90601823446138,-20410.86528646229,59.21486351090061,908.0169164201325
210,calm,97.71211464527043,0.08571428571428572,0.7978685306013098,0.3151015623480823,0.08871058662019185,10.163739410755523,-9.200128329084095,0.839411339051022,1.1063257221515976,0.13345719155028776,1,0.839411339051022,-6,189.06093740884938,-17090.72084521797,59.91582081739179,904.1020274570328
211,calm,97.79843031573404,0.08555555555555555,0.823919316957344,0.32258613851730517,0.0895946121275216,10.264124559217635,-9.31965505405481,0.838716722721202,1.109121911193486,0.13520259423614206,0,,-6,193.5516831103831,-17529.996563351207,60.003658393503216,904.7026396382244
212,calm,97.68663777069442,0.08539682539682539,0.7869582402041075,0.31241456625752195,0.08857226903643704,10.105035803186711,-9.175077253346844,0.8042320381104324,1.0696844422977827,0.1327262020936752,0,,-6,187.44873975451318,-16933.939781614667,60.1228935968912,905.1224152351642
213,calm,97.6452603218183,0.08523809523809522,0.7726592724923513,0.3085401544483659,0.0882122292600053,10.036745329941773,-9.123111568054155,0.7908911012353639,1.0544274437493388,0.13176817125698753,0,,-6,185.12409266901955,-16706.99440994925,60.168291750855076,905.9002470621672
214,calm,97.54808109987773,0.08507936507936507,0.7416635630545372,0.29979260532045987,0.08725707155792933,9.889865168048619,-8.992073168874594,0.7619721043298833,1.0213550217791911,0.12969145872465399,0,,-6,179.87556319227593,-16195.112827692576,60.270688546665575,906.4050606410165
215,calm,97.52496902054622,0.08492063492063492,0.73333556367567,0.2975533151680907,0.08706199289793418,9.844677970301811,-8.963525118687762,0.7542020809094001,1.01246904644194,0.1291334827662699,0,,-6,178.53198910085442,-16064.107012454213,60.296894950994115,907.2183555777083
216,calm,97.3236710890526,0.08476190476190476,0.673811091640296,0.2800155283897895,0.08486117393780206,9.538382700139248,-8.674553533360282,0.6986657485003962,0.9489564347801958,0.12514534313989983,0,,-6,168.00931703387369,-15040.206758244463,60.50171596603907,906.7900976724432
217,calm,97.24836258006916,0.0846031746031746,0.6516040641384784,0.27341850464798767,0.08401926636737113,9.41148545902913,-8.565125841360672,0.6779465918412003,0.9252615364357565,0.12365747229727805,0,,-6,164.0511027887926,-14655.353890140039,60.57870193685412,907.3847970415718
218,calm,97.21272949364786,0.08444444444444443,0.6405633423458639,0.2701908101934891,0.0836333349023477,9.343827403963122,-8.514303821515648,0.667645598408691,0.9134810862830368,0.12291774393717289,0,,-6,162.11448611609347,-14467.127750162597,60.61635469540131,908.1259302354101
219,calm,97.1553721588177,0.08428571428571427,0.6238653243645942,0.26516956576973577,0.08297328794097203,9.241744265820929,-8.429510408326527,0.6520663476321664,0.895664301097022,0.12179897673242782,1,0.6520663476321664,-5,132.58478288486788,-11663.958871618084,61.21014855683515,905.4323899750016
220,calm,97.16493622800012,0.08412698412698412,0.6250646292517992,0.2657192835508888,0.08313066195706606,9.243655138715038,-8.447224688106612,0.6281852990919287,0.8719439594116697,0.12187933015987054,1,0.6281852990919287,-4,106.28771342035552,-9172.155354640145,61.74117917233568,905.2576899679298
221,calm,97.11456545302651,0.08396825396825397,0.6104566600349735,0.2613007559267018,0.08254291995985377,9.15148829772548,-8.372093095869033,0.5895560638126303,0.8313572562573166,0.12090059622234323,0,,-4,104.52030237068072,-9000.548326845314,61.77550744354889,905.7127548882927
222,calm,97.24352051709563,0.0838095238095238,0.6434827712648072,0.271805853690011,0.08417282999573279,9.339307699838825,-8.574080759458397,0.6203694255900651,0.8665961169395493,0.12311334567474208,0,,-4,108.72234147600439,-9409.251127012683,61.85723165873932,905.8990084699035
223,calm,97.1879501003224,0.08365079365079364,0.6271603569957698,0.26690205161902747,0.08353474921405549,9.240386110084614,-8.491842401654367,0.6051406130770531,0.8491801009144864,0.12201974391871659,1,0.6051406130770531,-3,80.07061548570825,-6685.739592990544,62.43415216190593,908.0112822378396
224,calm,97.16437683578393,0.08349206349206348,0.6195494333968803,0.26468974120054867,0.08328229923673935,9.190519826244392,-8.458325708032524,0.5730396213592892,0.8160592454344713,0.12150981203759098,0,,-3,79.4069223601646,-6621.2651615026925,62.44704962769666,908.3941360511135
225,calm,97.05036118203066,0.08333333333333333,0.5885944648171169,0.25502479222605534,0.08187307697624847,8.996678769831753,-8.28205977859149,0.54415863567437,0.7830302939598637,0.11943582914274684,0,,-3,76.5074376678166,-6339.925404075877,62.50332883502349,908.5707152522864
226,calm,96.96012298933735,0.08317460317460316,0.5646212983293353,0.24743466014498927,0.08072719487894191,8.83740891031401,-8.140390536809571,0.5217916713412698,0.7574509253174007,0.11782962698806547,-1,0.7574509253174007,-4,98.97386405799571,-8442.983446959983,62.958998328208025,927.6860655015025
227,calm,96.74395792571734,0.08301587301587302,0.511761709097307,0.23003714721710644,0.07781751152753083,8.46475155304014,-7.78987036496006,0.4974736745877874,0.7260497436068265,0.11428803450951958,0,,-4,92.01485888684257,-7769.876391817791,63.093646668904604,927.3005612328034
228,calm,96.83237342828038,0.08285714285714285,0.5311466171957449,0.23671156467405935,0.07906571655333193,8.599780254651991,-7.9370374746908325,0.5155597938436299,0.7467334405478597,0.11558682335211491,1,0.5155597938436299,-3,71.0134694022178,-5788.244704992025,63.52036954672219,928.8140974425678
229,calm,96.63728179755823,0.08269841269841269,0.485244998964081,0.22128565522232735,0.07635848545936591,8.256042626812025,-7.615296127201511,0.446744998964081,0.673744998964081,0.1135,0,,-3,66.3856965666982,-5341.118760468353,63.60981262424243,928.6410062856312
230,calm,96.51008243816422,0.08253968253968252,0.45653550489615213,0.2114210974064039,0.07453873888080671,8.022657349079953,-7.402262520557082,0.4180355048961521,0.6450355048961521,0.1135,1,0.4180355048961521,-2,42.284219481280786,-3057.3719776708867,64.09501973232146,932.1744293217212
231,calm,96.57110501659228,0.08238095238095237,0.4683849135043303,0.2157291294137737,0.07544493928736583,8.114828749559923,-7.5062035758452765,0.40488491350433037,0.6318849135043304,0.1135,0,,-2,43.14582588275474,-3140.5949012070523,64.1116609887774,932.3681984431955
232,calm,96.6395515425317,0.08222222222222222,0.48211847701800536,0.2206600998574238,0.07645349920542924,8.219103043976471,-7.6226157218813855,0.4186184770180054,0.6456184770180055,0.1135,0,,-2,44.13201997148476,-3235.9193167467106,64.13072205967116,932.5556065600285
233,calm,96.57122336243155,0.08206349206349206,0.46602716310246706,0.21520115837012882,0.0754832684238382,8.087684335980539,-7.508265454192786,0.4025271631024671,0.6295271631024671,0.1135,0,,-2,43.04023167402576,-3130.5050722746164,64.15180912597884,932.7373216680335
234,calm,96.22773255979814,0.0819047619047619,0.3953621830002625,0.18987506233168572,0.07035513352023903,7.470221588859164,-6.920710103267505,0.3318621830002625,0.5588621830002625,0.1135,1,0.3318621830002625,-1,18.98750623316857,-849.6349673637951,64.63471697219025,937.953486119024
235,calm,96.2989828592935,0.08174603174603173,0.4079523356358301,0.1946532224983039,0.07144924017335537,7.5829070043718705,-7.043432900382659,0.31945233563583014,0.5464523356358302,0.1135,0,,-1,19.46532224983039,-895.6573664014873,64.64391961146993,938.0381337219708
236,calm,96.34293135187704,0.08158730158730158,0.4154462331999724,0.19753445630289207,0.07212599795084851,7.646842630805262,-7.119280521622622,0.32694623319997246,0.5539462331999725,0.1135,0,,-1,19.753445630289207,-923.4215691961147,64.64947134168281,938.1386638058766
237,calm,96.10307044964567,0.08142857142857142,0.3690410031589231,0.18039925606550972,0.06844064693832998,7.205987164636646,-6.703656987385575,0.2805410031589231,0.5075410031589231,0.1135,1,0.2805410031589231,0,0.0,946.491434163516,65.04914469708899,946.491434163516
238,calm,96.23358670818733,0.08126984126984127,0.3920747215820519,0.1891886537024952,0.07046792434397277,7.425099398371865,-6.929873782399334,0.27857472158205193,0.505574721582052,0.1135,0,,0,0.0,946.491434163516,65.04914469708899,946.491434163516
239,calm,96.114506003625,0.0811111111111111,0.36897420098946654,0.18063076647616566,0.0686214713147109,7.198570929158367,-6.7222332030620455,0.25547420098946655,0.48247420098946653,0.1135,0,,0,0.0,946.491434163516,65.04914469708899,946.491434163516
240,calm,95.92362355721723,0.08095238095238094,0.33471277651668707,0.16754186127340126,0.0656113748521854,6.842076926626498,-6.388479455595723,0.22121277651668708,0.44821277651668706,0.1135,-1,0.44821277651668706,-1,16.754186127340127,-616.1509557199581,65.3905691457063,957.5000097148986
241,calm,95.93967268660366,0.08079365079365078,0.33639174941930783,0.1683199107297873,0.06586093454166411,6.856928523180063,-6.415240165555878,0.24789174941930786,0.47489174941930784,0.1135,0,,-1,16.83199107297873,-623.6170296541284,65.39206206190988,957.599509609355
242,calm,95.90932718162061,0.08063492063492063,0.330304470097051,0.16605133569090447,0.06537222088474612,6.788379709712213,-6.360928935761344,0.24180447009705103,0.468804470097051,0.1135,0,,-1,16.605133569090448,-601.8636306402141,65.39641361202268,957.6931107224882
243,calm,95.94346158997726,0.08047619047619048,0.334991673507254,0.16801407474810415,0.06591093698415908,6.835711076324578,-6.4194010041762395,0.24649167350725404,0.473491673507254,0.1135,0,,-1,16.801407474810414,-620.6985948143594,65.4001798516096,957.787430551945
244,calm,95.67195911234812,0.08031746031746032,0.290807768857702,0.15043359660999622,0.06154171437273914,6.333983502416844,-5.943373569243505,0.20230776885770202,0.429307768857702,0.1135,0,,-1,15.043359660999622,-452.5363554296123,65.43381902732169,957.6105580841205
245,calm,95.97811197470605,0.08015873015873015,0.33879627570577675,0.1697497133078552,0.06645482180524517,6.86988974534035,-6.477854074336468,0.2502962757057768,0.47729627570577676,0.1135,-1,0.47729627570577676,-2,33.94994266157104,-2219.80779177501,65.81674265537927,970.8843513909501
246,calm,95.87599327835864,0.07999999999999999,0.320805705121721,0.16276797498703266,0.06480942241194514,6.67230555260961,-6.2968094256534215,0.257305705121721,0.484305705121721,0.1135,0,,-2,32.553594997406535,-2085.9583477551746,65.84351789923201,970.9887663782397
247,calm,95.61582697260191,0.07984126984126984,0.2796779107674663,0.14617711970510466,0.06058664857307504,6.191444325291291,-5.839199237997584,0.21617791076746629,0.44317791076746627,0.1135,0,,-2,29.235423941020933,-1768.752132096232,65.90697183315058,970.6815227655957
248,calm,95.72010307967298,0.07968253968253967,0.2942975399979737,0.15230482953888103,0.062265134666401906,6.36417994019617,-6.019373427207227,0.2307975399979737,0.4577975399979737,0.1135,1,0.2307975399979737,-1,15.230482953888103,-451.56560206192034,66.1950827121332,976.8680422376538
249,calm,95.66006987561971,0.07952380952380952,0.284327217173475,0.14831830035178423,0.06127372593474873,6.242533611070417,-5.912039148122703,0.195827217173475,0.422827217173475,0.1135,0,,-1,14.831830035178422,-413.4380630352445,66.20270974534517,976.943112795891
250,calm,95.71474957885192,0.07936507936507936,0.29157577688697955,0.15141397943975943,0.06215032234464739,6.326428598708524,-6.00593928449873,0.2030757768869796,0.43007577688697957,0.1135,-1,0.43007577688697957,-2,30.282795887951885,-1849.631589761621,66.51848681081509,990.5634798237843
251,calm,95.65728357097078,0.0792063492063492,0.28203960392845673,0.14759070295211907,0.0611964017953529,6.20940528405424,-5.902753385764162,0.21853960392845673,0.4455396039284567,0.1135,0,,-2,29.518140590423812,-1776.501370101659,66.53311578054102,990.7158540586029
252,calm,95.64705570955704,0.07904761904761903,0.279599350453994,0.14668667937512275,0.06101252511458195,6.177020460783361,-5.8825285840977335,0.21609935045399398,0.44309935045399396,0.1135,0,,-2,29.33733587502455,-1759.2113901030525,66.53657446827829,990.898538614608
253,calm,95.68837909181835,0.07888888888888888,0.2847681113809415,0.14894183359192842,0.06167433594024964,6.236870877163687,-5.953141898555205,0.2212681113809415,0.44826811138094147,0.1135,0,,-2,29.788366718385685,-1802.3784321067596,66.54520615034262,991.0684726920465
254,calm,95.56229447829703,0.07873015873015873,0.2655640467377509,0.1410178664092444,0.059584095438667904,5.9975330626974905,-5.728796838460637,0.2020640467377509,0.4290640467377509,0.1135,0,,-2,28.203573281848882,-1650.9622243365714,66.57549544975654,991.1231416161518
255,calm,95.67661981868177,0.07857142857142857,0.2811383300672077,0.1476565619726788,0.061449104404618454,6.187566650017881,-5.927943651512633,0.21763833006720767,0.44463833006720765,0.1135,0,,-2,29.531312394535757,-1778.0212213575678,66.60090216781713,991.207261347713
256,calm,95.59720470781835,0.0784126984126984,0.26868608085896817,0.14254870321886287,0.060120808831394784,6.031559785634888,-5.785206264822127,0.20518608085896817,0.43218608085896815,0.1135,0,,-2,28.509740643772574,-1680.3813494568917,66.62043404857341,991.3329468608504
257,calm,95.45052407061742,0.07825396825396824,0.2475378197113418,0.13363060302462398,0.05767618602093352,5.756885262358182,-5.52489535370386,0.1840378197113418,0.4110378197113418,0.1135,1,0.1840378197113418,-1,13.363060302462399,-253.33570663515297,66.92958576387504,997.4216204510121
258,calm,95.46334554683676,0.07809523809523808,0.24837560973085004,0.13409357942418826,0.057864403365474916,5.765505212405774,-5.544440762366072,0.15987560973085008,0.38687560973085006,0.1135,1,0.15987560973085008,0,0.0,1006.0840391203035,67.20472225251847,1006.0840391203035
259,calm,95.53816307583136,0.07793650793650793,0.25767054215085317,0.1381892125450146,0.05908209562752253,5.884081008016536,-5.673227612117669,0.14417054215085318,0.37117054215085316,0.1135,0,,0,0.0,1006.0840391203035,67.20472225251847,1006.0840391203035
260,calm,95.49941936184455,0.07777777777777778,0.251471311472919,0.1356330605985484,0.05841615868856296,5.801202477556165,-5.602124446459297,0.13797131147291902,0.364971311472919,0.1135,0,,0,0.0,1006.0840391203035,67.20472225251847,1006.0840391203035
261,calm,95.35409422434296,0.07761904761904762,0.23152020666106488,0.12704274028082668,0.05597772052697016,5.530829175610877,-5.344401454868168,0.11802020666106487,0.34502020666106487,0.1135,1,0.11802020666106487,1,-12.704274028082668,2205.4242802713197,67.4670031610636,1017.1717582117585
262,calm,95.45824373131138,0.07746031746031745,0.24418134441755868,0.13268340556204128,0.05768314006180308,5.700107964914227,-5.523768462502708,0.10568134441755868,0.3326813444175587,0.1135,0,,1,-13.268340556204128,2259.2583114333884,67.47777212108802,1017.1039591509666
263,calm,95.16216437452535,0.07730158730158729,0.2065580391517461,0.11606127565106816,0.052744721516826215,5.169208779970971,-5.0060892842424085,0.06805803915174609,0.2950580391517461,0.1135,-1,0.2950580391517461,0,0.0,1025.8475815608872,67.75030092208536,1025.8475815608872
264,calm,94.98914299223445,0.07714285714285714,0.18650442619232166,0.10691527058858419,0.04987724269504705,4.86042371484394,-4.709463046982025,0.07300442619232166,0.30000442619232165,0.1135,0,,0,0.0,1025.8475815608872,67.75030092208536,1025.8475815608872
265,calm,94.9956173186122,0.07698412698412697,0.18644874772412123,0.106972589685501,0.049944540420826675,4.8576294699649765,-4.716201665233682,0.07294874772412123,0.2999487477241212,0.1135,0,,0,0.0,1025.8475815608872,67.75030092208536,1025.8475815608872
266,calm,94.76768905086637,0.07682539682539682,0.16264339965669805,0.09575203909435082,0.04622898020280047,4.465475815470238,-4.336096340327388,0.04914339965669805,0.27614339965669804,0.1135,1,0.04914339965669805,1,-9.575203909435082,1928.1517042938635,67.95178491142295,1036.9960975715494
267,calm,94.7722211098368,0.07666666666666666,0.16238875434872035,0.09570432270563467,0.046257632056406636,4.459438020872311,-4.33889247601433,0.023888754348720356,0.2508887543487204,0.1135,1,0.023888754348720356,2,-19.140864541126934,2832.1204215264634,68.15309669231262,1050.5759258710905
268,calm,94.76290308931605,0.0765079365079365,0.16081303362332555,0.09501674119944337,0.046064978717694945,4.430799655798617,-4.319203385279215,0.0,0.22431303362332555,0.1135,-1,0.22431303362332555,1,-9.501674119944337,1940.9113696132576,68.35578422586102,1056.5864491610428
269,calm,94.91309538240067,0.07634920634920633,0.17488804654772316,0.10185256320243502,0.048442725991497015,4.664589291719852,-4.561449278301606,0.036388046547723166,0.2633880465477232,0.1135,0,,1,-10.185256320243502,2005.779296011448,68.36876040637675,1056.5538960487497
270,calm,94.75992552997629,0.07619047619047618,0.15916214117240557,0.0943646497113626,0.04592858900663995,4.3990738069051565,-4.305133811238272,0.02066214117240557,0.2476621411724056,0.1135,0,,1,-9.43646497113626,1934.8096924500594,68.38295148887254,1056.527188636198
271,calm,94.65522149820868,0.07603174603174603,0.14887425390916142,0.0893899738705295,0.0442175718584464,4.217033413048326,-4.131858570507296,0.010374253909161427,0.23737425390916145,0.1135,0,,1,-8.93899738705295,1887.712370509603,68.39236906974445,1056.4770182571137
272,calm,94.71071723932148,0.07587301587301587,0.15323396096145636,0.0916123536690523,0.045051821070098086,4.292654987559916,-4.216081479153945,0.014733960961456363,0.24173396096145638,0.1135,0,,1,-9.16123536690523,1908.7564793155364,68.39657873343837,1056.4127030138493
273,calm,94.30091323319053,0.0757142857142857,0.11872563629623833,0.07422692943749859,0.03865977768624968,3.6441564581277834,-3.575554029927332,0.0,0.20722563629623836,0.1135,-1,0.20722563629623836,0,0.0,1065.3733989295051,68.58936130572704,1065.3733989295051
274,calm,94.81781172694184,0.07555555555555554,0.16191443337097589,0.09600674360235223,0.04668232103150773,4.439425130357861,-4.381233859130205,0.04841443337097588,0.2754144333709759,0.1135,0,,0,0.0,1065.3733989295051,68.58936130572704,1065.3733989295051
275,calm,94.70089200455844,0.07539682539682539,0.15033933312474979,0.09040267413242731,0.044755093213851266,4.236738909544371,-4.18580383452876,0.03683933312474978,0.2638393331247498,0.1135,-1,0.2638393331247498,-1,9.04026741324273,235.44471997055257,68.7805855833258,1076.5321746519064
276,calm,94.57891409649696,0.07523809523809523,0.13900722983151947,0.08481123765827597,0.042772933561202466,4.030171354281605,-3.9860602302320203,0.050507229831519465,0.2775072298315195,0.1135,0,,-1,8.481123765827597,288.3173423272312,68.7911622231251,1076.5520954340464
277,calm,94.72253050668506,0.07507936507936508,0.1509676093212029,0.0908597339448099,0.04500752783102144,4.244635178184426,-4.211136588232082,0.06246760932120289,0.2894676093212029,0.1135,0,,-1,9.08597339448099,231.0129963476727,68.80262080060551,1076.5626274572066
278,calm,94.7157285062476,0.07492063492063492,0.14968432704142387,0.09029635775976763,0.04485085484074512,4.220310630207309,-4.1952132410870036,0.06118432704142386,0.2881843270414239,0.1135,0,,-1,9.029635775976763,236.3479877148918,68.8036880123213,1076.6280856784647
279,calm,94.41877126116516,0.07476190476190475,0.12418718627331682,0.07743327644624981,0.04012856383725503,3.744369500582432,-3.7214836568491014,0.03568718627331681,0.26268718627331683,0.1135,-1,0.26268718627331683,-2,15.486655289249962,-347.1890748800891,68.94562078201183,1090.2044512214532
280,calm,94.52308986900339,0.07460317460317459,0.13187025486219373,0.081455046280894,0.04169451975649263,3.890811042891011,-3.877765095374186,0.06837025486219371,0.2953702548621937,0.1135,0,,-2,16.2910092561788,-423.23430318705357,68.96082678647232,1090.2681778190624
281,calm,94.66566145661014,0.07444444444444444,0.14326370944103317,0.0873038973977806,0.04390217232649193,4.100447791268264,-4.099287462622016,0.07976370944103316,0.30676370944103315,0.1135,0,,-2,17.46077947955612,-533.9935225497038,68.98297420086197,1090.2899745422746
282,calm,94.5904145521167,0.07428571428571429,0.13618636793451788,0.08379321830425507,0.04265271084988352,3.9689372757898402,-3.973655591907134,0.07268636793451787,0.29968636793451786,0.1135,-1,0.29968636793451786,-3,25.13796549127652,-1230.3783308400848,69.14821184235043,1106.57633559621
283,calm,94.54329643763383,0.07412698412698412,0.13166677564868756,0.08155092048335161,0.041856402059484016,3.882645524004071,-3.8938338873398908,0.09316677564868757,0.32016677564868756,0.1135,0,,-3,24.465276145005483,-1166.792782218799,69.16093149600542,1106.7350400924195
284,calm,94.6242261485453,0.07396825396825396,0.1377670554401469,0.08473566525776638,0.043089050305526025,3.995259627683375,-4.01733005572757,0.0992670554401469,0.3262670554401469,0.1135,0,,-3,25.420699577329913,-1257.2170663872707,69.17901273659099,1106.8668426401807
285,calm,94.47252395177524,0.0738095238095238,0.1247998280348881,0.0781345559814961,0.04064080988785226,3.7481229576729174,-3.772374516681773,0.0862998280348881,0.3132998280348881,0.1135,0,,-3,23.44036679444883,-1070.1674475313048,69.21643014384364,1106.8632174851932
286,calm,94.54545551390152,0.07365079365079365,0.12999088408696213,0.0808893787394886,0.04173327871161665,3.8465314679807157,-3.88139485053563,0.09149088408696214,0.31849088408696213,0.1135,1,0.09149088408696214,-2,16.17787574789772,-392.83833888302706,69.373757248676,1110.7081161318704
287,calm,94.5785497534759,0.07349206349206348,0.13206679708254576,0.08202639969121728,0.04220568752736314,3.8844072607810096,-3.928611127346429,0.06856679708254575,0.29556679708254574,0.1135,0,,-2,16.405279938243456,-414.35019892549644,69.37805876038215,1110.824026516853
288,calm,94.46587694521104,0.07333333333333333,0.1224937786023812,0.0771244150057866,0.04037456404145907,3.699024678976157,-3.745781145132319,0.05899377860238118,0.2859937786023812,0.1135,0,,-2,15.424883001157319,-321.75466532053883,69.3965815716654,1110.8716784405897
289,calm,94.2340599007446,0.07317460317460317,0.10512940413419969,0.06794504880501606,0.03676900609229454,3.3449228613056583,-3.388735153877427,0.041629404134199674,0.26862940413419967,0.1135,1,0.041629404134199674,-1,6.794504880501606,487.1753079402297,69.57923668542298,1116.9361474318994
290,calm,94.19642215258803,0.073015873015873,0.1020693467794489,0.06633973420679051,0.036149076575282414,3.2787729267652628,-3.3277522372170107,0.01356934677944889,0.2405693467794489,0.1135,0,,-1,6.633973420679052,502.2937728006146,69.58226098325463,1116.9833990060022
291,calm,94.05093941731954,0.07285714285714284,0.09229842054882287,0.06101296416808233,0.03395916674310277,3.063962691548653,-3.113188137162916,0.003798420548822859,0.23079842054882288,0.1135,0,,-1,6.101296416808233,552.3825256661443,69.59228073777864,1116.9853432756017
292,calm,94.21706386502738,0.07269841269841269,0.10238222326075341,0.06662236413544187,0.036339385768290364,3.2831420874072332,-3.346516174217702,0.013882223260753404,0.24088222326075343,0.1135,0,,-1,6.662236413544187,499.5218361453252,69.60285076167803,1116.9799674780536
293,calm,94.24086489010112,0.07253968253968254,0.10344192086889414,0.06725659751367286,0.03663747576991394,3.3045152228647683,-3.375867375582543,0.014941920868894135,0.24194192086889416,0.1135,1,0.014941920868894135,0,0.0,1125.7369947888224,69.74842174602097,1125.7369947888224
294,calm,94.37081000316091,0.07238095238095238,0.11193002055274714,0.07190296977499744,0.038560448463245654,3.4799240897477604,-3.565661246947403,0.0,0.22543002055274713,0.1135,0,,0,0.0,1125.7369947888224,69.74842174602097,1125.7369947888224
295,calm,94.39307425197192,0.07222222222222222,0.11296952712966046,0.07252129617069619,0.038847804446061125,3.499819311190156,-3.59410872016834,0.0,0.22646952712966045,0.1135,0,,0,0.0,1125.7369947888224,69.74842174602097,1125.7369947888224
296,calm,94.4367088890554,0.07206349206349205,0.11559041551800942,0.07398455274095667,0.03947122474130179,3.5514493756684473,-3.655893908962141,0.0020904155180094114,0.2290904155180094,0.1135,0,,0,0.0,1125.7369947888224,69.74842174602097,1125.7369947888224
297,calm,94.30622753655132,0.07190476190476189,0.10571891621034002,0.06872735298536159,0.037392737466961944,3.3477552014352656,-3.4503438986159654,0.0,0.21921891621034,0.1135,0,,0,0.0,1125.7369947888224,69.74842174602097,1125.7369947888224
298,calm,94.41726953699953,0.07174603174603174,0.11301042546594431,0.07272861583730106,0.03905180881126781,3.496793202212405,-3.6143090595739626,0.0,0.2265104254659443,0.1135,-1,0.2265104254659443,-1,7.272861583730106,461.5469681325909,69.90575849251223,1136.929658042331
299,calm,94.71480774397821,0.07158730158730159,0.13579924958441847,0.08479050126771365,0.043779091961768615,3.936103789762749,-4.085682264459983,0.04729924958441846,0.2742992495844185,0.1135,0,,-1,8.479050126771364,347.2802033922575,69.92860727570367,1136.7918810425194
300,calm,94.66293783794131,0.07142857142857142,0.13082515446074616,0.08228176102914153,0.042873086427930675,3.841888057730059,-3.994796538826574,0.04232515446074615,0.2693251544607462,0.1135,0,,-1,8.228176102914153,371.0239258233817,69.93335697012878,1136.8447333271038
301,calm,94.56386706099586,0.07126984126984126,0.1222730502712297,0.07785942841154897,0.041208197898490256,3.6767821392130915,-3.828484011929572,0.03377305027122969,0.2607730502712297,0.1135,0,,-1,7.785942841154897,412.8348493408596,69.94172082760377,1136.8764080892206
302,calm,94.53739729683113,0.0711111111111111,0.11962599830583542,0.07652084324010316,0.04072554885267314,3.623595647781262,-3.7804106266018502,0.031125998305835414,0.25812599830583544,0.1135,1,0.031125998305835414,0,0.0,1145.6178086606137,70.10893338194471,1145.6178086606137
303,calm,94.45703175029145,0.07095238095238095,0.11302707595959394,0.07305053672192907,0.03938601887750342,3.490644992106706,-3.647403990627429,0.0,0.22652707595959393,0.1135,0,,0,0.0,1145.6178086606137,70.10893338194471,1145.6178086606137
304,calm,94.34008622954748,0.07079365079365078,0.10419951119246029,0.06830982210931974,0.037494844376493926,3.3073978371369845,-3.4605240359557796,0.0,0.21769951119246028,0.1135,0,,0,0.0,1145.6178086606137,70.10893338194471,1145.6178086606137
305,calm,94.36293770528547,0.07063492063492063,0.10521594302801862,0.06892701504433407,0.037789104407751996,3.3274918644427123,-3.4895500157261194,0.0,0.2187159430280186,0.1135,0,,0,0.0,1145.6178086606137,70.10893338194471,1145.6178086606137
306,calm,94.31438293260634,0.07047619047619047,0.10137179881672598,0.06686962639656058,0.03697561611426026,3.2452019695806755,-3.4094368017969363,0.0,0.21487179881672597,0.1135,-1,0.21487179881672597,-1,6.686962639656057,536.2820981387224,70.25506873295521,1156.8216733096033
307,calm,94.55390357346897,0.0703174603174603,0.11788471750052132,0.07592051420645496,0.040702857630207416,3.582407944352235,-3.7780554329156777,0.02938471750052131,0.25638471750052133,0.1135,0,,-1,7.592051420645496,450.6853048801538,70.27218466841983,1156.7549310826341
308,calm,94.55379011917675,0.07015873015873014,0.11727690426519288,0.07566040118573125,0.04064254586418752,3.5690164023938062,-3.77204272834433,0.028776904265192874,0.2557769042651929,0.1135,-1,0.2557769042651929,-2,15.132080237146251,-236.8378945617256,70.43477232886141,1170.502263394905
309,calm,94.6076795221041,0.06999999999999999,0.12080150037974047,0.07761538739247348,0.041462112078414014,3.6368909398680707,-3.853557245749012,0.05730150037974045,0.28430150037974045,0.1135,1,0.05730150037974045,-1,7.761538739247348,454.5823213723015,70.59423429444892,1176.8033409754366
310,calm,94.76653160873511,0.06984126984126984,0.13301193042059367,0.08414225857985624,0.04404442709910414,3.86759597965312,-4.1116117128235,0.04451193042059366,0.2715119304205937,0.1135,0,,-1,8.414225857985624,392.7170563248827,70.60660487334263,1176.8028640166542
311,calm,94.71612552667268,0.06968253968253968,0.12818750412010882,0.08167804473999635,0.04314246239194735,3.7757635055642664,-4.02120637465346,0.03968750412010881,0.26668750412010883,0.1135,0,,-1,8.167804473999634,416.0524670472085,70.61127288909024,1176.8565104718657
312,calm,94.95630850252766,0.06952380952380952,0.1483853411274758,0.09225000962926899,0.04718407649338238,4.140994956021612,-4.427697986150162,0.0598853411274758,0.2868853411274758,0.1135,1,0.0598853411274758,0,0.0,1185.4733774436118,70.78638980137453,1185.4733774436118
313,calm,94.85025189140508,0.06936507936507935,0.13819045016316878,0.08706964240467774,0.04530168751769861,3.957858654983578,-4.2376978060800825,0.024690450163168773,0.25169045016316877,0.1135,1,0.024690450163168773,1,-8.706964240467773,2008.6769122948363,70.97156135165808,1196.6382058933284
314,calm,94.7149675953519,0.0692063492063492,0.12618311835912976,0.08083060335300518,0.042951859275162624,3.733302435173546,-4.002006082262349,0.0,0.2146831183591298,0.1135,0,,1,-8.083060335300518,1949.5720555266741,70.98337995929019,1196.6035696333242
315,calm,94.65365099960867,0.06904761904761904,0.12068840147351345,0.07796566235614882,0.041869654455493684,3.626192543621617,-3.89398037829332,0.0,0.20918840147351347,0.1135,0,,1,-7.796566235614883,1922.4489194590778,70.9888035017952,1196.5443001452052
316,calm,94.63435327544289,0.06888888888888889,0.11857905779678202,0.07689899278377627,0.041490047306483,3.583593851719078,-3.8561549743081214,0.0,0.20707905779678204,0.1135,-1,0.20707905779678204,0,0.0,1205.166257161492,71.15636810249052,1205.166257161492
317,calm,94.4005881988256,0.06873015873015872,0.10114943852422265,0.06739886844774418,0.03763688435525315,3.227293385582082,-3.4747603548204267,0.0,0.21464943852422264,0.1135,0,,0,0.0,1205.166257161492,71.15636810249052,1205.166257161492
318,calm,94.39459801677467,0.06857142857142856,0.10019680965847755,0.06692638509710641,0.037478384851498084,3.205873504587387,-3.45918130818192,0.0,0.21369680965847754,0.1135,-1,0.21369680965847754,-1,6.692638509710641,594.6406665472587,71.30271788684966,1216.3699073771327
319,calm,94.11722894208005,0.0684126984126984,0.08253725353634511,0.05689861758163045,0.03315347238177595,2.812755884149772,-3.036195130471096,0.0,0.22103725353634512,0.1135,0,,-1,5.689861758163045,689.0003599366385,71.3215936006703,1216.2606563248214
320,calm,94.34847113041349,0.06825396825396825,0.09607585103644034,0.06472534679488107,0.03662220047861291,3.115086506562718,-3.37509461590632,0.007575851036440331,0.23457585103644035,0.1135,0,,-1,6.472534679488106,615.1415976157401,71.33636239937474,1216.2077638603796
321,calm,94.33484623741477,0.0680952380952381,0.09466547017000959,0.06398401580814761,0.03634336168985823,3.083288523652991,-3.347772061164763,0.006165470170009582,0.2331654701700096,0.1135,1,0.006165470170009582,0,0.0,1224.9684972418331,71.4784795121259,1224.9684972418331
322,calm,94.22794410571514,0.06793650793650793,0.08752475213341793,0.05995077089344314,0.0346223832931852,2.9237998974956456,-3.179452297829245,0.0,0.20102475213341792,0.1135,0,,0,0.0,1224.9684972418331,71.4784795121259,1224.9684972418331
323,calm,94.07695059657478,0.06777777777777777,0.07838940617204315,0.05466846687391408,0.03228773354548685,2.711561040341308,-2.952404278541707,0.0,0.19188940617204314,0.1135,0,,0,0.0,1224.9684972418331,71.4784795121259,1224.9684972418331
324,calm,94.01303506610978,0.0676190476190476,0.07450679292662521,0.05241229998080854,0.03128528667600417,2.6176608102511865,-2.8554199436336596,0.0,0.1880067929266252,0.1135,0,,0,0.0,1224.9684972418331,71.4784795121259,1224.9684972418331
325,calm,93.97590436044993,0.06746031746031746,0.07213762156076875,0.05104075017927734,0.030680879067768212,2.5590409917586867,-2.7971152495804272,0.0,0.18563762156076874,0.1135,0,,0,0.0,1224.9684972418331,71.4784795121259,1224.9684972418331
326,calm,93.80278187538745,0.06730158730158729,0.06334239137372855,0.04573300750312098,0.028186141465239796,2.336793880717032,-2.557282316277021,0.0,0.17684239137372854,0.1135,0,,0,0.0,1224.9684972418331,71.4784795121259,1224.9684972418331
327,calm,93.6505771289509,0.06714285714285714,0.0563255804493048,0.0414016375605154,0.02608406378280216,2.150423628189392,-2.3565598667582823,0.0,0.1698255804493048,0.1135,0,,0,0.0,1224.9684972418331,71.4784795121259,1224.9684972418331
328,calm,93.61951826853232,0.06698412698412698,0.05468475928957517,0.040402844158856255,0.02561119655178662,2.10505094340431,-2.311662420007516,0.0,0.16818475928957516,0.1135,0,,0,0.0,1224.9684972418331,71.4784795121259,1224.9684972418331
329,calm,93.53341559683834,0.06682539682539682,0.050949644673612404,0.038056250860990015,0.024445300440669636,2.0007763683240674,-2.2010825714092315,0.0,0.1644496446736124,0.1135,0,,0,0.0,1224.9684972418331,71.4784795121259,1224.9684972418331
330,calm,93.68834724723222,0.06666666666666665,0.05676809078275946,0.041797193063495386,0.026368847434018503,2.160225455492965,-2.3840109836749024,0.0,0.17026809078275945,0.1135,-1,0.17026809078275945,-1,4.179719306349538,850.3059943521191,71.57679771087975,1236.2201790430793
331,calm,93.87642392598953,0.0665079365079365,0.06469371736288032,0.04678162425053317,0.028852045523981025,2.367506570228767,-2.6216247272817634,0.0,0.20319371736288033,0.1135,-1,0.20319371736288033,-2,9.356324850106635,384.5469573217338,71.69398995418442,1249.9465318670386
332,calm,93.8789307595754,0.06634920634920635,0.06439495004673557,0.04664103849826917,0.02881609985489456,2.359039633918264,-2.6182697263492565,0.0008949500467355653,0.22789495004673557,0.1135,-1,0.22789495004673557,-3,13.992311549480752,-27.99206632131836,71.80103424905498,1266.2726957847717
333,calm,93.95723923827549,0.06619047619047619,0.06770486174139112,0.0487222795575058,0.02985225600486232,2.442087345825083,-2.7179423159591787,0.029204861741391128,0.2562048617413911,0.1135,1,0.029204861741391128,-2,9.74445591150116,368.10441257416295,71.90085760674043,1270.1256155496271
334,calm,93.7360796945922,0.06603174603174602,0.05724983871711409,0.04225983122287241,0.02671884166207369,2.170261246550183,-2.417806232369311,0.0,0.2207498387171141,0.1135,-1,0.2207498387171141,-3,12.677949366861723,115.13022529536886,71.97585244200347,1286.33654589639
335,calm,93.84138038037604,0.06587301587301586,0.061445610052201616,0.04493820972078383,0.028079623032010854,2.2804241471649696,-2.5479626343934116,0.022945610052201623,0.24994561005220162,0.1135,0,,-3,13.481462916235149,39.712324103705654,71.99093300612898,1286.3977306944014
336,calm,93.83617235406994,0.06571428571428571,0.06080914458711728,0.04458243553399599,0.02793569852374193,2.2630175977391946,-2.5342847807439317,0.02230914458711729,0.24930914458711728,0.1135,-1,0.24930914458711728,-4,17.832974213598398,-343.78759137046296,72.09259883894899,1305.2667926875943
337,calm,93.91627871604547,0.06555555555555555,0.06405254856533737,0.04664945677234633,0.028982674925925274,2.346160699474611,-2.6347351668804273,0.05055254856533738,0.2775525485653374,0.1135,-1,0.2775525485653374,-5,23.324728386173167,-831.9206050485693,72.21575186205129,1326.6248127606586
338,calm,94.18161011173255,0.0653968253968254,0.077017828133922,0.05461558791983695,0.0328086000328267,2.6644318897657095,-3.0039798382609426,0.08851782813392199,0.315517828133922,0.1135,0,,-5,27.307793959918474,-1207.1271602702973,72.29077816783447,1326.2559294073085
339,calm,93.80332754645873,0.06523809523809523,0.05817843658688826,0.04305062323566633,0.027267265092040277,2.1913279483839823,-2.470682291797524,0.06967843658688826,0.29667843658688825,0.1135,0,,-5,21.525311617833164,-664.8195583210885,72.39926138486773,1325.2370796126652
340,calm,93.84636629486195,0.06507936507936507,0.059656109424165216,0.04402664696697983,0.02778623107306945,2.229645965374503,-2.520391494857589,0.07115610942416521,0.2981561094241652,0.1135,0,,-5,22.013323483489916,-710.6268582498111,72.40842101292786,1325.4155060369876
341,calm,93.66446028422462,0.0649206349206349,0.05173093167851661,0.03900003699355714,0.02526604498689296,2.014641283860878,-2.2803016243180583,0.06323093167851661,0.2902309316785166,0.1135,0,,-5,19.50001849677857,-475.26658461086447,72.45550248394986,1325.326657583039
342,calm,93.76220152014356,0.06476190476190476,0.0552845856498525,0.041328686616810106,0.026489713074509147,2.111448511486314,-2.396820956933823,0.0667845856498525,0.2937845856498525,0.1135,0,,-5,20.66434330840505,-584.4580761650144,72.47733641547438,1325.4339525741639
343,calm,93.54511031498194,0.0646031746031746,0.04657674534165279,0.035700253793482406,0.02359343033959945,1.8673046023760864,-2.122085873261703,0.05807674534165279,0.2850767453416528,0.1135,0,,-5,17.8501268967412,-321.2545427226228,72.52998765241024,1325.2491742986326
344,calm,93.46326065927002,0.06444444444444444,0.043411413303961144,0.03362881975028387,0.022510487001836513,1.7741088692421987,-2.0200387209848705,0.05491141330396114,0.28191141330396113,0.1135,1,0.05491141330396114,-4,13.451527900113547,84.25949902348378,72.63220913332172,1324.118592095655
345,calm,93.4965426053612,0.06428571428571428,0.04421699089311959,0.03420063089673819,0.022844872247581503,1.7973073324830207,-2.051670696845509,0.030716990893119592,0.2577169908931196,0.1135,-1,0.2577169908931196,-5,17.100315448369095,-231.20605215468322,72.7204389374144,1345.5058242823143
346,calm,93.59762707646112,0.06412698412698412,0.04744889657860796,0.03638208941591642,0.024037154886326108,1.8905213669607777,-2.1643980255460904,0.058948896578607954,0.28594889657860795,0.1135,0,,-5,18.19104470795821,-333.3161405691858,72.74085687151049,1345.5980298482145
347,calm,93.60983008387356,0.06396825396825395,0.047549310795656385,0.03648419055860058,0.024119072887848973,1.8927622088653802,-2.172267951832449,0.05904931079565638,0.2860493107956564,0.1135,-1,0.2860493107956564,-6,21.89051433516035,-651.1071940371043,72.83011821615105,1369.5305468484607
348,calm,93.47887008374721,0.0638095238095238,0.04265369476648306,0.03325117058929322,0.022409088735925464,1.7493014018376998,-2.010978591618581,0.07915369476648308,0.3061536947664831,0.1135,1,0.07915369476648308,-5,16.625585294646612,-166.98137765897656,72.94855013970671,1365.8327027823107
349,calm,93.3875022813003,0.06365079365079365,0.03940528745442817,0.03107849449190181,0.021240429051089717,1.650717152473682,-1.9012653481925614,0.05090528745442817,0.27790528745442816,0.1135,0,,-5,15.539247245950904,-65.55127073754294,72.96884021910688,1365.9175731661726
350,calm,93.5331658742605,0.06349206349206349,0.04383620459405435,0.03411367762899903,0.022930168653934605,1.7831422708210867,-2.0603220754900526,0.05533620459405435,0.28233620459405434,0.1135,1,0.05533620459405435,-4,13.64547105159961,105.99056554145393,73.02426639568988,1364.7601910055187
351,calm,93.53211307406652,0.06333333333333332,0.04347400839152016,0.033903694086351355,0.022842860293178543,1.7718720502710121,-2.052213201883611,0.02997400839152016,0.2569740083915202,0.1135,0,,-4,13.561477634540541,113.84507610694368,73.02583761204625,1364.8891323156054
352,calm,93.25459259665055,0.06317460317460316,0.03462507307086904,0.02786101435818361,0.019498728861741577,1.4997446342357974,-1.7386836200817712,0.02112507307086904,0.24812507307086906,0.1135,1,0.02112507307086904,-3,8.358304307455084,596.8353336652044,73.14288157381166,1365.898074734497
353,calm,93.39332102094653,0.06301587301587301,0.03838378419198918,0.030500156593011307,0.02101645559963242,1.6172200073979794,-1.8807623108335416,0.0,0.22688378419198918,0.1135,-1,0.22688378419198918,-4,12.200062637204523,260.63738419542364,73.2346404876067,1384.6882368707254
354,calm,93.46176956461792,0.06285714285714285,0.04021118936069534,0.03178638800088496,0.021758517632637035,1.672553334705376,-1.9505342400872554,0.026711189360695345,0.25371118936069537,0.1135,-1,0.25371118936069537,-5,15.89319400044248,-59.247122629804494,73.32367380609526,1406.0533180049708
355,calm,93.60571840410351,0.0626984126984127,0.044682574396529784,0.03485508136916021,0.023467859327659286,1.8049402077744043,-2.1116743469906316,0.05618257439652978,0.2831825743965298,0.1135,-1,0.2831825743965298,-6,20.913048821496126,-500.9299594225425,73.43765122945706,1429.8414548957749
356,calm,93.55001051149594,0.06253968253968253,0.042452793759821805,0.033380948663622234,0.022690910851278737,1.7386946542948598,-2.0385124513819113,0.07895279375982182,0.3059527937598218,0.1135,1,0.07895279375982182,-5,16.690474331811117,-113.90235528049658,73.53665560703618,1426.2652970223758
357,calm,93.68661601204597,0.06238095238095238,0.04688072590538672,0.03640222018276784,0.024359107395221447,1.8672243898409409,-2.196187933535179,0.05838072590538672,0.2853807259053867,0.1135,0,,-5,18.20111009138392,-255.45701289212744,73.56496087750442,1426.3030362796396
358,calm,93.5112960312182,0.062222222222222213,0.04054672737231657,0.03214532666444425,0.022061300212144377,1.6804779185418857,-1.979499791270624,0.05204672737231657,0.27904672737231656,0.1135,0,,-5,16.072663332222128,-56.46300467245854,73.60476764050095,1426.2392105109125
359,calm,93.60521256916904,0.06206349206349206,0.043333537270933586,0.03408186403248359,0.023156946993137396,1.7629728041648003,-2.0828240944762917,0.05483353727093358,0.2818335372709336,0.1135,-1,0.2818335372709336,-6,20.449118419490155,-438.04059149025875,73.70669944224957,1450.103362655667
360,calm,93.5241383038967,0.0619047619047619,0.040330467251148416,0.032061968914995576,0.022067401977494322,1.6728258475153643,-1.9803271232413395,0.07683046725114843,0.30383046725114843,0.1135,0,,-6,19.237181348997346,-324.71789036790915,73.72936851628884,1450.2246383421716
361,calm,93.63530061481543,0.061746031746031736,0.043699081597778466,0.03440002440329326,0.023386882690788553,1.772509791819274,-2.1047727011242507,0.08019908159777848,0.3071990815977785,0.1135,0,,-6,20.640014641975956,-456.09887841185287,73.75563945970895,1450.315648325091
362,calm,93.80139140470173,0.06158730158730158,0.04937864739017117,0.038259833945718136,0.02550162215869098,1.9346641303671894,-2.305118671926072,0.08587864739017119,0.3128786473901712,0.1135,-1,0.3128786473901712,-7,26.781883762002696,-1001.0621061307719,73.89086263356576,1476.550802010949
363,calm,93.67955503881494,0.06142857142857142,0.04456148486275868,0.03505702678278788,0.023803096053868517,1.7964764933029318,-2.1443345874573203,0.1060614848627587,0.3330614848627587,0.1135,1,0.1060614848627587,-6,21.03421606967273,-473.35699047899004,74.01855042395144,1470.382120600587
364,calm,93.67094479729671,0.061269841269841266,0.043922397913978006,0.03465816517078052,0.023613233118691193,1.7772153144346328,-2.12652169617502,0.08042239791397802,0.307422397913978,0.1135,0,,-6,20.79489910246831,-450.94442746421316,74.02303383323625,1470.579979680064
365,calm,93.67723538218704,0.0611111111111111,0.0438026955755495,0.034612235257253654,0.023616555794590693,1.7730986832973301,-2.126961220734052,0.08030269557554952,0.3073026955755495,0.1135,-1,0.3073026955755495,-7,24.228564680077557,-741.9547877037803,74.10736509294374,1497.0482819015033
366,calm,93.87386537947766,0.060952380952380945,0.05070497456816403,0.03930283778847499,0.026181679308505217,1.9688181817713641,-2.370228760498609,0.11220497456816404,0.33920497456816406,0.1135,0,,-7,27.51198645193249,-1050.2439265976154,74.16901059162277,1496.9191037153937
367,calm,93.99144567016215,0.06079365079365079,0.05511012279649652,0.042259314136311676,0.027770203468211,2.088055225959815,-2.5217691397575104,0.11661012279649653,0.34361012279649655,0.1135,0,,-7,29.581519895418175,-1244.801270501627,74.20791427966596,1497.0314636318435
368,calm,93.78937865298786,0.060634920634920625,0.046761290774381514,0.03673358249952241,0.024863918531606525,1.856640161952639,-2.2453524786243033,0.10826129077438153,0.33526129077438155,0.1135,0,,-7,25.713507749665688,-882.0953704204453,74.28046997082042,1496.8256408674206
369,calm,93.86496483780097,0.06047619047619047,0.04923846043780422,0.038442791186754366,0.025817608528069122,1.925907909699629,-2.3359762773815103,0.11073846043780423,0.33773846043780426,0.1135,-1,0.33773846043780426,-8,30.754232949403495,-1321.5836475057974,74.3950994695465,1525.7705785532582
370,calm,93.98825836448044,0.06031746031746031,0.05378224582211555,0.041513847113017255,0.027481663724215212,2.0500351523777773,-2.4945607008980857,0.14028224582211557,0.36728224582211555,0.1135,0,,-8,33.2110776904138,-1552.5443886969451,74.4412823812024,1525.8811651748074
371,calm,94.34085581194662,0.060158730158730155,0.06975931461209672,0.05188930839766054,0.032790967563461414,2.45799248658919,-3.0048571947480487,0.15625931461209674,0.3832593146120967,0.1135,0,,-8,41.51144671812843,-2335.7649191100445,74.59789516472831,1524.6530385805377
372,calm,94.06170971563186,0.05999999999999999,0.05608451366940859,0.04312215691132859,0.02839255197858297,2.1101311686852804,-2.5818214755605715,0.1425845136694086,0.3695845136694086,0.1135,0,,-8,34.497725529062876,-1676.1742571190862,74.72983968603077,1523.8731765096418
373,calm,93.97261980070708,0.059841269841269834,0.05196419945138464,0.04043347180164969,0.02701143785214313,1.9983852159456712,-2.450063886769378,0.13846419945138466,0.36546419945138464,0.1135,-1,0.36546419945138464,-9,36.39012462148472,-1817.5171043373937,74.78540642611544,1555.3904617114936
374,calm,94.19374247349681,0.05968253968253968,0.06115335141047318,0.04653077342283324,0.03022390562629888,2.240629350605393,-2.7576248205948626,0.17265335141047317,0.39965335141047315,0.1135,0,,-9,41.87769608054992,-2334.5153761360557,74.88878540467947,1555.063527589204
375,calm,93.96873084831745,0.05952380952380952,0.051033499695635864,0.039894784367216496,0.02679098733932255,1.971397473445001,-2.4292982914140913,0.16253349969563585,0.38953349969563583,0.1135,0,,-9,35.90530593049485,-1773.4096971888948,75.0010289891858,1554.6361820941995
376,calm,93.76999022769498,0.05936507936507936,0.04327189391731068,0.03464667425208989,0.023957199957401285,1.7507449714377774,-2.1605474950483505,0.15477189391731067,0.38177189391731065,0.1135,0,,-9,31.182006826880905,-1330.5945671426925,75.08960973134347,1554.3972037682684
377,calm,93.8554059055529,0.0592063492063492,0.04596031425811509,0.03653499209079414,0.025033140821786284,1.827806616221074,-2.2625174389038145,0.15746031425811507,0.38446031425811505,0.1135,1,0.15746031425811507,-8,29.22799367263531,-1163.0025797715414,75.14628867089077,1543.4343787720854
378,calm,94.02400400274843,0.05904761904761904,0.05209238635060354,0.04073408315173416,0.027341397152564416,1.998152417209549,-2.482114138665817,0.13859238635060356,0.36559238635060354,0.1135,1,0.13859238635060356,-7,28.51385820621391,-1109.749371628482,75.17971784608143,1534.7730760409534
379,calm,93.91302747360683,0.05888888888888888,0.04736757687410442,0.037576900385584866,0.025668333414009696,1.8664258891844445,-2.323029504374763,0.10886757687410444,0.33586757687410446,0.1135,0,,-7,26.303830269909405,-902.2404674117383,75.22122792894135,1534.8745635754813
380,calm,94.00239433141311,0.05873015873015872,0.05044253219517003,0.039708410021718155,0.02685930141947383,1.951469439602107,-2.436407894884761,0.11194253219517004,0.33894253219517007,0.1135,0,,-7,27.79588701520271,-1042.5254253289515,75.24927931024853,1535.04473412892
381,calm,94.02164180189794,0.058571428571428566,0.0508214770477915,0.040007504321862175,0.027054688817971406,1.961155618782396,-2.4551426226750337,0.11232147704779151,0.33932147704779153,0.1135,0,,-7,28.005253025303524,-1062.2142983233443,75.25321629744997,1535.3105362598085
382,calm,94.27370000426825,0.05841269841269841,0.06135755284602595,0.0470615336652766,0.030803742039127953,2.238823657689121,-2.814197353872973,0.12285755284602597,0.349857552846026,0.1135,0,,-7,32.94307356569362,-1527.8140119454542,75.3463176199099,1534.901135613068
383,calm,94.27330086615667,0.058253968253968245,0.06089281178018524,0.04680745378689599,0.03071218473975718,2.226084723199551,-2.805495054264243,0.12239281178018525,0.3493928117801853,0.1135,0,,-7,32.765217650827196,-1511.0503011852607,75.3496710327445,1535.2099521101493
384,calm,94.43795861903018,0.05809523809523809,0.0685426594409746,0.051827050039580325,0.03330214143398221,2.415649465109094,-3.0554365458282415,0.1300426594409746,0.35704265944097463,0.1135,0,,-7,36.278935027706225,-1842.9449630811769,75.41603669199183,1535.183740199146
385,calm,94.28749674100874,0.05793650793650793,0.06066545365307263,0.04675915003142561,0.03076608293783905,2.2185068221963986,-2.8108866218602877,0.12216545365307264,0.34916545365307267,0.1135,0,,-7,32.73140502199793,-1508.5241367740955,75.4829342367622,1535.1722900090203
386,calm,94.25660839065796,0.05777777777777777,0.0587976776426693,0.04557618108144795,0.03019065214311398,2.1696265230036254,-2.7556977370276465,0.12029767764266931,0.34729767764266933,0.1135,0,,-7,31.903326757013566,-1430.4878984043967,75.4985446065101,1535.4531037407623
387,calm,94.24038575701019,0.05761904761904761,0.05762939696454694,0.04484971521398351,0.0298490254248992,2.1384464409812445,-2.723018081102774,0.11912939696454695,0.346129396964547,0.1135,0,,-7,31.394800649788458,-1382.5737866312943,75.50812934581258,1535.7437594940213
388,calm,94.42977676537524,0.057460317460317455,0.06619853953790411,0.050534606252243264,0.032822310612832285,2.35441563897127,-3.0093977681914454,0.1276985395379041,0.35469853953790415,0.1135,0,,-7,35.37422437657028,-1758.4250360249746,75.58328456464754,1535.6160974263191
389,calm,94.52621855075468,0.0573015873015873,0.07072529848273934,0.05351465319541926,0.034363422777428716,2.463177295069345,-3.1586681345047,0.13222529848273934,0.3592252984827394,0.1135,-1,0.3592252984827394,-8,42.81172255633541,-2425.7016923037013,75.7438922803298,1564.5483118045422
390,calm,94.40081603535889,0.057142857142857134,0.06381069549022111,0.04908575228247791,0.03216826318781794,2.293343439567387,-2.946443444740605,0.15031069549022114,0.3773106954902211,0.1135,0,,-8,39.26860182598233,-2091.295098744225,75.81078697798122,1564.6444018039138
391,calm,94.5142900068067,0.05698412698412698,0.06909555375515897,0.05258092508577539,0.03398565445629114,2.421990998866498,-3.1222200250357925,0.155595553755159,0.38259555375515897,0.1135,0,,-8,42.06474006862031,-2355.622974512187,75.86364198213398,1564.8196243902084
392,calm,94.64270017940078,0.05682539682539682,0.07560439910836969,0.05681380908602052,0.03613249762450871,2.574795493358582,-3.330787523519637,0.1621043991083697,0.3891043991083697,0.1135,1,0.1621043991083697,-7,39.76966636021436,-2154.6848839433087,75.92708437670883,1556.300646245401
393,calm,94.62391735090475,0.05666666666666666,0.07402072575289154,0.05586607353905482,0.03571352240594336,2.5368234051128127,-3.2900904098310257,0.13552072575289154,0.36252072575289157,0.1135,1,0.13552072575289154,-6,33.51964412343289,-1576.9736492615862,76.06536469422373,1550.3739504541327
394,calm,94.58077592290961,0.05650793650793651,0.07113367906018819,0.054073215868258195,0.03486948406149085,2.4676794861505873,-3.2081672129209897,0.10763367906018821,0.3346336790601882,0.1135,0,,-6,32.44392952095492,-1475.25207587197,76.08571307857852,1550.6397447720265
395,calm,94.54830318382793,0.05634920634920634,0.06889617190057873,0.0526844227726338,0.0342176472253615,2.413089679000828,-3.1450389486975645,0.10539617190057875,0.33239617190057874,0.1135,-1,0.33239617190057874,-7,36.87909594084366,-1861.4537855121534,76.1895805704462,1577.1748383178058
396,calm,94.26590897454192,0.05619047619047618,0.0548922169401731,0.043450613869280674,0.029455608934591065,2.0590555950661407,-2.6863252638376585,0.11639221694017311,0.34339221694017313,0.1135,0,,-7,30.41542970849647,-1252.2722734864328,76.31144124498624,1576.4413029781524
397,calm,94.29714970758764,0.05603174603174603,0.05583082339178436,0.04413543688927468,0.029861891368617263,2.0829393960263056,-2.725379527779933,0.11733082339178437,0.3443308233917844,0.1135,1,0.11733082339178437,-6,26.481262133564808,-893.1187631953009,76.40563740274385,1570.4902826242608
398,calm,94.33602710100968,0.055873015873015866,0.05712797952362436,0.04506193338791775,0.0303963808201588,2.1159587215612525,-2.7767747220131245,0.09362797952362438,0.3206279795236244,0.1135,-1,0.3206279795236244,-7,31.543353371542427,-1338.7090489718214,76.52114491798658,1596.9760038761926
399,calm,94.19197247233386,0.0557142857142857,0.05053851761033501,0.040614966718736656,0.028030527929563086,1.9397852968981097,-2.55041810154237,0.11203851761033502,0.33903851761033504,0.1135,0,,-7,28.43047670311566,-1045.5596971082894,76.57978651667902,1596.9860195596752
400,calm,94.31525585569405,0.05555555555555555,0.05532993906632022,0.04394485490522804,0.02987939538045086,2.0672415726839057,-2.72740459042757,0.11682993906632023,0.34382993906632026,0.1135,0,,-7,30.761398433659625,-1265.44514480002,76.62375481255819,1597.0930616031094
401,calm,94.08698389470787,0.05539682539682539,0.04566698998724572,0.0373084917011669,0.026261864125126346,1.803007597478077,-2.382236292567559,0.10716698998724573,0.33416698998724575,0.1135,0,,-7,26.11594419081683,-828.4557816257736,76.71117016826418,1596.7477458596272
402,calm,93.99530677366653,0.055238095238095225,0.04199777915797975,0.034747298194896636,0.024835577078186562,1.6968885730944672,-2.247089971131018,0.10349777915797977,0.3304977791579798,0.1135,0,,-7,24.323108736427645,-659.9713667194624,76.74487379197018,1596.8882552397167
403,calm,93.91640610712899,0.055079365079365075,0.03899300588808163,0.032623998034558066,0.02363353708902535,1.6074172178277988,-2.1336039570578245,0.10049300588808165,0.32749300588808167,0.1135,1,0.10049300588808165,-6,19.57439882073484,-224.14809473489998,76.8540701457556,1590.813290683291
404,calm,94.2460741756655,0.05492063492063491,0.050706470396037595,0.040963927382233534,0.028412674072991726,1.9404489957811064,-2.5875307205530285,0.08720647039603761,0.3142064703960376,0.1135,-1,0.3142064703960376,-7,28.674749167563473,-1050.5912759658133,77.04560460451795,1616.39673177175
405,calm,93.98046307510256,0.05476190476190476,0.040430264167911734,0.03373990137781302,0.02435119463065762,1.648929221385387,-2.2016755391223994,0.10193026416791175,0.32893026416791177,0.1135,0,,-7,23.617930964469114,-575.4442079756801,77.14065302780062,1615.8786960233929
406,calm,94.07362797288249,0.0546031746031746,0.04331220705452932,0.035849364668047,0.025606226617492754,1.7323167296733823,-2.3206647886394487,0.10481220705452933,0.33181220705452935,0.1135,0,,-7,25.094555267632902,-714.3833956082975,77.16843530887094,1616.0339158457682
407,calm,94.22993813489931,0.054444444444444434,0.048834728377946224,0.03979920453700181,0.027880782245634082,1.8869672938663626,-2.537144061988468,0.11033472837794624,0.33733472837794626,0.1135,0,,-7,27.859443175901266,-974.9707191976659,77.22054235218015,1616.0385778756909
408,calm,94.29259262624201,0.054285714285714284,0.050966711378056306,0.04133514133193639,0.028773949338156555,1.9443221378129594,-2.6225511582792342,0.11246671137805632,0.33946671137805634,0.1135,0,,-7,28.93459893235547,-1076.3702187955118,77.24081819693076,1616.27143317214
409,calm,94.4892048066404,0.05412698412698412,0.05920547222981032,0.047047199086083624,0.031919235173842056,2.159527455957514,-2.9244073737697827,0.12070547222981033,0.34770547222981035,0.1135,0,,-7,32.93303936025854,-1454.2552371860957,77.31638008823062,1616.1176332696562
410,calm,94.32208622167325,0.05396825396825396,0.05135435688344758,0.041702022416231554,0.02905672921561837,1.9531694614629094,-2.6498377057510116,0.1128543568834476,0.3398543568834476,0.1135,-1,0.3398543568834476,-8,33.36161793298524,-1460.7223114722583,77.3444649732485,1644.9316061905377
411,calm,93.94333871098435,0.05380952380952381,0.037168876416432184,0.03159101865867048,0.023277298105915428,1.5475751037991574,-2.1011350771187947,0.12366887641643219,0.3506688764164322,0.1135,0,,-8,25.272814926936384,-700.9851287406949,77.49644280536124,1643.492382987365
412,calm,94.07034043419824,0.05365079365079364,0.04101349402059462,0.03444137275277309,0.02499794763608507,1.6615521315817465,-2.2638500515660027,0.12751349402059464,0.3545134940205946,0.1135,1,0.12751349402059464,-7,24.108960926941165,-604.2942329758998,77.53833963376029,1634.9344831218232
413,calm,93.87198634732383,0.05349206349206348,0.03433814032567728,0.029562063491373858,0.022114114526616702,1.4593483013535915,-1.9919323262940711,0.09583814032567729,0.3228381403256773,0.1135,-1,0.3228381403256773,-8,23.649650793099084,-528.9226876010434,77.56696290468292,1663.6464965071882
414,calm,93.81781242651628,0.05333333333333333,0.032464003802742614,0.02818749037313606,0.02129985002253586,1.3998255413934582,-1.9156317635028652,0.11896400380274262,0.3459640038027426,0.1135,0,,-8,22.549992298508847,-425.77576673322704,77.58759641555866,1663.8439779054686
415,calm,93.62279512282412,0.053174603174603166,0.027089138876803975,0.024098770463639452,0.01875012914257174,1.2234881359328795,-1.6774948486909622,0.11358913887680398,0.340589138876804,0.1135,0,,-8,19.279016370911563,-119.59910519392116,77.6488439973829,1663.684983568061
416,calm,93.79658916266568,0.053015873015873016,0.03127336810782344,0.027350695609363818,0.02083846359582873,1.3607355791582967,-1.8726837092616835,0.11777336810782345,0.34477336810782344,0.1135,0,,-8,21.880556487491056,-363.6634978168222,77.6976471152839,1663.6393752046172
417,calm,93.93968416523646,0.05285714285714285,0.03508171432322715,0.030261940961092804,0.022666150819143926,1.4801566659149987,-2.044438940335692,0.12158171432322716,0.34858171432322715,0.1135,0,,-8,24.209552768874243,-582.4924299469881,77.74140415030293,1663.6799394841025
418,calm,93.82030370790258,0.05269841269841269,0.031326831804529665,0.02745763608496793,0.020963962353534704,1.3614215162518037,-1.8847369507166758,0.11782683180452967,0.34482683180452967,0.1135,1,0.11782683180452967,-7,19.22034525947755,-126.2997671268538,77.85502194306159,1655.0300802249049
419,calm,93.96978968598327,0.05253968253968254,0.035344336087137496,0.03053223483125289,0.022895306155494413,1.4870940809000968,-2.066307431235513,0.09684433608713751,0.32384433608713753,0.1135,0,,-7,21.372564381877023,-328.5837941325417,77.89547065871959,1655.0505506215832
420,calm,93.98974698732727,0.052380952380952375,0.035626784097256614,0.03078124649760816,0.023079822712686847,1.4951847388512909,-2.08383535823175,0.09712678409725663,0.32412678409725665,0.1135,0,,-7,21.546872548325712,-344.9702512309714,77.89874729481205,1655.27609908627
421,calm,93.96649545232573,0.05222222222222221,0.034592087087396806,0.030040173217387334,0.02265843666555005,1.4627138915631055,-2.0443043775257195,0.09609208708739682,0.32309208708739684,0.1135,0,,-7,21.028121252171132,-296.23475896823624,77.90849634307425,1655.4896400836788
422,calm,93.97586606272378,0.05206349206349206,0.03454883660411623,0.030044251107355313,0.022693241907044606,1.4607992801047203,-2.0477290171686304,0.09604883660411624,0.32304883660411626,0.1135,0,,-7,21.03097577514872,-296.50306888850463,77.90854999432806,1655.7169081023785
423,calm,93.9421186415514,0.0519047619047619,0.033230409118616855,0.029080981575995812,0.022129354787039385,1.41913820314525,-1.9948445901338858,0.09473040911861687,0.3217304091186169,0.1135,0,,-7,20.356687103197068,-233.17163129065236,77.92121881561188,1655.9173973237941
424,calm,94.04393298312222,0.051746031746031734,0.03597109755634209,0.031191490125353383,0.023463270431630847,1.503333028721878,-2.1205718739651336,0.0974710975563421,0.3244710975563421,0.1135,0,,-7,21.834043087747368,-372.13578576735597,77.94900608905253,1656.043730837921
425,calm,94.09528051032352,0.051587301587301584,0.0372569294978522,0.03219561810770466,0.024109551572142743,1.5416850554298742,-2.181713992686726,0.09875692949785221,0.32575692949785223,0.1135,0,,-7,22.536932675393263,-438.2876064032656,77.962233807636,1656.2515448816428
426,calm,94.03715157316071,0.05142857142857142,0.035092703697358285,0.030604962664212754,0.023170346969781902,1.4752443671686981,-2.093258824034839,0.0965927036973583,0.3235927036973583,0.1135,0,,-7,21.423473864948928,-333.6020527740261,77.98317510662164,1656.4355136996726
427,calm,94.20405679688832,0.05126984126984126,0.04016627727807798,0.034445773703648874,0.02553819194691764,1.6267445732974934,-2.3171781207998206,0.10166627727807799,0.328666277278078,0.1135,0,,-7,24.112041592554213,-586.9266944850181,78.03382990400436,1656.4090470942378
428,calm,94.10236219242034,0.05111111111111111,0.036448526037069495,0.031706983345005324,0.02391580256176359,1.5154072759786288,-2.1638667005037453,0.09794852603706951,0.32494852603706953,0.1135,-1,0.32494852603706953,-8,25.36558667600426,-672.4369876593486,78.07742221469783,1685.3658161195801
429,calm,94.14985331382209,0.05095238095238094,0.03762829103115495,0.03263523889524289,0.02451806261153225,1.550307913317391,-2.2209115133505675,0.12412829103115496,0.35112829103115495,0.1135,0,,-8,26.108191116194313,-742.3670699932579,78.09140543452065,1685.6126610607457
430,calm,94.2198379750992,0.050793650793650794,0.03960545894679557,0.03415703991183505,0.025476461637152725,1.6082785898238936,-2.3117688908187124,0.1261054589467956,0.35310545894679557,0.1135,0,,-8,27.32563192946804,-857.0970875794159,78.11434684975484,1685.835158224824
431,calm,94.46577206780783,0.05063492063492063,0.04838924330070471,0.04064610689735071,0.029335876138985105,1.855778715617737,-2.679250567088374,0.13488924330070473,0.3618892433007047,0.1135,0,,-8,32.51688551788057,-1347.5909449642288,78.21242600540067,1685.4303560823143
432,calm,94.3814451508624,0.050476190476190466,0.04466103083640549,0.037984465440931536,0.02783133942940019,1.7519510188646468,-2.5358034820125037,0.1311610308364055,0.3581610308364055,0.1135,1,0.1311610308364055,-7,26.589125808652074,-801.3684142894011,78.34432011097347,1676.8889832437908
433,calm,94.67192096612295,0.050317460317460316,0.0564594542635426,0.046506279164709674,0.032736496870014814,2.066908879184111,-3.005807202398566,0.11795945426354261,0.34495945426354263,0.1135,0,,-7,32.554395415296774,-1366.224895737832,78.45726881752185,1676.24063613458
434,calm,94.70119522915469,0.05015873015873015,0.0573505113918662,0.04719191810408113,0.03316516814207279,2.0886597270348592,-3.0472234782427483,0.11885051139186621,0.34585051139186623,0.1135,0,,-7,33.034342672856795,-1411.6855649915085,78.46635913330942,1676.5608117631923
435,calm,94.6686521475125,0.04999999999999999,0.05535838198176535,0.04584527294438173,0.03246598451127659,2.0367560023528766,-2.980000957743959,0.11685838198176536,0.3438583819817654,0.1135,0,,-7,32.09169106106721,-1322.4638553702148,78.48420704481599,1676.8624151281574
436,calm,94.55628225826514,0.04984126984126984,0.04996571788135551,0.042045063916986314,0.030361636817036106,1.894188048342097,-2.7780784685008957,0.11146571788135552,0.33846571788135554,0.1135,0,,-7,29.43154474189042,-1070.98061587509,78.53451375405686,1676.9808335189107
437,calm,94.65396855347767,0.049682539682539675,0.053753989399845103,0.0448197710934376,0.03198718277800053,1.993358766200289,-2.9341926925116883,0.11525398939984512,0.34225398939984514,0.1135,1,0.11525398939984512,-6,26.89186265606256,-842.1831047249514,78.60259195171442,1670.9860238265276
438,calm,94.66199158425361,0.04952380952380951,0.05364746246270702,0.04480086417168594,0.03202480622653223,1.9896645652370093,-2.937933084344054,0.09014746246270704,0.31714746246270703,0.1135,-1,0.31714746246270703,-7,31.360604920180158,-1233.5930050852987,78.70719596023403,1697.5110902220028
439,calm,94.47775635157615,0.04936507936507936,0.04550201781852525,0.03894499108220845,0.028692243780775947,1.7699929219590291,-2.6188793467518625,0.10700201781852527,0.3340020178185253,0.1135,0,,-7,27.261493757545914,-846.3956343690509,78.78465092537031,1697.3577181634184
440,calm,94.289841899676,0.0492063492063492,0.03830324467917112,0.03360875850845896,0.025522886560197196,1.563179263829227,-2.317668404086768,0.09980324467917114,0.32680324467917116,0.1135,0,,-7,23.52613095592127,-494.2593077195331,78.85509227897094,1697.2035893499371
441,calm,94.19735130386589,0.049047619047619034,0.03495612042967711,0.031088438730432266,0.0239950275694629,1.4619906708606887,-2.1733351488421695,0.09645612042967712,0.32345612042967714,0.1135,0,,-7,21.761907111302587,-328.1073314919841,78.88832932162498,1697.3373934127092
442,calm,94.08495449368063,0.048888888888888885,0.031290422407937335,0.028271247834200375,0.022238657102733934,1.3473707642038686,-2.0080482171439287,0.09279042240793735,0.31979042240793737,0.1135,0,,-7,19.789873483940262,-142.60574514040985,78.92543706044306,1697.4203053462504
443,calm,94.26591791602296,0.04873015873015872,0.036426715701407986,0.03230393359979111,0.024830110496967595,1.5052682994157214,-2.252552941884735,0.097926715701408,0.324926715701408,0.1135,0,,-7,22.61275351985378,-408.7603431681638,78.9786573359935,1697.352922998646
444,calm,94.49475859623665,0.04857142857142857,0.04408824395672495,0.038147524812896905,0.02843697298137391,1.7266635368679408,-2.595246449085196,0.10558824395672496,0.332588243956725,0.1135,0,,-7,26.703267369027834,-795.3697683041714,79.05596375973596,1697.0872646931693
445,calm,94.63948784012578,0.04841269841269841,0.04946636070666921,0.042171430694102396,0.030854101620820844,1.8730311231149994,-2.82646725870486,0.11096636070666922,0.33796636070666924,0.1135,0,,-7,29.520001485871678,-1061.9973573589218,79.10927861457594,1697.1340118090573
446,calm,94.69909785743346,0.048253968253968244,0.05157137910405307,0.043763216348511436,0.03182395559746137,1.927999483281966,-2.919650643324727,0.11307137910405309,0.3400713791040531,0.1135,-1,0.3400713791040531,-8,35.010573078809145,-1548.0663864566604,79.23326904989051,1726.1461962950698
447,calm,94.62744753688865,0.048095238095238094,0.04807344264073787,0.04125824283012958,0.03041558253435096,1.833836045041445,-2.784731164185882,0.1345734426407379,0.3615734426407379,0.1135,-1,0.3615734426407379,-9,37.13241854711662,-1712.754019890384,79.29342601403724,1757.7258697180214
448,calm,94.63639439787453,0.04793650793650793,0.04800018239935255,0.04125877890277596,0.030463338479702146,1.8309997971849927,-2.7894421936555007,0.15950018239935254,0.3865001823993525,0.1135,0,,-9,37.132901012498365,-1712.7996878062906,79.29343514579406,1758.1240133903216
449,calm,94.78404010747722,0.047777777777777766,0.05395030592779371,0.045666548756759906,0.03306801562538817,1.9871586820765779,-3.0396538246953093,0.1654503059277937,0.3924503059277937,0.1135,0,,-9,41.099893881083915,-2088.882500490612,79.36863666802648,1758.1762142120892
450,calm,95.14082552883619,0.047619047619047616,0.0719038573272428,0.05838868213092169,0.04011792001388543,2.4209230194960236,-3.723254145523639,0.1834038573272428,0.41040385732724277,0.1135,0,,-9,52.54981391782951,-3178.4552159946575,79.5865076369335,1756.4639899398494
451,calm,95.29399672623781,0.04746031746031745,0.08068896471331577,0.06444051788940913,0.0433335837465717,2.614654840614497,-4.038200439363227,0.19218896471331576,0.41918896471331574,0.1135,1,0.19218896471331576,-8,51.55241431152731,-3102.6669268872392,79.62551687589705,1745.4175019744466
452,calm,95.2467277569919,0.04730158730158729,0.07706704377996143,0.06207599150656279,0.042181956746913024,2.534139980915034,-3.9252510593214076,0.16356704377996145,0.39056704377996143,0.1135,0,,-8,49.66079320525023,-2922.532240502392,79.66155102000283,1745.8421750903808
453,calm,95.25296799113026,0.04714285714285714,0.07683090203583287,0.06199787109071453,0.04220864915592532,2.527565520131966,-3.927911342777809,0.1633309020358329,0.39033090203583287,0.1135,0,,-8,49.59829687257162,-2916.580469918429,79.66274161223807,1746.3397928705458
454,calm,95.17178185510296,0.046984126984126975,0.07133946509391009,0.05831008122096715,0.040332245334515966,2.402968061390075,-3.7444417320021506,0.15783946509391011,0.3848394650939101,0.1135,0,,-8,46.64806497677372,-2635.8577992748656,79.71889737751984,1746.6500925821829
455,calm,95.04038550511473,0.046825396825396826,0.06346715262268177,0.05287555980568048,0.03744955283132422,2.217545385084694,-3.4638978161798484,0.1499671526226818,0.37696715262268177,0.1135,0,,-8,42.30044784454439,-2222.741230840804,79.80153721917497,1746.7359172455485
456,calm,95.00935723355158,0.04666666666666666,0.061305312612538465,0.05140892144238596,0.036696297149831913,2.1641622657913393,-3.39093409677797,0.1478053126125385,0.37480531261253847,0.1135,1,0.1478053126125385,-7,35.98624500967017,-1637.7533909889462,79.94151888973171,1738.362897800143
457,calm,95.041996303945,0.0465079365079365,0.06245523107595474,0.05229920212041328,0.03725107174576834,2.1909122244481214,-3.444829571165327,0.12395523107595476,0.3509552310759548,0.1135,0,,-7,36.6094414842893,-1696.9950739937365,79.95336485713919,1738.7206664924095
458,calm,95.35011429547336,0.04634920634920635,0.07979159788532453,0.06443692479332375,0.04382221091040656,2.5852768562147475,-4.086404644293577,0.14129159788532458,0.36829159788532456,0.1135,-1,0.36829159788532456,-8,51.549539834659,-3085.010907515627,80.25827287419786,1766.4103292899063
459,calm,95.35871727525776,0.046190476190476185,0.07969675838665946,0.06445979488070852,0.04390558536406547,2.5817907939720866,-4.094623988782833,0.16619675838665948,0.39319675838665946,0.1135,0,,-8,51.56783590456682,-3086.7559462111667,80.25862181214937,1766.9293315999794
460,calm,95.58714561123732,0.04603174603174602,0.09487952507909725,0.07471508630082097,0.04915970000249851,2.89463423463312,-4.613248005369914,0.18137952507909727,0.40837952507909725,0.1135,0,,-8,59.772069040656774,-3871.132017464617,80.41546565763096,1766.4058293462945
461,calm,95.88545989477888,0.04587301587301587,0.11861467565857708,0.09006877795388457,0.05651295679324861,3.3368667973103245,-5.347427230787353,0.2051146756585771,0.4321146756585771,0.1135,-1,0.4321146756585771,-9,81.06190015849612,-5869.734074764522,80.8437427071942,1796.1702937848067
462,calm,95.89864010953158,0.04571428571428571,0.11895325694088932,0.09040327561155753,0.05675926899762841,3.3407322141801736,-5.372014141033032,0.2304532569408893,0.4574532569408893,0.1135,-1,0.4574532569408893,-10,90.40327561155753,-6720.013116812123,81.04290774773442,1830.5848188425362
463,calm,96.17083455616864,0.045555555555555544,0.14478339232621806,0.10638892321069687,0.06387975350752732,3.7680736620919237,-6.092568690840414,0.2812833923262181,0.5082833923262181,0.1135,0,,-10,106.38892321069689,-8257.673657956275,81.35037836184043,1829.054482422367
464,calm,96.29203533481368,0.045396825396825394,0.15713502504894805,0.11388394693608661,0.06710961972436037,3.9547499598604383,-6.422327965061711,0.29363502504894806,0.5206350250489481,0.1135,0,,-10,113.88394693608662,-8979.52908957465,81.49472057972052,1829.4529278141
465,calm,96.22099623982514,0.04523809523809523,0.14822533043762398,0.10874314457760859,0.06508861217292865,3.816603603917644,-6.215146343629967,0.284725330437624,0.511725330437624,0.1135,0,,-10,108.74314457760859,-8484.974895794732,81.59365120460149,1830.1734792764819
466,calm,96.2658628126779,0.045079365079365066,0.15216433160840737,0.11124410021525966,0.06624475118000299,3.874377329555235,-6.332903948520119,0.2886643316084074,0.5156643316084074,0.1135,1,0.2886643316084074,-9,100.1196901937337,-7683.883081121427,81.77968005993938,1817.277381468788
467,calm,96.26959772360166,0.044920634920634916,0.1515740209199521,0.11104351607601892,0.06627341318855053,3.8627052859206756,-6.335424879144985,0.2630740209199521,0.49007402091995206,0.1135,0,,-9,99.93916446841703,-7666.50741799422,81.78315588773037,1818.1791233851955
468,calm,96.23000410919359,0.04476190476190475,0.14624181205888576,0.10799497288121768,0.06510354983290315,3.778002776511875,-6.2155367243243775,0.25774181205888574,0.4847418120588857,0.1135,-1,0.4847418120588857,-10,107.99497288121769,-8393.418755550349,81.95819798306371,1852.696116522593
469,calm,96.19612049618539,0.0446031746031746,0.14164892547954544,0.10536040907455685,0.06408960235769176,3.7033648356076942,-6.111850732516228,0.27814892547954545,0.5051489254795455,0.1135,-1,0.5051489254795455,-11,115.89644998201254,-9103.167324576962,82.1302162717209,1889.80772494534
470,calm,96.22044250252135,0.04444444444444444,0.14325022292423562,0.10647999299737149,0.06467992535364143,3.7260589984064048,-6.171611977118535,0.30475022292423565,0.5317502229242357,0.1135,0,,-11,117.12799229710865,-9221.690571005392,82.15391618102473,1890.8414320376542
471,calm,96.29400881553202,0.044285714285714275,0.15024829640676174,0.11085931173936558,0.06665056992254988,3.8317228712461344,-6.37233939320589,0.31174829640676177,0.5387482964067618,0.1135,0,,-11,121.94524291330215,-9685.655718782418,82.2466906556852,1891.6674512758564
472,calm,96.14368224913754,0.044126984126984126,0.13337717725326215,0.10071180809704638,0.06239073442237638,3.5628200094076825,-5.93829440463247,0.2948771772532622,0.5218771772532622,0.1135,0,,-11,110.78298890675103,-8612.690152432882,82.4613266961632,1891.6794366489303
473,calm,96.14194073412227,0.04396825396825396,0.132260801303957,0.10015967374195628,0.062254159421103274,3.542104730773821,-5.924153867965444,0.29376080130395704,0.5207608013039571,0.1135,1,0.29376080130395704,-10,100.15967374195628,-7620.9443648170745,82.68559592355791,1876.3402507271512
474,calm,95.88397927693904,0.0438095238095238,0.1075885190150494,0.08458682904164083,0.05518092926494373,3.111556396398242,-5.21181397851901,0.2440885190150494,0.4710885190150494,0.1135,0,,-10,84.58682904164083,-6128.0566835527425,82.98423318726351,1874.8765603628826
475,calm,95.92794683430378,0.04365079365079365,0.1105163200328132,0.08661410144986337,0.05624448455873106,3.1629361121580066,-5.318145263283724,0.2470163200328132,0.4740163200328132,0.1135,0,,-10,86.61410144986337,-6322.567657763325,83.02312760322243,1875.6289411873486
476,calm,96.0333691500406,0.043492063492063485,0.11907646388006654,0.09225706471043416,0.05899068961373179,3.312576017462296,-5.59377523966977,0.25557646388006655,0.48257646388006653,0.1135,-1,0.48257646388006653,-11,101.48277118147757,-7702.5040381712815,83.32870529304365,1912.2442788005837
477,calm,96.06099554637225,0.04333333333333332,0.12074860742112747,0.09345777465481087,0.059649222169387665,3.3392511523257475,-5.659881886396419,0.2822486074211275,0.5092486074211275,0.1135,0,,-11,102.80355212029195,-7829.404945158839,83.35408039941989,1913.1831490565337
478,calm,96.10929197534686,0.04317460317460317,0.12441340357945485,0.09592584352567002,0.060887308657665985,3.399491219559303,-5.784523647294512,0.2859134035794549,0.5129134035794549,0.1135,0,,-11,105.51842787823702,-8090.381917013352,83.40626535679931,1914.06473277831
479,calm,96.20920202699892,0.04301587301587301,0.1333434892756724,0.1016934358120728,0.06359627323203319,3.545044317513929,-6.058387880823435,0.29484348927567244,0.5218434892756725,0.1135,-1,0.5218434892756725,-12,122.03212297448735,-9627.30474969874,83.74401924234479,1953.2962362064827
480,calm,96.09625304862749,0.042857142857142844,0.12134623902469954,0.09424436595040059,0.060329753897012,3.342687000084608,-5.727777626130769,0.3078462390246996,0.5348462390246996,0.1135,0,,-12,113.0932391404807,-8768.483305462329,83.91581789092179,1953.737734240609
481,calm,96.05559389992024,0.042698412698412694,0.11667360131391291,0.09137222463228367,0.05909923134815968,3.259619608934071,-5.603641542500448,0.30317360131391297,0.530173601313913,0.1135,0,,-12,109.6466695587404,-8437.487229828483,83.98203034854008,1954.6804122079357
482,calm,96.14204691289086,0.04253968253968253,0.12386955538647015,0.09613403774180379,0.061416941730111765,3.3809379135260045,-5.836968637680246,0.3103695553864702,0.5373695553864702,0.1135,-1,0.5373695553864702,-13,124.97424906434493,-9857.68986715231,84.29675532211786,1996.5598272928346
483,calm,96.31194571295185,0.04238095238095238,0.14010830475399416,0.10651128566659462,0.0661869273656257,3.642766054826039,-6.320249509559309,0.3516083047539942,0.5786083047539942,0.1135,0,,-13,138.46467136657301,-11157.238545333379,84.55661308620125,1996.4225703055272
484,calm,96.37890773970145,0.04222222222222222,0.14635626256752765,0.11053362390071647,0.06805604852024676,3.7367999852472913,-6.5104236384979774,0.35785626256752767,0.5848562625675277,0.1135,0,,-13,143.6937110709314,-11661.30847439402,84.65740691324797,1997.4713063488089
485,calm,96.81371261696289,0.04206349206349205,0.20000996954175854,0.1424323189013239,0.08100908963924508,4.471372602628805,-7.848720683538929,0.4115099695417585,0.6385099695417585,0.1135,0,,-13,185.16201457172107,-15676.811832316034,85.46034699681566,1989.3972736041778
486,calm,96.79796226291096,0.0419047619047619,0.19653916868996468,0.14065610145194274,0.08048829374392745,4.424422210551304,-7.793356737576576,0.40803916868996465,0.6350391686899647,0.1135,-1,0.6350391686899647,-14,196.91854203271984,-16751.563418539976,85.70794857711819,2034.595345844733
487,calm,96.96863956379032,0.04174603174603174,0.22042009273997287,0.15432564821151729,0.08566105671462117,4.707488498095599,-8.335875194243926,0.45692009273997297,0.683920092739973,0.1135,1,0.45692009273997297,-13,200.6233426749725,-17156.596755843897,85.79979847274504,2011.0297275263365
488,calm,97.18538740430472,0.041587301587301576,0.25449929708034347,0.1730926930564038,0.0922584700556877,5.073375020704881,-9.036563251327154,0.46599929708034343,0.6929992970803435,0.1135,0,,-13,225.0205009733249,-19528.118246089583,86.27400792890295,2009.7372287092803
489,calm,97.16230828647568,0.041428571428571426,0.2491066667575339,0.17045379648409253,0.09155421856689938,5.013049596889768,-8.959702510626581,0.46060666675753387,0.6876066667575339,0.1135,0,,-13,221.5899354293203,-19194.863243439442,86.34067226229965,2011.4877091396193
490,calm,97.02164104605079,0.04126984126984126,0.2246719692562138,0.15736029851619493,0.08721939167929914,4.7436334158462765,-8.497212535880017,0.43617196925621377,0.6631719692562138,0.1135,1,0.43617196925621377,-12,188.83235821943393,-16060.942181548693,86.99631104181883,1990.2767323890494
491,calm,96.81932241947084,0.0411111111111111,0.19333350033307894,0.13983391910906295,0.08092071050699402,4.365872168577406,-7.834141095063227,0.379833500333079,0.606833500333079,0.1135,0,,-12,167.80070293087556,-14025.078821273471,87.40356516469845,1989.2713376051197
492,calm,96.84688830297017,0.04095238095238095,0.19596173836829855,0.14156067775725217,0.08173221523734545,4.395130806596157,-7.918019791203679,0.3824617383682986,0.6094617383682986,0.1135,0,,-12,169.8728133087026,-14225.796399074776,87.44370065316102,1990.7028911024918
493,calm,97.03658532342071,0.040793650793650785,0.22296619480133195,0.15710189940767122,0.08761873680073684,4.7118190987371,-8.535911536461693,0.409466194801332,0.636466194801332,0.1135,0,,-12,188.52227928920547,-16035.838832027444,87.80563675253168,1990.1599738236928
494,calm,97.0829432458667,0.040634920634920635,0.22896477734475695,0.160671012922309,0.08904923350074186,4.774671592839822,-8.686201362646406,0.415464777344757,0.642464777344757,0.1135,0,,-12,192.80521550677082,-16451.722045773757,87.88879676327879,1991.6180159634641
495,calm,97.1123962607924,0.04047619047619047,0.23234170166864665,0.16277879472235918,0.0899574859561826,4.807444923095473,-8.781316721604778,0.4188417016686467,0.6458417016686467,0.1135,0,,-12,195.334553666831,-16697.401261469,87.93792278121425,1993.1952756469327
496,calm,97.04731140763604,0.04031746031746031,0.2205772069132017,0.15646125470240818,0.08788825180356016,4.672174397489633,-8.560831846778568,0.40707720691320176,0.6340772069132018,0.1135,0,,-12,187.75350564288982,-15961.82807715901,88.08506684688939,1994.4522045460271
497,calm,97.14324229832837,0.04015873015873016,0.23458611893003045,0.16450497867247438,0.09090412102458649,4.8229945198758495,-8.879258602257922,0.4210861189300305,0.6480861189300305,0.1135,0,,-12,197.40597440696925,-16899.68772350741,88.27260126927459,1995.4653367303763
498,calm,96.77781716645364,0.039999999999999994,0.17906781914001257,0.13288198373466853,0.07925806037194953,4.157029549266898,-7.655230526440555,0.36556781914001263,0.5925678191400127,0.1135,0,,-12,159.45838048160223,-13227.936913752777,89.00709833063779,1989.215695186509
499,calm,96.81734081131657,0.03984126984126983,0.18314671946028582,0.1355136591031626,0.0804599388738129,4.206754870738656,-7.779258749986445,0.3696467194602859,0.5966467194602859,0.1135,0,,0,0.0,1988.8963182673924,92.21721699237114,1988.8963182673924
