step,regime,spot,time_to_expiry,fair_value,delta,gamma,vega,theta,bid,ask,half_spread,trade_size,trade_price,option_inventory,hedge_shares,cash,cumulative_transaction_cost,pnl
0,adverse,100.0,0.11904761904761904,4.026661259767401,0.5339775782209893,0.04114458795459405,13.714862651531355,-17.609811375070816,2.9359692835657833,5.117353235969019,1.0906919762016178,0,,0,0.0,0.0,0.0,0.0
1,adverse,100.12136200582911,0.11888888888888888,4.088970009691835,0.5389458870179602,0.04107509611612885,13.70665197599781,-17.63667423575084,2.9826385372591844,5.195301482124485,1.1063314724326505,0,,0,0.0,0.0,0.0,0.0
2,adverse,100.41134956617046,0.11873015873015873,4.2441764327731875,0.5508094855601094,0.04084578502972975,13.690898018814721,-17.675445945844036,3.0988881481471173,5.389464717399258,1.1452882846260701,0,,0,0.0,0.0,0.0,0.0
3,adverse,100.5278390457886,0.11857142857142856,4.30580920725702,0.5555529983062284,0.04076031804321832,13.675661474965958,-17.693448556439485,3.145051096235508,5.466567318278533,1.1607581110215122,0,,0,0.0,0.0,0.0,0.0
4,adverse,100.06613983827567,0.1184126984126984,4.050868019197338,0.5366139851317725,0.04120325570377543,13.679245260898611,-17.662429348163172,2.9541001463788064,5.14763589201587,1.096767872818532,0,,0,0.0,0.0,0.0,0.0
5,adverse,100.38561687881719,0.11825396825396825,4.221592366824126,0.5497221970176144,0.04095264463645453,13.664655643026489,-17.706363220553992,3.08197268275127,5.361212050896982,1.1396196840728556,0,,0,0.0,0.0,0.0,0.0
6,adverse,100.54318916022764,0.11809523809523809,4.305908187132751,0.556155689134518,0.04082742728063065,13.6473316176755,-17.727044268544084,3.14512523216243,5.4666911421030715,1.1607829549703206,0,,0,0.0,0.0,0.0,0.0
7,adverse,100.35229680103734,0.11793650793650794,4.197674593046173,0.5483313815420476,0.041039098868599855,13.64767730761933,-17.725735864842278,3.064058270191584,5.331290915900762,1.1336163228545895,0,,0,0.0,0.0,0.0,0.0
8,adverse,100.55760351887167,0.11777777777777777,4.308297719779482,0.5567297112720301,0.040868120550096254,13.628117909236714,-17.749714146584164,3.146914992114832,5.469680447444132,1.16138272766465,0,,0,0.0,0.0,0.0,0.0
9,adverse,100.68638640339799,0.11761904761904761,4.377514529687595,0.5619806999571274,0.04076227691398447,13.609295178506713,-17.765106889019687,3.1987583827360084,5.556270676639182,1.1787561469515864,0,,0,0.0,0.0,0.0,0.0
10,adverse,100.79028586868549,0.11746031746031746,4.433302881969453,0.5662093448090713,0.04067721491788854,13.590572936638944,-17.777546654631074,3.2405438585951205,5.626061905343786,1.1927590233743328,0,,0,0.0,0.0,0.0,0.0
11,adverse,100.7997648365436,0.1173015873015873,4.435849075104763,0.5665944380567982,0.04069423790466574,13.580441147659108,-17.788622939626013,3.242450957253467,5.629247192956058,1.1933981178512956,0,,0,0.0,0.0,0.0,0.0
12,adverse,100.99372867395132,0.11714285714285713,4.543688002110336,0.5744712142764505,0.04049894418850529,13.548972401626378,-17.79690339195667,3.323222313580642,5.764153690640031,1.2204656885296945,0,,0,0.0,0.0,0.0,0.0
13,adverse,100.73106417555229,0.11698412698412698,4.391369244892829,0.5637915409058311,0.040824902177640385,13.568660204347827,-17.810205228205653,3.2091355644247286,5.5736029253609285,1.1822336804681002,0,,0,0.0,0.0,0.0,0.0
14,adverse,100.67256503289671,0.11682539682539682,4.355630093769136,0.5613975997875313,0.04091551268458542,13.564555345077217,-17.820201479652024,3.182366940233083,5.52889324730519,1.1732631535360531,0,,0,0.0,0.0,0.0,0.0
15,adverse,100.50086563429156,0.11666666666666665,4.257014039366197,0.5543484517583935,0.04112005353514397,13.56744586077218,-17.82459958968807,3.108503515485282,5.405524563247113,1.1485105238809157,0,,0,0.0,0.0,0.0,0.0
16,adverse,100.7127745711145,0.1165079365079365,4.372575684465694,0.5630364892573758,0.040928197720598025,13.542700809459763,-17.84335336662876,3.195059187664805,5.550092181266583,1.1775164968008893,0,,0,0.0,0.0,0.0,0.0
17,adverse,100.72626133774246,0.11634920634920634,4.377339748187637,0.5635860741366562,0.040941518102436826,13.53227540157818,-17.854755421723105,3.1986274713925402,5.556052024982734,1.178712276795097,0,,0,0.0,0.0,0.0,0.0
18,adverse,100.62177051093003,0.11619047619047618,4.315839298240398,0.5592969891420501,0.04108107646409589,13.531760032702204,-17.863510098467692,3.152563634382058,5.479114962098738,1.16327566385834,0,,0,0.0,0.0,0.0,0.0
19,adverse,100.3439821580254,0.11603174603174603,4.159227946372617,0.5478331843829722,0.04138429145855932,13.537954401078409,-17.85881625390183,3.0352617318330903,5.283194160912144,1.123966214539527,0,,0,0.0,0.0,0.0,0.0
20,adverse,100.25235866579914,0.11587301587301586,4.106373069531344,0.5440218871432528,0.0414964963930844,13.531345107043032,-17.86182379204999,2.9956734290789764,5.217072709983711,1.1106996404523675,0,,0,0.0,0.0,0.0,0.0
21,adverse,100.25461443850354,0.11571428571428571,4.104764221429306,0.5440998896351054,0.041523109528357555,13.522083747395042,-17.873364754191883,2.9944684018505505,5.215060041008062,1.110295819578756,0,,0,0.0,0.0,0.0,0.0
22,adverse,100.15656749559673,0.11555555555555555,4.0487803406785545,0.5400060177071588,0.041637646762763846,13.514310788883517,-17.87419836651168,2.9525364751682375,5.145024206188872,1.0962438655103173,0,,0,0.0,0.0,0.0,0.0
23,adverse,100.6142041844814,0.11539682539682539,4.2974090860491785,0.5589593086839147,0.04123045251817943,13.486168669309126,-17.919741719044563,3.1387594054508345,5.456058766647523,1.158649680598344,0,,0,0.0,0.0,0.0,0.0
24,adverse,100.97153139395607,0.11523809523809524,4.49691901906224,0.5736267949368097,0.040857676806410975,13.440816671035558,-17.931617745794938,3.2881923452776176,5.705645692846862,1.2087266737846223,0,,0,0.0,0.0,0.0,0.0
25,adverse,100.00981240818359,0.11507936507936507,3.9614699296069347,0.533818475141622,0.04184528414851919,13.486126685957453,-17.889339140623985,2.8871409772755943,5.035798881938275,1.0743289523313406,0,,0,0.0,0.0,0.0,0.0
26,adverse,99.3449632489086,0.11492063492063491,3.6130257224426785,0.5058023411681902,0.042302032517018535,13.434112774254986,-17.76494334514284,2.6261562661095663,4.599895178775791,0.9868694563331123,0,,0,0.0,0.0,0.0,0.0
27,adverse,99.28311441911353,0.11476190476190476,3.579005303419123,0.5031410949109345,0.04236081494708873,13.417477324215504,-17.75944113969498,2.600674972260923,4.557335634577323,0.9783303311581999,0,,0,0.0,0.0,0.0,0.0
28,adverse,99.13474055087735,0.1146031746031746,3.5020058416867315,0.4968026179663775,0.042453537808922436,13.388142170335191,-17.727495266183034,2.543002375423362,4.461009307950101,0.9590034662633695,0,,0,0.0,0.0,0.0,0.0
29,adverse,99.20886546354515,0.11444444444444443,3.5361296014702575,0.4999020763106055,0.04245258895016656,13.389300649322356,-17.76090213060233,2.568561071501223,4.503698131439292,0.9675685299690345,0,,0,0.0,0.0,0.0,0.0
30,adverse,99.28433431025378,0.11428571428571428,3.571153995213308,0.5030605379645124,0.042448519968341945,13.389796831704631,-17.793747417868722,2.594794342414768,4.547513648011848,0.9763596527985403,0,,0,0.0,0.0,0.0,0.0
31,adverse,100.02824619377532,0.11412698412698412,3.9542446424102877,0.5344564583845598,0.04200599886394372,13.43083448918761,-17.960850030267345,2.881729237165305,5.02676004765527,1.0725154052449823,1,2.881729237165305,1,-53.44564583845598,5056.812081353884,1.0892148439828797,106.1623256805151
32,adverse,99.63600002289306,0.11396825396825397,3.7450044000943024,0.517888605574356,0.04231622393186209,13.40545011779552,-17.903079566984452,2.7000082956706324,4.7400005045179725,1.0199961044236698,0,,1,-51.7888605574356,4891.7036079645495,1.1222299356424148,106.1691362877209
33,adverse,99.50274759650813,0.1138095238095238,3.673532520652543,0.5122066530652172,0.042425239176763524,13.385391661959353,-17.88448502279205,2.646475857968755,4.650589183336331,1.0020566626837883,0,,1,-51.22066530652172,4835.155311929603,1.1335373333698584,105.91163227480683
34,adverse,100.22175255675565,0.11365079365079364,4.049878490448819,0.5425195745966167,0.04193027816154234,13.402389444933052,-18.019318855163217,2.9283589893461652,5.121397991551472,1.0965195011026536,0,,1,-54.25195745966167,5138.89596374641,1.1942976157897038,106.65755654944678
35,adverse,100.45002980601943,0.11349206349206349,4.171949901427929,0.5520573334180818,0.04174463452906845,13.38518341970094,-18.04997974452455,3.0197904761695185,5.2741093266863395,1.1271594252584103,0,,1,-55.205733341808184,5234.683618173132,1.2134589789476797,106.46104866813221
36,adverse,100.68463775101885,0.11333333333333333,4.299746070702547,0.5618197318665296,0.04152920411711032,13.359669844099944,-18.071127675533067,3.115509806956207,5.433982334448886,1.1592362637463394,0,,1,-56.181973186652954,5332.956314838411,1.233117449974941,106.26930347305915
37,adverse,100.50161200434421,0.11317460317460316,4.194746948807939,0.5541926104914301,0.0417515610149592,13.363671294442936,-18.07629261888303,3.0368654646571462,5.302628432958731,1.1328814841507928,0,,1,-55.41926104914301,5256.28718476352,1.2484482098379468,106.03680811587765
38,adverse,99.91838295274925,0.11301587301587301,3.8757979483846725,0.5296578661523772,0.042299439127840996,13.363581858371742,-18.02572750448737,2.79797266334012,4.903623233429226,1.0528252850445527,0,,1,-52.96578661523772,5011.09095727218,1.2974776494482925,106.41500169572464
39,adverse,99.97680610475906,0.11285714285714285,3.9039507904372996,0.5321039258551001,0.04228428539272301,13.35563664326354,-18.046574792285043,2.8190591420375375,4.938842438837062,1.0598916483997622,0,,1,-53.210392585510014,5035.540989949428,1.3023686341806884,106.13096671351377
40,adverse,100.01463881914468,0.11269841269841269,3.9212456283344252,0.533680306685581,0.042284205747220034,13.346922841695479,-18.063899820994834,2.8320129756224848,4.960478281046366,1.0642326527119408,0,,1,-53.3680306685581,5051.303952666436,1.3055218573687277,105.84420369500458
41,adverse,99.58192280420622,0.11253968253968254,3.6914269603153116,0.5152784578047791,0.042618684466402885,13.31756338478791,-17.995753764449418,2.6598787932761683,4.672975127354455,1.0065481670391432,0,,1,-51.52784578047791,4868.0181533662735,1.3421716872627814,105.91888861921052
42,adverse,99.34158161980668,0.11238095238095237,3.5659686587513733,0.5049759915676865,0.042780004493348955,13.284759778249823,-17.94763271852808,2.565910525404779,4.516026792097968,0.9750581333465946,-1,4.516026792097968,0,0.0,199.71936374245342,2.385943226721613,199.71936374245342
43,adverse,99.31571957457872,0.11222222222222221,3.550074624919084,0.5038254716993684,0.042822758684491834,13.272340787536521,-17.95220509484579,2.579005894064394,4.521143355773774,0.97106873085469,0,,0,0.0,199.71936374245342,2.385943226721613,199.71936374245342
44,adverse,98.98465812709951,0.11206349206349206,3.3827925476731124,0.489571323296231,0.04298368565561071,13.21483087592937,-17.86149737506124,2.453711618207161,4.311873477139064,0.9290809294659512,0,,0,0.0,199.71936374245342,2.385943226721613,199.71936374245342
45,adverse,98.94973398120852,0.1119047619047619,3.3628867367772273,0.4880147493109507,0.04302462296811573,13.199361825435039,-17.861025442669607,2.4388021658461434,4.286971307708312,0.924084570931084,0,,0,0.0,199.71936374245342,2.385943226721613,199.71936374245342
46,adverse,98.98245318465663,0.11174603174603173,3.37603942383177,0.4893680113737786,0.043045078279969444,13.195628168611865,-17.883906996350554,2.448653528449996,4.303425319213544,0.9273858953817743,0,,0,0.0,199.71936374245342,2.385943226721613,199.71936374245342
47,adverse,98.99426390365298,0.11158730158730158,3.3789819367000646,0.4898223517886567,0.04307182335209853,13.188218242032413,-17.899561153695938,2.4508574705883484,4.3071064028117805,0.9281244661117162,0,,0,0.0,199.71936374245342,2.385943226721613,199.71936374245342
48,adverse,98.81700020210307,0.11142857142857142,3.2899991441606247,0.482123258287598,0.04315049386856184,13.146304772682628,-17.84771139931807,2.384209358976308,4.195788929344942,0.9057897851843167,0,,0,0.0,199.71936374245342,2.385943226721613,199.71936374245342
49,adverse,99.02357775017252,0.11126984126984127,3.3876697703415815,0.4909782979911269,0.043123462049251604,13.174263528411716,-17.932814936631953,2.4573646579858446,4.317974882697318,0.9303051123557369,0,,0,0.0,199.71936374245342,2.385943226721613,199.71936374245342
50,adverse,99.33475404153117,0.1111111111111111,3.539674030325216,0.5043350055920002,0.04302753114924745,13.20883122783545,-18.039876938213382,2.571215848713587,4.508132211936845,0.9684581816116291,0,,0,0.0,199.71936374245342,2.385943226721613,199.71936374245342
51,adverse,99.44663059901677,0.11095238095238094,3.5934973215009194,0.5091052038997275,0.04300119405973011,13.21159704566882,-18.081486168307435,2.6115294938041886,4.57546514919765,0.9819678276967307,0,,0,0.0,199.71936374245342,2.385943226721613,199.71936374245342
52,adverse,99.15938025747867,0.11079365079365079,3.446174617994906,0.49668347126367085,0.04316639559772859,13.166983719300852,-18.012075964897242,2.5011847888781844,4.391164447111628,0.9449898291167214,-1,4.391164447111628,-1,49.66834712636709,-4287.251727514158,3.3909597306143895,293.21333015023356
53,adverse,99.41502524571713,0.11063492063492063,3.5716869966003486,0.5076628885250113,0.043079808806462325,13.189492383861007,-18.0972191753615,2.620193560453661,4.573180432747036,0.9764934361466875,-1,4.573180432747036,-2,101.53257770500225,-8987.068693322628,4.442176489079332,392.4576831628383
54,adverse,99.23870656308388,0.11047619047619046,3.4799809285244407,0.5000123957320006,0.04319530988221003,13.1590793547662,-18.05994794667105,2.576505715464806,4.4834561415840755,0.9534752130596346,-1,4.4834561415840755,-3,150.0037187196002,-13349.918461757748,5.4242191570644405,492.2622850706939
55,adverse,99.54634257307926,0.11031746031746031,3.6329638217399776,0.5132402743990107,0.04306905362943283,13.18312081044385,-18.153980742491626,2.7160899024832434,4.699837740996712,0.9918739192567343,-1,4.699837740996712,-4,205.29610975960426,-18385.21081887101,6.545050217095021,598.0805234830441
56,adverse,99.17006031519152,0.11015873015873015,3.440028262376565,0.4969476446242921,0.04328618234891822,13.13068526667369,-18.062969860910247,2.5965811685200473,4.4834753562330825,0.9434470938565177,0,,-4,198.77905784971682,-17739.043647176437,6.674309503291175,597.8762042263006
57,adverse,99.48987420921532,0.10999999999999999,3.5982880117687586,0.5107285546671948,0.04316380580575696,13.159161288761373,-18.164444407837312,2.7151177208148,4.681458302722717,0.9831702909539584,0,,-4,204.29142186687793,-18287.577734719733,6.783994383823727,598.0349241301883
58,adverse,99.48221383980403,0.10984126984126984,3.59149300612075,0.5103581911306881,0.04319936876629037,13.148973796754333,-18.174643259660694,2.710028261584442,4.6729577506570585,0.9814647445363082,0,,-4,204.14327645227524,-18272.842848471606,6.786941950586705,599.1850310635746
59,adverse,99.04432513460766,0.10968253968253967,3.3692961825089682,0.49134189224291613,0.04342615666394693,13.082963156614525,-18.058097965115685,2.5436028406992173,4.394989524318719,0.9256933418097509,0,,-4,196.53675689716644,-17519.61092903185,6.937618469778495,598.5210489888595
60,adverse,98.93409516907879,0.10952380952380952,3.312538260546553,0.48649610271176275,0.04349134927588616,13.054535583758273,-18.031657411000673,2.5010911571493684,4.323985363943738,0.9114471033971848,0,,-4,194.5984410847051,-17327.88376107828,6.975971573990051,599.5216247316857
61,adverse,98.95236332238937,0.10936507936507936,3.3185687498871346,0.4872340461276504,0.043517516171110195,13.048276329604484,-18.05014048940257,2.505607993665464,4.331529506108805,0.9129607562216707,0,,-4,194.89361845106018,-17357.098100777996,6.981813273590074,600.6585414515866
62,adverse,99.04701644038398,0.1092063492063492,3.36201060166092,0.4912981244766536,0.04351944633817417,13.054855755340217,-18.095009561364765,2.538145940644029,4.385875262677811,0.9238646610168909,0,,-4,196.51924979066143,-17518.14423758429,7.014016060393971,601.6968866189127
63,adverse,98.70381465606062,0.10904761904761905,3.1931083036550305,0.47628136439236696,0.04363565860672612,12.980267094751062,-17.97915275999815,2.411638119437618,4.174578487872443,0.8814701842174126,0,,-4,190.5125457569468,-16925.378212867035,7.132592980721488,601.693471718896
64,adverse,98.31837402563285,0.10888888888888888,3.0099449381106,0.45937907569737296,0.04368843081964573,12.875894781480888,-17.819385627279598,2.2744487586448394,3.9454411175763604,0.8354961794657605,0,,-4,183.7516302789492,-16260.788940588922,7.265537424065779,601.3945977523654
65,adverse,98.38700903853936,0.10873015873015872,3.0387427420747954,0.4623030922139247,0.0437214559620632,12.88481495286722,-17.863751146722457,2.296018313814022,3.981467170335569,0.8427244282607737,0,,-4,184.92123688556987,-16375.886051185202,7.288552243221204,602.4642568633208
66,adverse,98.22453321907993,0.10857142857142857,2.961382844560049,0.4551201442946367,0.04374359770352042,12.830040571816763,-17.79627711133252,2.2380757505754767,3.8846899385446214,0.8233070939845722,0,,-4,182.04805771785468,-16093.725811918113,7.344995579741926,603.3065430342649
67,adverse,98.30555898343226,0.1084126984126984,2.9955708028333845,0.45858736448128684,0.04378098437048568,12.843395652740691,-17.848051963192724,2.263682531322205,3.927459074344564,0.8318882715111795,0,,-4,183.43494579251472,-16230.091887106511,7.372263341227309,604.3546749888919
68,adverse,98.56869217099776,0.10825396825396824,3.1149028296435404,0.4700386531092385,0.04380907089424146,12.901609354958792,-17.981558283220195,2.3530622194030117,4.076743439884069,0.8618406102405286,0,,-4,188.0154612436954,-16681.677603681936,7.462562424725694,604.7993871786202
69,adverse,97.9964339976498,0.10809523809523809,2.8502825244350873,0.44488452506911813,0.04379931363156638,12.73070467098179,-17.710629867093825,2.1548616108018805,3.7457034380682943,0.7954209136332069,0,,-4,177.95381002764725,-15695.86886556896,7.659763612585861,602.8569236616531
70,adverse,98.0838048660376,0.10793650793650793,2.8865000304900548,0.44862738173207395,0.04384799229119365,12.748841347812512,-17.769494576063224,2.181988522837051,3.7910115381430587,0.8045115076530037,0,,-4,179.4509526928296,-15842.74368368713,7.689132702391534,603.8885310648911
71,adverse,98.50784514369272,0.10777777777777778,3.077825183267194,0.46715850317987145,0.04390780249410789,12.857916353512183,-17.99026424486229,2.3252910622671283,4.03035930426726,0.8525341210000656,0,,-4,186.8634012719486,-16573.074057321923,7.835169569745022,603.3068648920234
72,adverse,98.40389561537152,0.10761904761904761,3.026652585865513,0.46251916917474306,0.04394129140759294,12.821669423595296,-17.95412792451469,2.286962786813269,3.966342384917757,0.8396897990522437,0,,-4,185.00766766989722,-16390.499163938854,7.8716918528782625,604.3150191468521
73,adverse,98.12222403801343,0.10746031746031745,2.895288632220378,0.45006061281118537,0.043948091562477164,12.731539974028513,-17.824702813233003,2.188571185533063,3.8020060789076933,0.8067174466873148,0,,-4,180.02424512447413,-15901.612457361458,7.969488753573881,604.6514021282856
74,adverse,98.3823413581194,0.1073015873015873,3.010993295645001,0.4614203160092101,0.044004260229255035,12.796559195197988,-17.96764091420667,2.2752339784381057,3.9467526128518964,0.8357593172068952,0,,-4,184.56812640368403,-16348.739543999274,8.05889628939428,605.1075534185002
75,adverse,98.4697292077911,0.10714285714285714,3.0486243711670795,0.46519250482863717,0.04403626176065483,12.809647726510926,-18.020702364238367,2.3034196540041427,3.9938290883300165,0.8452047171629369,0,,-4,186.07700193145487,-16497.347824340057,8.088612002319852,606.1544191810935
76,adverse,98.7808084520459,0.10698412698412697,3.1925838222940044,0.47882413277968316,0.044035952984906264,12.871522798771231,-18.166925018046427,2.4112452828982094,4.173922361689799,0.8813385393957951,0,,-4,191.52965311187327,-17036.07283960715,8.196335460681599,606.3476084060021
77,adverse,98.65997186851767,0.10682539682539682,3.1321691955793867,0.47343434165680065,0.044086891328584295,12.83583120826146,-18.129301218119554,2.365994727488961,4.098343663669812,0.866174468090426,0,,-4,189.37373666272026,-16823.412723914083,8.238875991926461,607.3271296342136
78,adverse,98.14497526130583,0.10666666666666666,2.8913600950176956,0.45064195228095305,0.04410914227757877,12.689704457471523,-17.89534359533047,2.1856287111682544,3.797091478867137,0.8057313838494415,0,,-4,180.25678091238123,-15928.808284017954,8.41783267124155,605.9449813032479
79,adverse,98.10628396081053,0.1065079365079365,2.871118999183345,0.4488500492538601,0.044134161594319814,12.668014003620671,-17.886464209908738,2.1704681303883255,3.7717698679783647,0.8006508687950196,0,,-4,179.54001970154403,-15858.503568891241,8.431896427018048,607.0529866046163
80,adverse,97.95150067389815,0.10634920634920635,2.799346629238954,0.4419309255235512,0.04413064956305569,12.608249448641091,-17.81237891518417,2.1167106252999766,3.681982633177932,0.7826360039389775,0,,-4,176.77237020942047,-15587.462366882606,8.48611551123662,607.9179211164374
81,adverse,98.21916195260395,0.10619047619047618,2.916364586802949,0.4536688064351794,0.04421514354839744,12.682564726149012,-17.96978950455362,2.204357075515409,3.8283720980904894,0.8120075112875402,0,,-4,181.46752257407175,-16048.708528164541,8.578346297335786,608.3336259548487
82,adverse,98.28566412147865,0.10603174603174603,2.943773629364941,0.45652934298531644,0.044254290780825406,12.691988871205671,-18.015780787099796,2.224886448394341,3.862660810335541,0.8188871809706001,0,,-4,182.6117371941266,-16161.190913972903,8.600838276101705,609.4155007827758
83,adverse,97.72123270137823,0.10587301587301587,2.690328222059378,0.4314834307266568,0.04414703800967164,12.497488900483175,-17.710157793473364,2.0350558383224744,3.545600605796282,0.7552723837369039,0,,-4,172.59337229066273,-15182.379747347793,8.796639669705447,607.5260601599111
84,adverse,97.3094882318032,0.1057142857142857,2.5136351980234437,0.41323588165609015,0.04396363843085361,12.322411722732596,-17.449813687702438,1.9027127633195593,3.3245576327273283,0.7109224347038844,0,,-4,165.29435266243607,-14472.257935504094,8.938692442628772,606.9968504753779
85,adverse,97.61273750375545,0.10555555555555554,2.638169889130694,0.42649258624924963,0.04416193842850754,12.43655916114536,-17.66459295154214,1.99598924695889,3.480350531302498,0.7421806421718041,0,,-4,170.59703449969984,-14989.970747608904,9.042214300678124,607.204844277132
86,adverse,97.84648349382378,0.10539682539682539,2.7362403765465118,0.4367321364365964,0.04428793188917732,12.512998892010954,-17.821076165258805,2.0694440420333375,3.603036711059686,0.7667963345131744,-1,3.603036711059686,-5,218.36606821829824,-19304.653852159536,9.997020694530674,693.5778491001256
87,adverse,97.62513265213616,0.10523809523809523,2.6378457634158536,0.4268364302855188,0.04423005047064038,12.421433516949822,-17.69540448916916,2.0207464767984744,3.504945050033233,0.7420992866173792,0,,-5,213.4182151427594,-18821.715646279346,10.093627657099226,694.3430357067482
88,adverse,97.62416401756906,0.10507936507936508,2.634622730411131,0.4266914798889779,0.04426086333011898,12.41109237256776,-17.706247869589056,2.0183324250779373,3.5009130357443246,0.7412903053331938,0,,-5,213.34573994448897,-18814.641730702315,10.095042723227857,695.746412882545
89,adverse,97.77712543758864,0.10492063492063491,2.6975814155033504,0.43336936384375313,0.04435779592950754,12.45843327196905,-17.814090477434274,2.0654884802120095,3.5796743507946913,0.7570929352913409,0,,-5,216.68468192187657,-19141.179173683882,10.16033715293823,696.8354432437627
90,adverse,97.93821409382616,0.10476190476190475,2.765124209442263,0.44042699171392713,0.04444467393674218,12.505052016834474,-17.92238205006543,2.116078032872255,3.6641703860122705,0.774046176570008,0,,-5,220.21349585696356,-19486.854029502643,10.229458299872595,697.9003693654231
91,adverse,98.24080721283626,0.1046031746031746,2.8975579600285357,0.4538037394566624,0.04454129926342722,12.590692640297341,-18.101810669157082,2.2152709120613734,3.829845007995698,0.8072870479671624,0,,-5,226.9018697283312,-20144.056691816655,10.360872549485475,698.1871683821519
92,adverse,98.32912352370039,0.10444444444444444,2.9349284724623743,0.45765776159376864,0.04458325996703532,12.606064729845215,-18.159475763822503,2.2432614258743184,3.87659551905043,0.8166670465880559,0,,-5,228.8288807968843,-20333.57589746983,10.398768811363734,699.5031519659351
93,adverse,98.29562405864192,0.10428571428571427,2.9167414700149337,0.456082912376015,0.04461318888165165,12.586775526623637,-18.154741481269898,2.229639361041185,3.8538435789886822,0.8121021089737483,0,,-5,228.0414561880075,-20256.190984219815,10.41424889002947,700.9155280143641
94,adverse,98.20529727166902,0.10412698412698412,2.872851764941288,0.4519691213065879,0.0446346981057006,12.55057872390181,-18.119793454641698,2.1967659719410246,3.798937557941551,0.8010857930002633,1,2.1967659719410246,-4,180.78764852263515,-15836.241467263553,11.362363735828701,768.922592971332
95,adverse,98.57111288532153,0.10396825396825396,3.0382705937064216,0.46823025831764575,0.04468605263761499,12.639505823315924,-18.313385923359117,2.29566467468611,3.9808765127267334,0.8426059190203118,0,,-4,187.2921033270583,-16477.521046317575,11.490594005585555,768.761775780622
96,adverse,97.79092253950367,0.1038095238095238,2.683716327800795,0.4332970250051025,0.04458688448409265,12.393656170239701,-17.905044324113188,2.0301035295227954,3.5373291260787947,0.7536127982779995,0,,-4,173.318810002041,-15111.33309339808,11.76388625461926,764.1866990301496
97,adverse,97.74249358333442,0.10365079365079365,2.6599462785641634,0.43103813759332377,0.04459931707867811,12.36589916307442,-17.886609430029388,2.0122997626445587,3.5075927944837684,0.747646515919605,0,,-4,172.4152550373295,-15023.035041200643,11.78154939768736,765.2834065288407
98,adverse,97.7532645396382,0.10349206349206348,2.661750395938391,0.43141863447176965,0.044636074401050774,12.359861669503179,-17.90526045652909,2.0136510465578548,3.5098497453189275,0.7480993493805361,-1,3.5098497453189275,-5,215.7093172358848,-18905.052408942694,12.647976580705546,850.3623445122939
99,adverse,97.26237408971197,0.10333333333333333,2.4525494358583657,0.40945341815987024,0.04439196628767931,12.150456212510893,-17.58306427975579,1.881959527457916,3.2731393442588157,0.6955899084004498,0,,-5,204.72670907993512,-17837.071504906584,12.861615489294486,848.8595418525147
100,adverse,97.37602673317798,0.10317460317460317,2.4965669461113222,0.414390770341903,0.04449974551664225,12.189684516530631,-17.676119014432857,1.9149286426373804,3.328205249585264,0.7066383034739419,1,1.9149286426373804,-4,165.75630813676122,-14234.560521685966,13.640572050103518,907.5033921876529
101,adverse,97.15195727625736,0.103015873015873,2.402049828199047,0.4043174110606081,0.044372272720232545,12.080278909234012,-17.523611901293442,1.8191353213210864,3.184964335077008,0.6829145068779607,0,,-4,161.72696442424325,-13843.180185201705,13.718863775745499,908.09102168155
102,adverse,97.44737801271489,0.10285714285714286,2.5206165507635845,0.4173467033649289,0.04460750402405336,12.19946337290159,-17.74928690888136,1.907941796521925,3.333291305005244,0.7126747542416597,0,,-4,166.93868134597156,-14351.14990779842,13.820437405538883,908.340257961192
103,adverse,97.40360771583525,0.10269841269841269,2.4995784919207082,0.4152827099251144,0.04461211768899457,12.170955867448303,-17.730141297953605,1.8921842904486106,3.3069726933928063,0.7073942014720978,0,,-4,166.11308397004575,-14270.749828095108,13.836520638126062,909.4324426225467
104,adverse,97.63319796779099,0.10253968253968254,2.5932601858666544,0.42543580635045486,0.044774748852191834,12.25400880474482,-17.899007463334943,1.9623518792141241,3.424168492519185,0.7309083066525303,0,,-4,170.17432254018195,-14667.340839749506,13.915822979988569,910.0184075041325
105,adverse,98.05328276111032,0.10238095238095238,2.773052145071823,0.44419084351564764,0.04496791837155585,12.393793525708679,-18.171231624037514,2.0970160566587954,3.6490882334848505,0.7760360884130275,0,,-4,177.67633740625905,-15403.085144128007,14.06294241697687,909.4421494976268
106,adverse,98.18521647184672,0.10222222222222221,2.8291502629283016,0.4500385959987883,0.04503080078373144,12.425252507257111,-18.2579332524204,2.139033546933298,3.7192669789233053,0.7901167159950037,0,,-4,180.01543839951532,-15632.79621452786,14.108875444451346,910.3984678316192
107,adverse,97.88175640576922,0.10206349206349205,2.6917827867592905,0.4362873830067716,0.044980993769770806,12.315754084796597,-18.09384427879576,2.036145307282709,3.5474202662358723,0.7556374794765819,0,,-4,174.51495320270865,-15094.50674181092,14.21655487488082,910.6102820371088
108,adverse,97.35965904448703,0.1019047619047619,2.467300821910065,0.4127519389221307,0.04474254833272235,12.101280131470915,-17.756665787918116,1.868008315610639,3.2665933282094914,0.6992925062994263,0,,-4,165.10077556885227,-14178.12892941935,14.39986709980412,909.1059591804551
109,adverse,97.96312008833372,0.10174603174603174,2.721666005064982,0.4397584483735643,0.04507557685893882,12.323725673316886,-18.167892224471142,2.0585278377936715,3.584804172336293,0.7631381672713105,0,,-4,175.90337934942573,-15236.59735219664,14.61151845408872,906.7801209288809
110,adverse,97.92405781760094,0.10158730158730159,2.7016413947016886,0.43790141034169006,0.04509606214133857,12.300276650162852,-18.15670200740589,2.043529404631565,3.5597533847718124,0.7581119900701238,1,2.043529404631565,-3,131.370423102507,-11080.9946799043,15.503688010551112,972.8378090977876
111,adverse,97.68587828519499,0.10142857142857142,2.5957615034639687,0.42706695386412413,0.045029862609823064,12.203447385730819,-18.017874452261488,1.939225366094513,3.402297640833425,0.7315361373694561,-1,3.402297640833425,-4,170.82678154564965,-14595.884810080506,16.294553816241883,1053.174778453831
112,adverse,97.73499428666395,0.10126984126984126,2.6139255953848064,0.42917599957928015,0.045086364536884214,12.211909088831035,-18.06224203113621,1.9778302709432203,3.4500209198263927,0.7360953244415863,0,,-4,171.67039983171207,-14678.352328654615,16.31104402191557,1054.2829799331557
113,adverse,97.66841468823692,0.1011111111111111,2.5825901028899807,0.42606959395518557,0.04508733002403016,12.176422510006926,-18.030590487499882,1.9543599870645956,3.410820218715366,0.7282301158253851,0,,-4,170.42783758207423,-14557.017515398053,16.335315838930285,1055.363158831471
114,adverse,97.96184549216363,0.10095238095238095,2.7066624527372056,0.43922282744376534,0.045243644871379406,12.272869002363297,-18.229534596229197,2.0472901771001673,3.566034728374244,0.7593722756370386,0,,-4,175.68913097750612,-15072.526607292431,16.438397041068733,1055.6399150836423
115,adverse,97.9729613787999,0.10079365079365078,2.7086519583741193,0.43962996301144314,0.045281243870210895,12.266538504819977,-18.24882814530414,2.0487803168222154,3.5685235999260234,0.7598716415519039,1,2.0487803168222154,-3,131.88898890343296,-10987.053257091098,17.316642966630557,1121.90597152167
116,adverse,97.97710393459951,0.10063492063492063,2.707575501756182,0.4397216941753891,0.04531662447082896,12.257827035733543,-18.26393930150492,2.0229740508153804,3.5421769526969835,0.7596014509408016,0,,-3,131.91650825261672,-10989.750062479516,17.317182219857596,1122.7747267497125
117,adverse,97.72982615499761,0.10047619047619047,2.5973513955800414,0.4284230154733074,0.045250897731619846,12.15913398096122,-18.120281517811407,1.9404161952894512,3.404286595870632,0.7319352002905903,0,,-3,128.52690464199222,-10658.55094395315,17.383435294177733,1123.1556842746922
118,adverse,97.89123876415302,0.1003174603174603,2.6642004134862347,0.43563373785141635,0.04535422019399496,12.207870481859587,-18.23634894743602,1.99048610970119,3.4879147172712797,0.7487143037850449,-1,3.4879147172712797,-4,174.25349514056654,-14786.907307110287,18.29868181185105,1205.3030257885985
119,adverse,97.53425919497238,0.10015873015873016,2.50871655791817,0.41936085038963244,0.04521216817704059,12.061923089210076,-18.011730530007654,1.8990287018807095,3.318404413955631,0.7096878560374607,0,,-4,167.74434015585297,-14152.168670812871,18.42565493373491,1205.1646572704376
120,adverse,97.76303179412456,0.09999999999999999,2.602954475192142,0.4296147878390242,0.045367730388260245,12.14099855161157,-18.179322662882413,1.9696129019189146,3.43629604846537,0.7333415732732276,0,,-4,171.8459151356097,-14553.231272445842,18.5058514147653,1205.7646025703416
121,adverse,98.28940426575164,0.09984126984126984,2.832449585695258,0.4534589479718859,0.04556396009776176,12.305605717818532,-18.507370078537676,2.1415047396857485,3.723394431704768,0.7909448460095098,0,,-4,181.38357918875437,-15490.870080579882,18.693341678339394,1204.2340271944668
122,adverse,97.76155705061426,0.09968253968253968,2.5965460811642203,0.42933938173989955,0.045434937135358726,12.120018341559756,-18.20335418794812,1.964813014792001,3.42827914753644,0.7317330663722192,0,,-4,171.73575269595983,-14547.87217779814,18.881978986357346,1202.6639745524299
123,adverse,96.914113785202,0.09952380952380951,2.246169365566942,0.3909343091552747,0.04484911560272469,11.738509715012366,-17.581771249205826,1.7023808548096397,2.9899578763242447,0.6437885107573025,0,,-4,156.37372366210988,-13059.372507525979,19.17973847230897,1196.9805942526964
124,adverse,97.1246381302759,0.09936507936507935,2.3266470334575615,0.40027115762447263,0.04507599231893458,11.83030492638679,-17.764743429900008,1.7626586280597136,3.0906354388554096,0.6639884053978479,0,,-4,160.10846304978907,-13422.180266107516,19.252285514616815,1197.6374558148727
125,adverse,98.00093302533561,0.0992063492063492,2.6918728232371905,0.439937951715089,0.04563442834889996,12.174483200161543,-18.39330439961087,2.0362127446046556,3.5475329018697255,0.7556600786325348,0,,-4,175.9751806860356,-14977.444389135704,19.563276141097155,1191.5383781029268
126,adverse,97.65490105658587,0.09904761904761904,2.5394846624840426,0.42406227975367955,0.04551679796602133,12.038208549920848,-18.181713036552726,1.922074012200548,3.3568953127675374,0.7174106502834946,0,,-4,169.62491190147182,-14357.43354627037,19.687303115065017,1191.4765772063402
127,adverse,97.22438786418668,0.09888888888888889,2.358293269837347,0.40440208416354917,0.045257370057106706,11.845278514418567,-17.87850369842726,1.7863616591081728,3.130224880566521,0.6719316107291741,0,,-4,161.76083366541968,-13593.00626969265,19.840219153588265,1190.774455893361
128,adverse,97.42599350680797,0.09873015873015872,2.4378807530762714,0.4134249229692793,0.04544248311126191,11.923935208309363,-18.043430399868477,1.8459726840541273,3.2297888220984157,0.6919080690221441,0,,-4,165.36996918771172,-13944.700208375456,19.910543876380267,1191.4810346970717
129,adverse,97.13687240383899,0.09857142857142856,2.3174174832049204,0.4001911773189041,0.045249026477502945,11.783832319853145,-17.833134553117347,1.7557456949204855,3.079089271489355,0.661671788284435,-1,3.079089271489355,-5,200.09558865945203,-17010.62397661078,20.605171489934406,1267.3269459710064
130,adverse,96.9630256791116,0.09841269841269841,2.2457195312344282,0.3922058219221457,0.04511992351044087,11.68933604862923,-17.70253552710509,1.7270439288945867,3.01439513357427,0.6436756023398414,0,,-5,196.10291096107284,-16623.55929483646,20.68259991197368,1268.3125308133676
131,adverse,96.84342141633961,0.09825396825396825,2.196337772287656,0.38667970569843546,0.04502957730047231,11.618398007630447,-17.61234087657668,1.6900569914434542,2.9526185531318574,0.6312807808442016,1,1.6900569914434542,-4,154.6718822793742,-12781.064888160678,21.505064426040516,1319.3542797641658
132,adverse,97.0247370175521,0.0980952380952381,2.2643692048140593,0.39472985006922756,0.04524430931897867,11.698626306327917,-17.777123458891236,1.7160125344057304,3.0127258752223884,0.6483566704083289,0,,-4,157.89194002769102,-13093.552629423692,21.56754947728287,1320.123647028513
133,adverse,96.88551001145541,0.09793650793650793,2.207046152835794,0.38830412911074086,0.04513760391675859,11.618733937439258,-17.671371840120926,1.6730775684740098,2.941014737197578,0.6339685843617843,0,,-4,155.32165164429634,-12844.578733262158,21.617354217463213,1321.020240982787
134,adverse,96.9799279291655,0.09777777777777777,2.241091744087065,0.39243724646735495,0.04526573858183694,11.65551638106122,-17.76310359693423,1.6985777163212117,2.9836057718529183,0.6425140277658532,0,,-4,156.97489858694198,-13004.942568962915,21.64942057133259,1322.0350850519535
135,adverse,96.91894934960155,0.0976190476190476,2.214433333736828,0.3895433771015365,0.04523657500173838,11.614478341348825,-17.723052666282683,1.6786105669688842,2.950256100504772,0.6358227667679438,0,,-4,155.8173508406146,-12892.776695229148,21.6718582336118,1323.1039051867428
136,adverse,96.62998663558773,0.09746031746031746,2.1009805797464978,0.3763722182472565,0.0449445117489971,11.452132360870772,-17.478818823080577,1.593634454230127,2.8083267052628686,0.6073461255163709,0,,-4,150.5488872989026,-12383.78695191576,21.773676545936944,1323.3577838812034
137,adverse,96.52042562899535,0.09730158730158729,2.057255143493748,0.3713068190855765,0.04483891445126978,11.380766236461197,-17.388379197948087,1.5608841024768174,2.753626184510679,0.5963710410169307,0,,-4,148.5227276342306,-12188.26027184796,21.812789704582233,1324.3145575898288
138,adverse,96.19676539886105,0.09714285714285714,1.936707811983247,0.3567061426669973,0.044421640313156215,11.181097477510027,-17.085252679255518,1.4705941511754521,2.6028214727910424,0.566113660807795,0,,-4,142.68245706679892,-11626.55749723439,21.92515273211045,1324.3502269602304
139,adverse,96.19837771707135,0.09698412698412698,1.9345699769769809,0.35661881269893053,0.04445340701286575,11.17118490841755,-17.097145947410155,1.4689929127557586,2.6001470411982033,0.5655770642212222,1,1.4689929127557586,-3,106.98564380967916,-8340.1880586108,22.631947837111284,1371.2863218036782
140,adverse,95.81714583405633,0.09682539682539681,1.7991798199509326,0.33961504567786915,0.04387158545546095,10.919860908351636,-16.71129772497311,1.3425856851432485,2.4057739547586166,0.531594134807684,0,,-3,101.88451370336074,-7851.510086440656,22.729702982574405,1371.0192753208921
141,adverse,95.44785267832124,0.09666666666666666,1.674150462959009,0.32335506759770183,0.043224573031350834,10.658542256138599,-16.312191366164477,1.2489386967562977,2.2493622291617204,0.5002117662027112,0,,-3,97.00652027931055,-7386.009207535634,22.82282178211532,1370.8097100328778
142,adverse,95.93908981939941,0.0965079365079365,1.8355711366946181,0.3446429779760949,0.04413284128353919,10.976759208948712,-16.860397279576166,1.369842781384269,2.451299492004967,0.5407283553103491,0,,-3,103.39289339282847,-7998.834571858379,22.94536234686692,1369.914173035395
143,adverse,95.92049493082925,0.09634920634920635,1.826496260305813,0.34365431736798835,0.04413016707975491,10.953793934733465,-16.850495793451728,1.3630456989690538,2.439946821642572,0.5384505613367591,0,,-3,103.09629521039652,-7970.390417372812,22.95105231575781,1370.7083666515591
144,adverse,95.90166080587333,0.09619047619047619,1.81735938055607,0.34265428128926445,0.04412674087313202,10.93060536473058,-16.840213535699966,1.3562021760364964,2.428516585075643,0.5361572045195735,0,,-3,102.79628438677935,-7941.624635435437,22.956806623006734,1371.5019477627484
145,adverse,96.07427675384174,0.09603174603174602,1.8744631416279987,0.3501313016180362,0.04443820748308866,11.029190459297926,-17.031843436543816,1.398972893079371,2.499953390176626,0.5504902485486276,-1,2.499953390176626,-4,140.05252064721446,-11271.73112289999,23.692679813665045,1433.9282491824288
146,adverse,95.93114958236653,0.09587301587301586,1.8221238472973909,0.34361851583519953,0.04423297974891006,10.927477343474784,-16.89125947929501,1.3847707616257459,2.459476932969036,0.5373530856716451,1,1.3847707616257459,-3,103.08555475055985,-7864.653920731356,24.421936520672688,1477.824697636619
147,adverse,95.85324492258151,0.09571428571428571,1.7928198066361283,0.34000611064881037,0.044128327283158825,10.865904878036691,-16.81734918096476,1.33782203517046,2.3978175781017965,0.5299977714656682,0,,-3,102.00183319464311,-7760.7964686497335,24.442712166218122,1478.5642891178595
148,adverse,95.99651460738053,0.09555555555555555,1.8392915721514989,0.34617797126897576,0.044399175203766614,10.947118163178684,-16.980578642879145,1.3726293875414726,2.455953756761525,0.5416621846100262,0,,-3,103.85339138069271,-7938.57514972975,24.478260792708827,1479.2009813274763
149,adverse,96.09160275331942,0.0953968253968254,1.8696979607585433,0.3502417379404831,0.04458291792681018,10.995913575215976,-17.090665552251373,1.395403772608149,2.4939921489089376,0.5492941881503943,-1,2.4939921489089376,-4,140.09669517619324,-11172.569621054125,25.19479622286585,1541.6671745660988
150,adverse,95.6988321543652,0.09523809523809523,1.7329091474409815,0.33268337827049355,0.043935783705357556,10.730016399807836,-16.676259156623946,1.3179489514332952,2.347869343448668,0.5149601960076864,0,,-4,133.07335130819743,-10500.5782402296,25.329221384062993,1541.222411856068
151,adverse,95.97998012210168,0.09507936507936507,1.8254889738937479,0.3449369270454004,0.04445838000648301,10.90333232456412,-16.993102790390964,1.3872912414464174,2.4636867063410786,0.5381977324473307,0,,-4,137.97477081816015,-10971.110474995332,25.423309013490254,1541.5096959257153
152,adverse,95.77967947165506,0.0949206349206349,1.7546238997913903,0.33589088753295737,0.04413823693989417,10.761688230313645,-16.78509726237136,1.3342133009437513,2.3750344986390295,0.520410598847639,1,1.3342133009437513,-3,100.76726625988721,-7541.541689130287,26.15605358559656,1583.5276045392156
153,adverse,95.42292273418633,0.09476190476190476,1.6349867734901231,0.3200780111854095,0.04348379783989804,10.505693109479544,-16.388207516336113,1.2196050933441023,2.200368453636144,0.4903816801460209,0,,-3,96.02340335562285,-7088.958960407771,26.2465882382716,1583.3788066223988
154,adverse,95.1196935007086,0.09460317460317459,1.53737482103125,0.30679438897429784,0.04287065422927128,10.274595594764506,-16.034366742681417,1.146493740952406,2.0782559011100936,0.46588108007884377,0,,-3,92.03831669228934,-6709.974550462124,26.32240028266961,1583.4694773202154
155,adverse,94.98814491462127,0.09444444444444444,1.494866471556719,0.3009771184601455,0.04260079121846804,10.164614799331074,-15.880378393895919,1.1146549871959825,2.0250779559174554,0.4552114843607365,0,,-3,90.29313553804366,-6544.236184384446,26.35555458674596,1584.081317431769
156,adverse,95.53440524269575,0.09428571428571428,1.6630685808001502,0.3243883277017944,0.04378475947961401,10.549855316897021,-16.54475200388118,1.2406383670193124,2.235498794580988,0.49743021378083774,1,1.2406383670193124,-2,64.87766554035888,-4240.753821256022,26.861164948784438,1624.6816535166708
157,adverse,95.13846186692305,0.09412698412698411,1.5354883151339607,0.30701826946191885,0.042984304310938706,10.254023985611052,-16.08156037627133,1.1200807480353365,2.050895882232585,0.46540756709862413,0,,-2,61.40365389238377,-3910.3077989848352,26.927267373723662,1624.443722318667
158,adverse,95.19160891580498,0.09396825396825396,1.5493026151573943,0.30911264875035765,0.04312508576046344,10.281737098973798,-16.154667686207123,1.1304276587528883,2.0681775715619004,0.468874956404506,0,,-2,61.82252975007153,-3950.189240507487,26.93524206708952,1624.9363106155624
159,adverse,94.47583037747279,0.0938095238095238,1.3365342694650195,0.2786261780001002,0.04144805047497429,9.717409539825157,-15.251731039629403,0.9710641678292997,1.8020043711007394,0.4154701016357199,-1,1.8020043711007394,-3,83.58785340003006,-5826.7170880667445,27.366501472142374,1669.3544905320514
160,adverse,94.47472030784031,0.09365079365079365,1.3338038134689185,0.27837017254070173,0.041465075310460286,9.704723845557714,-15.256693926265358,0.9940190562882198,1.823588570649617,0.41478475718069857,-1,1.823588570649617,-4,111.34806901628069,-8267.541364753608,27.911029193348497,1718.514786990043
161,adverse,94.7744102317817,0.09349206349206349,1.4166176438697384,0.290705887457284,0.04223475331515525,9.93081564328703,-15.654978604676764,1.0810466152584342,1.9521886724810429,0.43557102861130437,0,,-4,116.28235498291359,-8735.278935964678,28.004558001829015,1718.6656203557432
162,adverse,94.69472975242466,0.09333333333333332,1.3911188055651849,0.28714205030701706,0.04206136658666003,9.856660652678066,-15.55898258048155,1.0619479853683236,1.9202896257620463,0.4291708201968614,0,,-4,114.85682012280682,-8600.315295761873,28.031556129495108,1719.5727237640967
163,adverse,94.48413803229931,0.09317460317460316,1.3291516218433692,0.2781288364986786,0.04154918114918906,9.676891309157497,-15.288553318077863,1.0155345647606837,1.842768678926055,0.4136170570826857,-1,1.842768678926055,-5,139.06441824933927,-10703.749917495552,28.509002938058654,1771.0559608347394
164,adverse,94.56074582502036,0.09301587301587301,1.3481371606914472,0.2811094361535089,0.041766479322503616,9.726682595061249,-15.396832619392619,1.054754733357894,1.8915195880250004,0.41838242733355324,0,,-5,140.55471807675445,-10844.701965451468,28.53718771069531,1772.188424766182
165,adverse,94.79400055209898,0.09285714285714285,1.4123558503373168,0.2907147175077518,0.04237074342517819,9.899223645855498,-15.709353000230012,1.1028545319026501,1.9718571687719835,0.43450131843466655,1,1.1028545319026501,-4,116.28588700310073,-8654.927940364243,29.017295627934256,1803.3341562740789
166,adverse,95.01559761762144,0.0926984126984127,1.4752828882569737,0.29996219368881083,0.042922164424664545,10.057771191334922,-16.000764178900127,1.1249868833044734,2.0255788932094743,0.45029600495250044,0,,-4,119.98487747552433,-9006.460023041524,29.0875879859981,1803.861660069717
167,adverse,95.67844854809069,0.09253968253968253,1.6809827309277665,0.3287131306479989,0.044367874642193994,10.524050195219349,-16.814555262190776,1.2790560654648973,2.282909396390636,0.5019266654628693,0,,-4,131.48525225919957,-10107.018107668559,29.307655589402824,1800.8937430748847
168,adverse,95.7484774210773,0.09238095238095237,1.7014284624633795,0.33164254498482715,0.04453147018891335,10.560178353740863,-16.90515446576755,1.2943699183850712,2.308487006541688,0.5070585440783083,0,,-4,132.65701799393085,-10219.235331620268,29.330094546401767,1801.9007755337116
169,adverse,95.54799414189127,0.09222222222222222,1.6331850734521574,0.32256565959493344,0.04416285176344921,10.411034184150122,-16.680321996817664,1.243255620015666,2.223114526888649,0.4899294534364915,0,,-4,129.02626383797337,-9872.39343705156,29.399476801766582,1802.5332349083728
170,adverse,95.50494656862737,0.09206349206349206,1.6167000371238558,0.32047652960100714,0.04410150215919013,10.369327464203396,-16.638240819876888,1.2309083278057682,2.2024917464419436,0.4857917093180878,0,,-4,128.19061184040285,-9792.600499453496,29.41543858164217,1803.5570201142873
171,adverse,95.4799301232807,0.0919047619047619,1.6060596950359276,0.3191829105090419,0.044076408129598024,10.340140178539448,-16.61738668802965,1.22293871158191,2.1891806784899455,0.4831209834540178,0,,-4,127.67316420361676,-9743.204516423544,29.42531975448273,1804.5964023415545
172,adverse,95.51596791752883,0.09174603174603174,1.6149456916756755,0.3205822455457432,0.044178723077756915,10.354054374587802,-16.669958728796278,1.229594323065081,2.20029706028627,0.4853513686105946,0,,-4,128.2328982182973,-9796.678745319357,29.436012461720445,1805.6323702009959
173,adverse,95.50525636509,0.09158730158730158,1.6088695760484235,0.3199180063614451,0.04418361892932184,10.334967827392884,-16.666341864648803,1.2250433124602693,2.192695839636578,0.48382626358815434,0,,-4,127.96720254457803,-9771.30848695239,29.441087528407177,1806.6841679715635
174,adverse,95.56329075243107,0.09142857142857141,1.6248530374829073,0.32229572592264255,0.04433163947468323,10.364203955647667,-16.74543092089935,1.2370149250746976,2.2126911498911173,0.48783811240820973,0,,-4,128.91829036905702,-9862.215747070633,29.459265344867532,1807.6991037807347
175,adverse,95.00108676464804,0.09126984126984126,1.448051973997238,0.297511101767893,0.043102324674775476,9.941299717154205,-16.053564085824597,1.1045909285239313,1.9915130194705448,0.4434610454733067,0,,-4,119.00444070715722,-8920.577620467195,29.647630643247897,1805.7527869329642
176,adverse,95.27893665806656,0.0911111111111111,1.529782683556359,0.3093792110381589,0.043772386934216395,10.137325865561818,-16.415292760960195,1.165807229983713,2.0937581371290053,0.46397545357264613,0,,-4,123.75168441526357,-9372.980415498778,29.73809310976091,1806.0354118096184
177,adverse,95.08536366400304,0.09095238095238095,1.468145228654695,0.30074513801795844,0.043351440543291646,9.981664787378852,-16.178296836753265,1.1196407762623666,2.0166496810470234,0.44850445239232845,0,,-4,120.29805520718338,-9044.656504205692,29.803771027603098,1806.669731779777
178,adverse,94.69207543063233,0.09079365079365079,1.3507073583386209,0.28367077344840624,0.04240047608967406,9.665214894786711,-15.668675841824133,1.0316798113956271,1.8697349052816148,0.4190275469429939,-1,1.8697349052816148,-5,141.83538672420312,-10897.525517185815,30.23165395171993,1857.8079420660215
179,adverse,94.90476055963956,0.09063492063492062,1.4094704087386312,0.29253750373775994,0.04296198303153127,9.820054656642613,-15.959242775800861,1.1006933361452347,1.9682474813320276,0.43377707259339643,0,,-5,146.26875186887997,-11318.35712420633,30.315803443225732,1858.5085448977388
180,adverse,95.34622453851085,0.09047619047619047,1.540212423815234,0.3115388606652457,0.04402771057310615,10.139707848639228,-16.534778975813214,1.19861910543761,2.131805742192858,0.46659331837762374,0,,-5,155.76943033262287,-12224.39211704297,30.49697420764018,1857.5287517795969
181,adverse,95.51160448631552,0.09031746031746031,1.5896806790516393,0.31865596817726266,0.044416428683817476,10.246738803562462,-16.748715425557865,1.2356708286096778,2.1936905294936007,0.4790098504419615,0,,-5,159.32798408863133,-12564.343272565919,30.564950843417613,1858.4877877835897
182,adverse,95.56532522857599,0.09015873015873016,1.6041935682403121,0.32085191752152703,0.04455853677930259,10.273003186700889,-16.823836704929516,1.2465409826119938,2.2118461538686303,0.48265258562831836,-1,2.2118461538686303,-6,192.51115051291623,-15514.972980648097,31.21918286170776,1919.901587301898
183,adverse,95.25097604064581,0.09,1.5029153790613492,0.30675046745937307,0.04388997041601391,10.034707044058452,-16.441005272178643,1.1956836189169504,2.110147139205748,0.45723176014439865,-1,2.110147139205748,-7,214.72532722156114,-17420.32346456802,31.66236726439532,1980.4327685897879
184,adverse,96.22016742343706,0.08984126984126983,1.8183637239833637,0.350106680079184,0.045872869392078734,10.683708649801513,-17.604533505247424,1.4569544292635395,2.529773018703188,0.5364092947198242,0,,-7,245.0746760554288,-20341.126934440257,32.24641114959273,1967.1448200693485
185,adverse,96.51881993731274,0.08968253968253967,1.9221311459484482,0.363715276272821,0.046388056186779755,10.851658326667636,-17.935608017942528,1.5346762283153876,2.6595860635815085,0.5624549176330605,0,,-7,254.6006933909747,-21260.750774359916,32.43029913997859,1967.515904794629
186,adverse,96.13108593517002,0.08952380952380952,1.7817965966031224,0.3456716756017207,0.045781383435188464,10.60506157982599,-17.5279511026638,1.4295656508557388,2.484027542350506,0.5272309457473837,0,,-7,241.9701729212045,-20046.80796280425,32.67313626971567,1966.7899064098237
187,adverse,95.86646295866801,0.08936507936507936,1.689186411467162,0.3334347009566042,0.04531761840954053,10.421407143166746,-17.234534744460237,1.3602006221889043,2.36817220074542,0.5039857892782577,1,1.3602006221889043,-6,200.0608205739625,-16165.950190879383,33.4966765445994,1999.6612072748212
188,adverse,95.89528587357117,0.0892063492063492,1.6960739585667959,0.3345556313360689,0.04540423563616565,10.429048392878515,-17.278883606582394,1.34035939496653,2.3517885221670616,0.5057145636002658,0,,-6,200.73337880164135,-16230.45825342197,33.509575577301376,2001.282115989201
189,adverse,95.37018714204775,0.08904761904761904,1.5239683221138272,0.3107959307948358,0.04432239713019208,10.051453168392458,-16.646320352648875,1.2114522732632564,2.1364843709643977,0.4625160488505706,0,,-6,186.4775584769015,-14871.149917238568,33.781491627748146,1998.8687392273841
190,adverse,95.42634332337468,0.08888888888888888,1.538837087289906,0.313087987149235,0.044476933454420296,10.08038013361608,-16.726738850390454,1.2225889783801396,2.155085196199672,0.4662481089097664,-1,2.155085196199672,-7,219.1615910044645,-17775.202890328008,34.42527516958167,2061.4003750581105
191,adverse,95.27133718412992,0.08873015873015873,1.488215131151609,0.3060161288824277,0.04414669477874173,9.955246209769708,-16.537552518262945,1.2096731332325552,2.116757129070663,0.45354199791905386,0,,-7,214.21129021769934,-17303.675439264323,34.51959952466542,2062.770027907496
192,adverse,95.68376651654113,0.08857142857142856,1.6154984241375132,0.3242225867193378,0.045095106564251586,10.239001901614222,-17.066449008116074,1.3050083196789974,2.275988528596029,0.4854901044585158,0,,-7,226.95581070353646,-18523.363050540942,34.763488269171845,2061.7748534922866
193,adverse,96.00848717075758,0.0884126984126984,1.720398084755761,0.3387887194089291,0.045777047489031206,10.44575194066226,-17.4648558689807,1.383578165482065,2.407218004029457,0.511819919273696,0,,-7,237.15210358625035,-19502.48949109115,34.95927440005571,2061.846544258504
194,adverse,95.09399822052671,0.08825396825396825,1.426867974439208,0.2975930193648483,0.04379527606132451,9.786462967282153,-16.33074221408028,1.163724112854967,2.0400118360234494,0.43814386158424123,1,1.163724112854967,-6,178.55581161890896,-14047.840649441638,36.09370553687008,2075.6245982480705
195,adverse,95.10739702182558,0.08809523809523809,1.4282636161091062,0.2979688813793756,0.043853778979200564,9.784667673693756,-16.357011519404708,1.1397694484657204,2.016757783752492,0.43849416764338567,-1,2.016757783752492,-7,208.57821696556292,-16702.108766485755,36.68477610184097,2135.4379932861375
196,adverse,94.56568163324461,0.08793650793650792,1.2707371888181562,0.2743676234640158,0.04244732921937462,9.346407903576285,-15.620271971474404,1.046782154424799,1.8446922232115135,0.3989550343933572,0,,-7,192.05733642481104,-15140.11289863405,36.99723776774449,2132.4040008708744
197,adverse,94.93598757699847,0.08777777777777777,1.3727090434311826,0.2900566767892472,0.04346809896942087,9.62886295270894,-16.142350228490642,1.1231590735299557,1.9722590133324096,0.42454996990122684,1,1.1231590735299557,-6,174.0340060735483,-13541.728352196693,37.35945030100921,2156.736460318256
198,adverse,94.99171231911582,0.08761904761904761,1.386364987058009,0.2922674946387527,0.04363637463799005,9.659989491856765,-16.22628195333147,1.1083873753064486,1.9643425988095693,0.4279776117515603,1,1.1083873753064486,-5,146.13374731937634,-11002.823795192782,37.909508971650254,2185.4885967547743
199,adverse,95.17506825479911,0.08746031746031746,1.4380746798603674,0.30009981960834403,0.04412391842497331,9.787900540459466,-16.481464802705013,1.1221179352154151,2.0040314245053197,0.4409567446449522,1,1.1221179352154151,-4,120.03992784333761,-8632.071235263862,38.42620518158233,2217.5072185828103
200,adverse,94.81753782766218,0.0873015873015873,1.3310412910083542,0.28426602884089575,0.04322629201651409,9.499603998150597,-16.002581321131668,1.0169499269652573,1.8451326550514513,0.41409136404309693,0,,-4,113.7064115363583,-8031.662918929141,38.54631086598616,2217.282541763894
201,adverse,95.43050284879006,0.08714285714285713,1.5108352526231172,0.31103932866244655,0.044791078840212765,9.95304055906732,-16.83528486286083,1.1516156042147148,2.07005490103152,0.45921964840840246,0,,-4,124.41573146497862,-9053.863104043137,38.75071002317752,2214.8586109105563
202,adverse,96.11238563986073,0.08698412698412697,1.7306516628404296,0.3419044344635181,0.04626307652736392,10.408574738209138,-17.68640505447935,1.3162580954674818,2.3450452302133775,0.5143935673729478,0,,-4,136.76177378540723,-10240.708006186338,38.98803153930293,2211.531671531946
203,adverse,95.75145359575819,0.08682539682539682,1.6075062437670908,0.32513825109823313,0.0455667742442136,10.156494665621961,-17.26239997967219,1.224022176581551,2.190990310952631,0.4834840671855398,0,,-4,130.05530043929326,-9598.681865708995,39.116462453581256,2211.299701679549
204,adverse,95.87686913227138,0.08666666666666667,1.6458772914410638,0.33067617244920433,0.04586113963277768,10.230165379563038,-17.427401331575396,1.252762091289357,2.238992491592771,0.493115200151707,0,,-4,132.27046897968174,-9811.107766646597,39.158939138431805,2212.2197612060845
205,adverse,95.64881865244331,0.0865079365079365,1.5689327391750005,0.3200716145787592,0.04540313648252611,10.061414949480145,-17.154243209891227,1.1951306216420754,2.142734856707926,0.47380211753292517,0,,-4,128.0286458315037,-9405.46353866539,39.24008421304297,2212.752093119998
206,adverse,95.6402709813482,0.08634920634920634,1.563476549840093,0.31948202766307177,0.04541382115128947,10.043521712250048,-17.153554204714744,1.1910439358302298,2.1359091638499565,0.47243261400986336,0,,-4,127.7928110652287,-9382.912748772218,39.24459527323364,2213.8357110384495
207,adverse,95.21362069735345,0.08619047619047618,1.4286382359584344,0.3001036218810833,0.04443002554404437,9.720576786290332,-16.603583597838266,1.0900500387328673,1.9672264331840017,0.4385881972255671,-1,1.9672264331840017,-5,150.05181094054166,-11305.993948678548,39.688467267479744,2266.6631451859575
208,adverse,95.84223499409462,0.08603174603174603,1.623400377347476,0.3283064054650485,0.045913825499342246,10.159541603980843,-17.427952362158834,1.2609268826332596,2.235873872061693,0.4874734947142165,0,,-5,164.15320273252428,-12657.773156330717,39.95876904865394,2263.336486319393
209,adverse,95.51452097085505,0.08587301587301586,1.5155614670860622,0.3131705486104608,0.045214567274735856,9.918178717199401,-17.02165113108488,1.1801555388474605,2.100967395324664,0.46040592823860166,1,1.1801555388474605,-4,125.26821944418431,-9062.470974580317,40.72158515900304,2296.2384116684716
210,adverse,95.41421582888066,0.08571428571428572,1.4816941995268458,0.30843715971836216,0.04500529365325833,9.833339014693642,-16.899548256490917,1.1297889554456075,2.033599443608084,0.45190524408123833,1,1.1297889554456075,-3,92.53114791550865,-6052.5125780840035,41.366301560691554,2331.766080162365
211,adverse,95.58256448008304,0.08555555555555555,1.5315405732965708,0.315841735317952,0.04543098167889833,9.942960754022433,-17.13002208942006,1.1421238893991315,2.07095725719401,0.4644166838974393,0,,-3,94.7525205953856,-6264.8795403921185,41.40876646017328,2332.347197077751
212,adverse,95.36387347003374,0.08539682539682539,1.4608770389572499,0.3057503054386006,0.044939089772580584,9.772187582484976,-16.851474873764115,1.08919690217898,1.9825571757355196,0.44668013677826973,0,,-3,91.72509163158018,-5976.229929218792,41.46650793070205,2332.766991475297
213,adverse,95.28280696781904,0.08523809523809522,1.4335801370116954,0.30190028321683293,0.044765402860485096,9.699812742805973,-16.751505801491813,1.0687515226217599,1.9484087514016308,0.43982861438993553,0,,-3,90.57008496504989,-5866.199662420692,41.48851838615276,2333.498219259618
214,adverse,95.09294941001224,0.08507936507936507,1.3744477051237851,0.29322659760741365,0.044303081563246464,9.543613487216186,-16.4995096854076,1.024461331137715,1.874434079109855,0.4249863739860701,0,,-3,87.96797928222409,-5618.807246745045,41.53800676696405,2333.9930453033603
215,adverse,95.04759827470768,0.08492063492063492,1.3585854655356506,0.2909978351031477,0.04420836334816209,9.49637805098544,-16.44471290053999,1.0125805136862023,1.8545904173850989,0.4210049518494483,0,,-3,87.29935053094431,-5555.268400109874,41.550717078353365,2334.7495591375136
216,adverse,94.65533977696435,0.08476190476190476,1.245291046403107,0.27363613011210547,0.04313701269618254,9.17273913529624,-15.890154140677094,0.9277229937559271,1.712859099050287,0.39256805264717987,0,,-3,82.09083903363164,-5062.35357728462,41.64931976345544,2334.3953700989387
217,adverse,94.5086148868603,0.0846031746031746,1.2031161583950158,0.2671026046952334,0.042725253619030484,9.040077147585365,-15.680588624886001,0.8961340026378668,1.6600983141521648,0.381982155757149,0,,-3,80.13078140857002,-4877.148294507865,41.68636822970404,2334.9660186993597
218,adverse,94.43907535129408,0.08444444444444443,1.1821720715390072,0.26390097660448714,0.04253585579667482,8.969902898176283,-15.58336656916998,0.8804468815827162,1.633897261495298,0.37672518995629084,0,,-3,79.17029298134615,-4786.458797083015,41.70450975749456,2335.6588459046607
219,adverse,94.32737311056873,0.08428571428571427,1.1505110773367306,0.25892818345754975,0.04221190164001902,8.863850053739823,-15.421210302783686,0.8567327969252112,1.59428935774825,0.3687782804115194,1,0.8567327969252112,-2,51.78563669150995,-2289.5460099577454,42.241134295765775,2365.154848543326
220,adverse,94.34565186081727,0.08412698412698412,1.1527983114147773,0.25945955717935765,0.04228830859751353,8.866606716678405,-15.455154414549412,0.8334459352496681,1.5721506875798865,0.36935237616510913,1,0.8334459352496681,-1,25.945955717935764,64.4633695356365,42.74870660483126,2397.0716437547076
221,adverse,94.24756551197993,0.08396825396825397,1.1251218684178674,0.2550835699305434,0.04199932427615894,8.77113385500034,-15.311559797422683,0.7877162794449826,1.5125274573907521,0.3624055889728847,0,,-1,25.50835699305434,105.69773550395928,42.756955127729505,2397.2860954680327
222,adverse,94.49773384687944,0.0838095238095238,1.1877669170413796,0.26544966398160275,0.04279733962992536,8.968317300179212,-15.698065142552078,0.8346374208639933,1.5908964132187657,0.3781294961773863,0,,-1,26.544966398160273,7.720904389153233,42.77654657566288,2397.383382352723
223,adverse,94.38946841000616,0.08365079365079364,1.1568117967073732,0.26059273117773907,0.042484177359821386,8.86548278317364,-15.540699241653627,0.8114520357338224,1.5521715576809239,0.37035976097355067,1,0.8114520357338224,0,0.0,2431.6198550461386,43.29765962911964,2431.6198550461386
224,adverse,94.34339148314668,0.08349206349206348,1.1423934184358586,0.2583956234346617,0.04235967774844891,8.814117632193337,-15.476631848893962,0.7756526704084581,1.5091341664632592,0.36674074802740053,0,,0,0.0,2431.6198550461386,43.29765962911964,2431.6198550461386
225,adverse,94.12181771799682,0.08333333333333333,1.0837710860025602,0.2488405271494557,0.041666895177619824,8.612882789745779,-15.139769636309175,0.7317445434159175,1.435797628589203,0.3520265425866426,0,,0,0.0,2431.6198550461386,43.29765962911964,2431.6198550461386
226,adverse,93.94657639195839,0.08317460317460316,1.0384409354351796,0.24133842220049612,0.04110205584029038,8.4483953737818,-14.869425013867872,0.6977922606409495,1.3790896102294097,0.3406486747942301,-1,1.3790896102294097,-1,24.133842220049612,301.7635059413665,43.771117999471116,2465.2112641552103
227,adverse,93.5278591697941,0.08301587301587302,0.9386956982618742,0.22417155075501072,0.039664880443604514,8.065054518026857,-14.201933010774814,0.6480830779981437,1.2793083185256047,0.31561262026373044,-1,1.2793083185256047,-2,44.83431015100214,-1506.7833256909194,44.178332089350114,2498.734580434504
228,adverse,93.69859832048796,0.08285714285714285,0.975253241525472,0.23073970302199776,0.040280432829575344,8.20442787948426,-14.481996008522152,0.7004646779025785,1.3500418051483656,0.3247885636228935,1,0.7004646779025785,-1,23.073970302199776,461.6557666605015,44.60611475791217,2526.1291175126394
229,adverse,93.32113252033399,0.08269841269841269,0.8887933424001169,0.21552747638076442,0.03894006189990558,7.852570497179022,-13.87033727505439,0.6107062134576875,1.2168804713425463,0.30308712894242934,0,,-1,21.55274763807644,603.5895960477245,44.634507202278485,2526.0370803179594
230,adverse,93.07533571476725,0.08253968253968252,0.8348471998043898,0.20580425578410744,0.03803612329164082,7.6152873386445705,-13.466312498973554,0.570300552653488,1.1493938469552916,0.28954664715090184,1,0.570300552653488,0,0.0,2552.1675569275994,45.05571304667641,2552.1675569275994
231,adverse,93.19278462142225,0.08238095238095237,0.8571134257923418,0.21003439039652738,0.038484333582795065,7.709627368568017,-13.663407383006367,0.5619779559184641,1.1522488956662196,0.2951354698738778,0,,0,0.0,2552.1675569275994,45.05571304667641,2552.1675569275994
232,adverse,93.32464525315325,0.08222222222222222,0.8829410321426181,0.2148789275559394,0.03898294140447006,7.816539776679352,-13.884360163166917,0.581322833074821,1.1845592312104152,0.30161819906779713,0,,0,0.0,2552.1675569275994,45.05571304667641,2552.1675569275994
233,adverse,93.19243316728824,0.08206349206349206,0.8527014788780427,0.2094932267670282,0.038500403850414214,7.6830668478828565,-13.667396782427772,0.558673407679654,1.1467295500764314,0.2940280711983887,0,,0,0.0,2552.1675569275994,45.05571304667641,2552.1675569275994
234,adverse,92.53037849469524,0.0819047619047619,0.7202661102610861,0.18457369453326067,0.035948170989318885,7.058503909312133,-12.555869378464578,0.4594793165855535,0.9810529039366187,0.2607867936755326,1,0.4594793165855535,1,-18.457369453326066,4213.725433325425,45.41728652298295,2577.8846628188458
235,adverse,92.66716623005559,0.08174603174603173,0.7438217894649775,0.18925960661569607,0.03649168397668379,7.172497094778944,-12.787601612608293,0.4521225203092681,0.9855210586206868,0.26669926915570935,0,,1,-18.925960661569608,4257.139768109794,45.425971126860595,2577.706804367128
236,adverse,92.75147901123249,0.08158730158730158,0.7578564170551054,0.19208176616437939,0.03682701374014859,7.237503585686272,-12.930958559700453,0.4626344563742739,1.0030783777359369,0.2702219606808315,0,,1,-19.20817661643794,4283.310480134956,45.431206316303516,2577.509331556877
237,adverse,92.2899279649178,0.08142857142857142,0.6711305573150863,0.17523661531782475,0.034987485982726794,6.794479591510832,-12.146780162960432,0.39767678742899965,0.8945843272011729,0.24845376988608664,1,0.39767678742899965,2,-35.04732306356495,5705.024127286266,45.743565053229744,2604.735317849672
238,adverse,92.5404856444488,0.08126984126984127,0.7141505059751836,0.18385931885513884,0.0359973964600465,7.0149096642804025,-12.573286380892148,0.40489872897541246,0.9234022829749546,0.2592517769997711,0,,2,-36.77186377102777,5864.58204390158,45.77548302014619,2604.526013674195
239,adverse,92.3113185248494,0.0811111111111111,0.671019511003534,0.17544446094832428,0.035074115409780726,6.787893459703403,-12.181824781342433,0.3725936137416469,0.8694454082654209,0.24842589726188702,0,,2,-35.088892189664854,5709.193646720975,45.80655448528928,2604.2956453174293
240,adverse,91.9447378560483,0.08095238095238094,0.6071939598589502,0.16259094350648645,0.0335671063398033,6.432137506883723,-11.55407990816905,0.32478827593435367,0.7895996437835466,0.23240568392459648,-1,0.7895996437835466,1,-16.259094350648645,4056.4865247433613,46.172814650527435,2622.2677528821105
241,adverse,91.97522111606128,0.08079365079365078,0.6103237722981376,0.16334469924264455,0.03369007917688313,6.447316302583374,-11.604370720716286,0.35213250545130503,0.8185150391449701,0.23319126684683256,0,,1,-16.334469924264454,4063.4178232564154,46.17420118753745,2622.083717388353
242,adverse,91.91676123840807,0.08063492063492063,0.5990061588736033,0.16111060802404387,0.033443456230041024,6.379428497450204,-11.502387133701637,0.34365561299632885,0.8043567047508777,0.23035054587727444,0,,1,-16.11106080240439,4042.878673335339,46.17830819611995,2621.9027601506195
243,adverse,91.98191359988057,0.08047619047619048,0.6077307129445249,0.16302598847267208,0.033711195022459485,6.426943324177079,-11.6122309792403,0.3501903039954491,0.8152711218936006,0.23254040894907574,0,,1,-16.30259884726721,4060.4931856218222,46.181831803298685,2621.7220182934298
244,adverse,91.46178159022074,0.08031746031746032,0.5256958018050817,0.14578855260725576,0.03151875768544378,5.929477203159077,-10.71982248380423,0.28874615555200617,0.7126454480581572,0.2119496462530755,0,,1,-14.578855260725575,3902.8049948601215,46.21336313518465,2621.9664993487067
245,adverse,92.04779216371563,0.08015873015873015,0.6148221489307542,0.16470926478173353,0.03397947205619236,6.461781060395339,-11.722113605780615,0.35550178954913486,0.8241425083123735,0.23432035938161927,1,0.35550178954913486,2,-32.94185295634671,5557.170156615453,46.57141781426252,2647.909751988121
246,adverse,91.8517367679884,0.07999999999999999,0.5813709411349386,0.15785453679958766,0.03315358607083069,6.2654645098220145,-11.382098164806932,0.30544683491006897,0.7572950473598081,0.22592410622486958,0,,2,-31.570907359917534,5431.221237822198,46.596602561071805,2647.652753699493
247,adverse,91.35363650271047,0.07984126984126984,0.5050983194359215,0.14159541176968726,0.031032813643553404,5.789729854259061,-10.52507516400607,0.24831864125750525,0.6618779976143379,0.2067796781784163,0,,2,-28.319082353937453,5134.095785047556,46.65601576898515,2648.0642934828156
248,adverse,91.55271607153827,0.07968253968253967,0.5321832387613821,0.14758559127359094,0.03187359434609707,5.960664884746128,-10.862112323677701,0.2686052458322752,0.695761231690489,0.2135779929291069,1,0.2686052458322752,3,-44.27567738207728,6567.792700621318,46.968189691801115,2673.8891520133816
249,adverse,91.43762855982789,0.07952380952380952,0.5137154314498762,0.14367377561493205,0.03137373312487922,5.840786261447747,-10.661286018501135,0.22977285815595727,0.6476580047437951,0.2089425732939189,0,,3,-43.10213268447961,6460.465095235195,46.98965092063257,2673.4229261302935
250,adverse,91.5419059134876,0.07936507936507936,0.5271483172822684,0.1466954803410716,0.03181176841672846,5.924002033647847,-10.836988653615824,0.23983408964441905,0.6644625449201178,0.21231422763784935,1,0.23983408964441905,4,-58.67819213642864,7862.038682690189,47.29482335440321,2701.3844658765975
251,adverse,91.43173309308752,0.0792063492063492,0.509488770555226,0.14294405494952617,0.03133064994971982,5.8087319464571525,-10.64394144567224,0.20160708914586428,0.6173704519645877,0.20788168140936175,0,,4,-57.17762197981047,7724.811512696813,47.322263300412686,2700.7579491634187
252,adverse,91.41189763055014,0.07904761904761903,0.5049757580045515,0.14205055346403006,0.031236145522482814,5.777097687870524,-10.606131277133276,0.19822684274540914,0.611724673263694,0.2067489152591424,0,,4,-56.82022138561202,7692.134312033541,47.32879743371868,2700.0803545886
253,adverse,91.49061730209046,0.07888888888888888,0.5145503035727472,0.14424876185734292,0.03156641110349895,5.836496031616159,-10.738211090796732,0.2053981773759877,0.6237024297695068,0.20915212619675955,0,,4,-57.699504742937165,7772.564399943244,47.344886669147705,2699.4212144161265
254,adverse,91.24938546950739,0.07873015873015873,0.4790230260412667,0.13648741223430172,0.030513898170090967,5.6008861864428265,-10.318901439670856,0.17352302604126668,0.5845230260412667,0.20550000000000002,-1,0.5845230260412667,3,-40.946223670290514,6301.964354749939,47.6706319896431,2709.3535153513117
255,adverse,91.46756274140554,0.07857142857142857,0.5078379335567398,0.14297316849755848,0.0314489890491025,5.788467297381633,-10.691083355124489,0.22537061223399807,0.6403052548794814,0.2074673213227417,-1,0.6403052548794814,2,-28.594633699511697,5235.979095663439,47.916585955764766,2722.065230397191
256,adverse,91.31549878829864,0.0784126984126984,0.4848029609197546,0.13796734529601845,0.030779365648302144,5.634989188279588,-10.424263761565626,0.2293029609197546,0.6403029609197546,0.20550000000000002,0,,2,-27.59346905920369,5144.538962794806,47.93487032546455,2721.7881645380867
257,adverse,91.03520864007147,0.07825396825396824,0.4457472321670046,0.12924021580498601,0.029547384625290777,5.365401550950708,-9.938543570851914,0.19024723216700462,0.6012472321670046,0.20550000000000002,1,0.19024723216700462,3,-38.772064741495804,6142.936500660522,48.158399483512646,2747.0376671621943
258,adverse,91.05938375648282,0.07809523809523808,0.4472965578429733,0.12968428628300666,0.02963990491040653,5.374137878586189,-9.974975460387535,0.16679655784297326,0.5777965578429733,0.20550000000000002,1,0.16679655784297326,4,-51.873714513202664,7319.026393650234,48.417005114393625,2774.35654005547
259,adverse,91.20188796878931,0.07793650793650793,0.46445835867297625,0.1336787565798615,0.03025041404774903,5.490829456534958,-10.215182606754901,0.15895835867297625,0.5699583586729763,0.20550000000000002,0,,4,-53.4715026319446,7464.718542394999,48.4461493729943,2773.7998933027548
260,adverse,91.12764902122439,0.07777777777777778,0.4530164716234317,0.13117185897186362,0.029913129600261885,5.409731953834154,-10.08252851652826,0.14751647162343173,0.5585164716234318,0.20550000000000002,0,,4,-52.46874358874545,7373.321192438659,48.4644251878226,2773.1745307482197
261,adverse,90.8502325057682,0.07761904761904762,0.4162380613025185,0.12277228832052911,0.028682949890390202,5.1451997682866795,-9.602428554902641,0.11073806130251851,0.5217380613025185,0.20550000000000002,1,0.11073806130251851,5,-61.38614416026456,8172.213271994934,48.64645477087652,2803.3868330535533
262,adverse,91.04851804913648,0.07746031746031745,0.4395739835125987,0.1282729528462736,0.02953966854869386,5.311151437223615,-9.9364378607269,0.10907398351259867,0.5200739835125987,0.20550000000000002,0,,5,-64.1364764231368,8422.576865936844,48.69653750621197,2802.832726473158
263,adverse,90.4843087149648,0.07730158730158729,0.3703464331595505,0.11204077646414373,0.02704782899102892,4.793198344705454,-8.973932994199187,0.0398464331595505,0.45084643315955053,0.20550000000000002,-1,0.45084643315955053,4,-44.81631058565749,6719.120024819992,49.06617187622453,2812.085715585435
264,adverse,90.15529489792871,0.07714285714285714,0.333583766558311,0.10311883700075719,0.02559701678857096,4.4939225260307385,-8.424530938653891,0.02808376655831099,0.43908376655831105,0.20550000000000002,0,,4,-41.24753480030287,6397.311642660089,49.130520682895174,2812.061485549531
265,adverse,90.16730451199587,0.07698412698412697,0.3334842605163679,0.1031674388075739,0.025628747787083576,4.491431510864631,-8.436988239609407,0.027984260516367904,0.43898426051636796,0.20550000000000002,0,,4,-41.26697552302956,6399.064209642606,49.13087126640838,2811.5259655750674
266,adverse,89.73485756465698,0.07682539682539682,0.2899795639266607,0.09223767318576509,0.023746493682140934,4.11324607096605,-7.735234751573845,0.0,0.3954795639266607,0.20550000000000002,-1,0.3954795639266607,3,-27.671301955729525,5218.342333811821,49.39487243261983,2822.255863363816
267,adverse,89.74316131796567,0.07666666666666666,0.28951703911680315,0.09218455719464308,0.02375873121743443,4.107623077246717,-7.740379420114736,0.009017039116803127,0.42001703911680316,0.20550000000000002,1,0.009017039116803127,4,-36.87382287785723,6043.118776882671,49.58004509654912,2849.752157591758
268,adverse,89.72523591483375,0.0765079365079365,0.2866448984643677,0.09150907827931054,0.023658885679397095,4.080261745884586,-7.7040919407237665,0.0,0.39214489846436773,0.20550000000000002,-1,0.39214489846436773,3,-27.45272348379316,5236.83383894647,49.769107169691026,2859.6252173977423
269,adverse,90.00959718951458,0.07634920634920633,0.3123451040099976,0.09815325682678039,0.024860097839799623,4.305692673936386,-8.150933526394377,0.03184510400999757,0.4428451040099976,0.20550000000000002,0,,3,-29.445977048034116,5416.20990697028,49.8049895597738,2859.4929052280368
270,adverse,89.7190392097889,0.07619047619047618,0.2836382187992088,0.09086154469923557,0.023585235332279755,4.050122522483595,-7.6781513032456115,0.0031382187992087807,0.4141382187992088,0.20550000000000002,0,,3,-27.258463409770673,5219.909032762597,49.84424188415046,2859.3973509425487
271,adverse,89.5206019283981,0.07603174603174603,0.26489790420767534,0.08601924830658508,0.022716029589665777,3.8755327247574156,-7.359226287812127,0.0,0.39539790420767534,0.20550000000000002,-1,0.39539790420767534,2,-17.203849661317015,4359.153729249262,50.044260899134294,2872.03433292403
272,adverse,89.62532455950638,0.07587301587301587,0.272838055055999,0.08817254885831083,0.023136509553753123,3.948250525119484,-7.514155270904058,0.017338055055999002,0.42833805505599903,0.20550000000000002,0,,2,-17.634509771662167,4397.744061803346,50.051980509567194,2871.8130110815373
273,adverse,88.8511260868329,0.0757142857142857,0.21017593158017167,0.07128894558330728,0.019890803455712883,3.3290020280705104,-6.339230998810623,0.0,0.3656759315801717,0.20550000000000002,-1,0.3656759315801717,1,-7.128894558330728,3500.6692258735134,50.25866765795509,2888.27650976955
274,adverse,89.82756854869591,0.07555555555555554,0.2886649169956943,0.09243124658931012,0.023957640046668574,4.089665227138347,-7.818335374005995,0.05816491699569426,0.4691649169956943,0.20550000000000002,-1,0.4691649169956943,0,0.0,2907.0663787052813,50.40674191087807,2907.0663787052813
275,adverse,89.60589384029967,0.07539682539682539,0.26757150345739333,0.08697727860307913,0.022979253613120088,3.8951139076448857,-7.458394667198185,0.06207150345739332,0.47307150345739335,0.20550000000000002,1,0.06207150345739332,1,-8.697727860307914,3680.0510341262493,50.582615446738586,2927.4405051694207
276,adverse,89.37493368245788,0.07523809523809523,0.2469610534033153,0.08154016804810255,0.021972172211788786,3.6974327436416496,-7.091253661691362,0.0164610534033153,0.4274610534033153,0.20550000000000002,0,,1,-8.154016804810254,3631.447175770821,50.59233427464409,2927.378569935589
277,adverse,89.64628937788987,0.07507936507936508,0.2687185645498076,0.0874081837702903,0.023102503870693288,3.903033783109953,-7.504974538379808,0.03821856454980757,0.4492185645498076,0.20550000000000002,0,,1,-8.740818377029031,3684.0412384046363,50.602855191354195,2927.331161232895
278,adverse,89.63313602733662,0.07492063492063492,0.2663835590724073,0.08685423526521169,0.023020799505574098,3.879869033090472,-7.475653270262418,0.035883559072407284,0.4468835590724073,0.20550000000000002,-1,0.4468835590724073,0,0.0,2945.0859383408747,50.7795485838699,2945.0859383408747
279,adverse,89.07169586858146,0.07476190476190475,0.2200733077628616,0.07436333222228092,0.020623537354403122,3.425160987910152,-6.60610357943363,0.014573307762861587,0.4255733077628616,0.20550000000000002,-1,0.4255733077628616,-1,7.436333222228092,2325.123984607202,50.93202194609945,2965.483464978645
280,adverse,89.26834865366312,0.07460317460317459,0.2340063415675777,0.07825810854265997,0.021416001274817784,3.5649112781599253,-6.892456308063536,0.05350634156757772,0.46450634156757775,0.20550000000000002,0,,-1,7.825810854265996,2290.3490059526293,50.93897555110936,2965.54558363211
281,adverse,89.53756463628335,0.07444444444444444,0.2547052044134892,0.08392835072198518,0.022533081631542107,3.7654897521863004,-7.2991698353888275,0.07420520441348921,0.48520520441348924,0.20550000000000002,-1,0.48520520441348924,-2,16.785670144397034,1536.4450972758018,51.11942434717378,2988.4520819103855
282,adverse,89.39500162231084,0.07428571428571429,0.24184436085707972,0.08051433042375172,0.021897363084668324,3.6398344211759097,-7.068359977740559,0.0863443608570797,0.4973443608570797,0.20550000000000002,1,0.0863443608570797,-1,8.051433042375173,2308.431641667005,51.29558377515477,3004.0050754663525
283,adverse,89.30568569385731,0.07412698412698412,0.23364054625809771,0.0783326091846307,0.021491198961762045,3.557568130700746,-6.921861682986401,0.05314054625809772,0.46414054625809775,0.20550000000000002,-1,0.46414054625809775,-2,15.66652183692614,1674.618955730548,51.45159792043817,3027.000321563406
284,adverse,89.45836537735438,0.07396825396825396,0.24471794924585133,0.08141616096906529,0.022113907995628367,3.6653108591619525,-7.148507182779322,0.0892179492458513,0.5002179492458514,0.20550000000000002,0,,-2,16.283232193813056,1619.438021312072,51.46263190052584,3027.16576658133
285,adverse,89.17147737889935,0.0738095238095238,0.22118979162965857,0.07500749233042414,0.020869853617166558,3.4295865059061197,-6.699171352363336,0.06568979162965854,0.4766897916296586,0.20550000000000002,0,,-2,15.00149846608483,1733.7092526019403,51.48549071854742,3027.1770753940855
286,adverse,89.30893111741743,0.07365079365079365,0.23060300943406364,0.07767238911372276,0.021421766828755188,3.523550769336921,-6.898971056696279,0.07510300943406362,0.48610300943406365,0.20550000000000002,1,0.07510300943406362,-1,7.767238911372276,2372.133723118225,51.63470751619889,3042.7572270830897
287,adverse,89.37118655902191,0.07349206349206348,0.23437066450231026,0.07876881647561845,0.02165899350832899,3.5598507652469937,-6.985559135690332,0.05387066450231026,0.4648706645023103,0.20550000000000002,0,,-1,7.876881647561845,2362.3328619070994,51.63666729648506,3042.8620546844536
288,adverse,89.15809761534958,0.07333333333333333,0.2170143991955067,0.07401034967041847,0.020727803052225352,3.383251768404811,-6.650383421665341,0.03651439919550667,0.44751439919550673,0.20550000000000002,0,,-1,7.401034967041848,2404.749961581883,51.645152413443405,3042.910719708465
289,adverse,88.72077474768723,0.07317460317460317,0.1856192324633854,0.06511568817729751,0.018894476492805845,3.0472207848661044,-5.99778548607773,0.005119232463385387,0.41611923246338545,0.20550000000000002,1,0.005119232463385387,0,0.0,3060.7122694349787,51.79647752468554,3060.7122694349787
290,adverse,88.64964169528015,0.073015873015873,0.18009973967827797,0.06355720707446805,0.018577143339218193,2.9847517455978743,-5.886563759485141,0.0,0.385599739678278,0.20550000000000002,0,,0,0.0,3060.7122694349787,51.79647752468554,3060.7122694349787
291,adverse,88.37574631523614,0.07285714285714284,0.16250169043893958,0.05840205122535991,0.017461220829617437,2.782088627484134,-5.495938920549958,0.0,0.3680016904389396,0.20550000000000002,0,,0,0.0,3060.7122694349787,51.79647752468554,3060.7122694349787
292,adverse,88.68794655423733,0.07269841269841269,0.1806651509266528,0.06381977335747119,0.01866940410787473,2.9891149402895216,-5.920711903130602,0.0,0.3861651509266528,0.20550000000000002,0,,0,0.0,3060.7122694349787,51.79647752468554,3060.7122694349787
293,adverse,88.73248468636662,0.07253968253968254,0.18257704928703333,0.06442776463653427,0.018818639288378517,3.0094503688167524,-5.974201117201701,0.0,0.38807704928703335,0.20550000000000002,-1,0.38807704928703335,-1,6.442776463653427,2527.7020737520916,51.930814237465306,3081.127932722199
294,adverse,88.97707620968711,0.07238095238095238,0.19790432998954177,0.06891789810386378,0.019793072995742053,3.175790259118682,-6.320673210812788,0.01740432998954175,0.4284043299895418,0.20550000000000002,-1,0.4284043299895418,-2,13.783579620772757,1917.2286721593373,52.08144687785557,3104.070420521217
295,adverse,89.01878769977878,0.07222222222222222,0.19978394221320261,0.06951058291262147,0.019936626293994696,3.1948016340262515,-6.3726390070031655,0.04428394221320259,0.4552839422132026,0.20550000000000002,0,,-2,13.902116582524293,1906.674545123274,52.08355728118212,3104.267321317938
296,adverse,89.10083010155999,0.07206349206349205,0.20452398668944394,0.07092117424446048,0.020250690639694136,3.243968842005801,-6.4855980780153875,0.04902398668944391,0.46002398668944394,0.20550000000000002,0,,-2,14.184234848892096,1881.5325460087456,52.08858467552616,3104.454848062618
297,adverse,88.85450601559207,0.07190476190476189,0.18668766975199436,0.06582809470786172,0.0191931854359437,3.050855629336765,-6.109949578368312,0.03118766975199433,0.44218766975199436,0.20550000000000002,-1,0.44218766975199436,-3,19.748428412358514,1431.2287617929082,52.20746540961755,3129.9593120317086
298,adverse,89.06359772870283,0.07174603174603174,0.19985946949655276,0.06969361203918828,0.020033133635353043,3.192311583555883,-6.409464300404714,0.06935946949655275,0.4803594694965528,0.20550000000000002,1,0.06935946949655275,-2,13.938722407837655,1941.6026466882263,52.33095207331929,3143.0635181726248
299,adverse,89.62553760391502,0.07158730158730159,0.2411568010918579,0.08137139131203408,0.02242741362238402,3.611077123135222,-7.2735717252065735,0.08565680109185786,0.4966568010918579,0.20550000000000002,0,,-2,16.274278262406817,1732.2353325286801,52.372817163133234,3142.5949106942276
300,adverse,89.52712034927151,0.07142857142857142,0.23212757134822581,0.0789330370165669,0.021965984264366942,3.521193528290323,-7.106574913444057,0.07662757134822579,0.4876275713482258,0.20550000000000002,0,,-2,15.78660740331338,1775.8863682680324,52.38154911667181,3142.7903549015246
301,adverse,89.33954882671425,0.07126984126984126,0.21662320777278143,0.07464248037888632,0.02111974015246237,3.363875418295368,-6.8014370670089495,0.06112320777278141,0.47212320777278144,0.20550000000000002,-1,0.47212320777278144,-3,22.3927441136659,1232.771378000184,52.51958697130991,3168.3420717753224
302,adverse,89.28926323022189,0.0711111111111111,0.2118299742540115,0.07334012715790722,0.02087259975675652,3.3133744579959803,-6.713305642526177,0.0813299742540115,0.49232997425401154,0.20550000000000002,1,0.0813299742540115,-2,14.668025431581444,1914.2148734708778,52.677533859266724,3181.54606244814
303,adverse,89.13724214679021,0.07095238095238095,0.19989163617390293,0.06997532716084348,0.020190809588006738,3.1871105244442477,-6.46978651616735,0.044391636173902904,0.45539163617390294,0.20550000000000002,0,,-2,13.995065432168696,1974.1886747339513,52.68953101895128,3181.691883786565
304,adverse,88.91638377793004,0.07079365079365078,0.1839482638205734,0.06538460406877283,0.019228707634502486,3.0134640870142513,-6.1282561432202005,0.02844826382057336,0.4394482638205734,0.20550000000000002,0,,-2,13.076920813754567,2055.8104463686523,52.70585863880219,3181.77330331394
305,adverse,88.95918767730731,0.07063492063492063,0.18578267305759333,0.06597550982261852,0.019375711160333448,3.0326113889290105,-6.181204274048601,0.0302826730575933,0.44128267305759333,0.20550000000000002,0,,-2,13.195101964523703,2045.2950445376264,52.70796129863643,3181.964062009378
306,adverse,88.86738624466248,0.07047619047619047,0.1788483630332962,0.06398124840212999,0.018960395583279725,2.9548310903693076,-6.034941969402796,0.023348363033296182,0.4343483630332962,0.20550000000000002,1,0.023348363033296182,-1,6.398124840212999,2646.848993718271,52.84876721691688,3197.548788831719
307,adverse,89.31905643351736,0.0703174603174603,0.20867965611431671,0.07272785596690179,0.020848861718015567,3.2748529975024616,-6.7087553307049,0.028179656114316692,0.43917965611431675,0.20550000000000002,-1,0.43917965611431675,-2,14.545571193380358,1962.8791942779703,53.014311661038406,3220.3399573343913
308,adverse,89.31856420713417,0.07015873015873014,0.20757991672187526,0.07246988705563989,0.02081581996863668,3.262246251171636,-6.697690997389337,0.05207991672187523,0.46307991672187526,0.20550000000000002,-1,0.46307991672187526,-3,21.74096611669197,1366.3563060279716,53.162848129729106,3245.9542090302893
309,adverse,89.42012636485127,0.06999999999999999,0.21396059235209375,0.07435546788016961,0.02122871404204392,3.3269809708449953,-6.847009383932303,0.08346059235209374,0.4944605923520938,0.20550000000000002,1,0.08346059235209374,-2,14.871093576033923,1972.1722565146874,53.305709103868324,3259.15520479675
310,adverse,89.72038306622933,0.06984126984126984,0.23610038244422693,0.08066888831416824,0.022534068955495593,3.547251782738908,-7.320673732576434,0.0806003824442269,0.49160038244422694,0.20550000000000002,0,,-2,16.133777662833648,1858.8610988553924,53.328366803860185,3259.1697345813564
311,adverse,89.62468552023005,0.06968253968253968,0.22734665846455826,0.0782754098221713,0.022074847681461326,3.4596726420428587,-7.1545103671495,0.07184665846455823,0.48284665846455826,0.20550000000000002,-1,0.48284665846455826,-3,23.48262294665139,1248.3560896133577,53.480094393359984,3284.7747888577587
312,adverse,90.07952560150385,0.06952380952380952,0.2640485410729063,0.08851322835059,0.0241172319573449,3.809528556762451,-7.902517868566454,0.1335485410729063,0.5445485410729063,0.20550000000000002,1,0.1335485410729063,-2,17.702645670118,1755.5347150414555,53.604225915571504,3297.3709306826195
313,adverse,89.87813887728304,0.06936507936507935,0.24550635526725628,0.08348427789561497,0.023162564652645823,3.6340734857580927,-7.5524117876078325,0.09000635526725626,0.5010063552672563,0.20550000000000002,1,0.09000635526725626,-1,8.348427789561496,2587.0856253330003,53.79237385432291,3312.8761420834517
314,adverse,89.62165768685212,0.0692063492063492,0.22371243500759608,0.07743482069571994,0.021970643637953043,3.4195794320119197,-7.119073321694353,0.043212435007596056,0.4542124350075961,0.20550000000000002,0,,-1,7.743482069571995,2641.2910203213787,53.80321710197011,3312.903476164078
315,adverse,89.50537821038502,0.06904761904761904,0.21375634806284793,0.074655578984415,0.02142002104019293,3.3176066739388195,-6.920783116519875,0.03325634806284791,0.44425634806284797,0.20550000000000002,0,,-1,7.465557898441499,2666.1617532306113,53.80819224358028,3312.9937016758604
316,adverse,89.46860736640592,0.06888888888888889,0.20993729029982955,0.0736171547697475,0.021225180733265566,3.2771774891612044,-6.851364991955376,0.029437290299829527,0.4404372902998296,0.20550000000000002,1,0.029437290299829527,0,0.0,3330.997505973784,53.96177885725765,3330.997505973784
317,adverse,89.02686693876566,0.06873015873015872,0.17844769499728752,0.06442908342725112,0.019269517033153227,2.939127238361414,-6.1535837925330705,0.0,0.38394769499728754,0.20550000000000002,0,,0,0.0,3330.997505973784,53.96177885725765,3330.997505973784
318,adverse,89.01529197437523,0.06857142857142856,0.17673010804759137,0.06396698362441261,0.019186664910045385,2.9189722136266747,-6.125087557967782,0.0,0.3822301080475914,0.20550000000000002,-1,0.3822301080475914,-1,6.396698362441261,2799.6826635793454,54.09565965173859,3351.4136251793034
319,adverse,88.49266019371076,0.0684126984126984,0.1449684844137833,0.05428875337250383,0.016988878230544537,2.5484373234172852,-5.354907230800905,0.0,0.37546848441378333,0.20550000000000002,0,,-1,5.428875337250383,2885.310768628392,54.112788698557765,3351.2295406403287
320,adverse,88.92776343338208,0.06825396825396825,0.1693049090903207,0.06183078796783159,0.018747437846018615,2.833365486910174,-5.971568922483527,0.0,0.39980490909032074,0.20550000000000002,0,,-1,6.183078796783159,2818.227727873057,54.12620262392376,3351.1446054943185
321,adverse,88.90180453036922,0.0680952380952381,0.16676530911457288,0.06110975121659129,0.018603529838521295,2.8034401056472356,-5.921696076853881,0.0,0.3972653091145729,0.20550000000000002,-1,0.3972653091145729,-2,12.221950243318258,2320.9603165468384,54.25357593770854,3374.160686235302
322,adverse,88.70015213982747,0.06793650793650793,0.15392270083157733,0.0572145254507464,0.017727747377747703,2.6531605720528133,-5.615124882222267,0.0,0.40942270083157734,0.20550000000000002,-1,0.40942270083157734,-3,17.16435763522392,1923.4026205734365,54.36125439522835,3399.706943950734
323,adverse,88.41583359054155,0.06777777777777777,0.1375296973565696,0.05212010335402978,0.016539827068603265,2.453784467778332,-5.202594215708568,0.007029697356569609,0.41802969735656964,0.20550000000000002,0,,-3,15.636031006208933,2058.503867821838,54.38828004980895,3399.7176740763844
324,adverse,88.29546092680665,0.0676190476190476,0.1305757291086218,0.04994331810682895,0.01602820893062661,2.365858857858882,-5.0267032713406605,7.57291086218026e-05,0.41107572910862183,0.20550000000000002,0,,-3,14.982995432048686,2116.1524128285146,54.39981206521336,3399.9101818329054
325,adverse,88.22545515199751,0.06746031746031746,0.12633642138731194,0.04861881882941399,0.015718788688513854,2.311071078509566,-4.921044644658854,0.0,0.40683642138731196,0.20550000000000002,0,,-3,14.585645648824197,2151.201767034947,54.406823338309266,3400.12606667202
326,adverse,87.90042308864754,0.06730158730158729,0.11062886311180531,0.04351167882691176,0.014448166657872321,2.1036719294039745,-4.487456515844363,0.0,0.39112886311180534,0.20550000000000002,0,,-3,13.053503648073528,2285.8507619467982,54.43375852432884,3400.0705964681238
327,adverse,87.6151268220695,0.06714285714285714,0.09813316390259885,0.039348774285684285,0.013376464090867363,1.930444699655204,-4.125665005801429,0.0,0.3786331639025989,0.20550000000000002,0,,-3,11.804632285705285,2395.248900740583,54.455642528888504,3400.073306369768
328,adverse,87.55674960737807,0.06698412698412698,0.09521581701493176,0.0383865041980988,0.013133710736935691,1.8884115209028332,-4.0448430284440855,0.0,0.3757158170149318,0.20550000000000002,0,,-3,11.515951259429642,2420.5198178801334,54.46069772335531,3400.254333688305
329,adverse,87.39549838793494,0.06682539682539682,0.08858286217253175,0.03613254423417456,0.012538092354297028,1.791881018166456,-3.84608917978189,0.0,0.3690828621725318,0.20550000000000002,-1,0.3690828621725318,-4,14.453017693669823,2200.6703820015273,54.53203500031909,3428.365921680431
330,adverse,87.68499461028725,0.06666666666666665,0.0989188810434185,0.03971593111539884,0.013515167962723933,1.9397188171119277,-4.174916685677635,0.0,0.4044188810434185,0.20550000000000002,-1,0.4044188810434185,-5,19.85796555769942,1767.0646592146854,54.64682156518436,3458.8508215911197
331,adverse,88.03712432190397,0.0665079365079365,0.11303678025840336,0.04449651213624717,0.014775840523126828,2.1326294207867083,-4.6033396255116,0.03253678025840334,0.4435367802584034,0.20550000000000002,1,0.03253678025840334,-4,17.79860485449887,1945.0549154013052,54.70308160403463,3466.7781916299045
332,adverse,88.04155228434183,0.06634920634920635,0.11250329657864677,0.044356908887691615,0.014755352940832597,2.1248033771789703,-4.597219225573851,0.007003296578646762,0.41800329657864677,0.20550000000000002,-1,0.41800329657864677,-5,22.17845444384581,1601.1493666898045,54.80020335535824,3497.523274904225
333,adverse,88.18821771685295,0.06619047619047619,0.11841037702091084,0.0463515439551177,0.015279620654138218,2.2023545718576867,-4.777295073825599,0.037910377020910824,0.44891037702091086,0.20550000000000002,1,0.037910377020910824,-4,18.54061758204708,1918.0885153045756,54.884366225195585,3505.7883844266908
334,adverse,87.77327277900987,0.06603174603174602,0.09977381586691214,0.04014293299524241,0.013684756627762652,1.9492721366260282,-4.235542873435676,0.0,0.40527381586691213,0.20550000000000002,-1,0.40527381586691213,-5,20.071466497621206,1824.2014039172377,54.93123974908561,3536.0527999542455
335,adverse,87.970314306004,0.06587301587301586,0.10724347925183997,0.04270843823114279,0.014374400782994323,2.0517649920943843,-4.470113547368021,0.026743479251839952,0.43774347925184,0.20550000000000002,-1,0.43774347925184,-6,25.625062938685673,1379.3064170683856,55.04895007397545,3569.205170344595
336,adverse,87.96027653674973,0.06571428571428571,0.10610894044350916,0.04236253392531031,0.014299049357746606,2.0356268021936903,-4.445373481556676,0.050608940443509165,0.4616089404435092,0.20550000000000002,1,0.050608940443509165,-5,21.181266962655155,1765.0248704439898,55.147125578560356,3575.0804996561037
337,adverse,88.11024693590561,0.06555555555555555,0.11188963867094293,0.04434194506490957,0.014828796351416552,2.113130270135504,-4.626639381312966,0.03138963867094291,0.44238963867094294,0.20550000000000002,-1,0.44238963867094294,-6,26.605167038945744,1331.2470789984275,55.262705813575884,3608.3011333683876
338,adverse,88.60853103184459,0.0653968253968254,0.1350643474511859,0.051991573880143804,0.01676868260770886,2.410819613972541,-5.295181434357868,0.0795643474511859,0.49056434745118593,0.20550000000000002,0,,-6,31.194944328086283,924.4723169596916,55.344044498246696,3607.5719010208777
339,adverse,87.89789070992111,0.06523809523809523,0.10142305898508841,0.04087981488619907,0.013952754540055925,1.9691380521506643,-4.330496306638134,0.045923058985088416,0.45692305898508845,0.20550000000000002,0,,-6,24.527888931719446,1510.3752195252164,55.461248519564066,3605.471084799523
340,adverse,87.97829394668692,0.06507936507936507,0.10405279242854615,0.0418114556376214,0.014214248338861875,2.0048242617450946,-4.420050502648139,0.048552792428546154,0.4595527924285462,0.20550000000000002,0,,-6,25.08687338257284,1461.1868854967433,55.47108421922983,3605.8555306949247
341,adverse,87.63728844310796,0.0649206349206349,0.08996292351476676,0.036989436191879776,0.012931208405807113,1.8053348442715107,-3.987717801449137,0.03446292351476676,0.4454629235147668,0.20550000000000002,-1,0.4454629235147668,-7,25.892605334315842,1435.0868919527977,55.50520665192238,3641.2705677194544
342,adverse,87.82001411604247,0.06476190476190476,0.09627416415299539,0.039216140026705315,0.013551074768719886,1.8951273167132623,-4.197249980621328,0.06577416415299542,0.47677416415299545,0.20550000000000002,0,,-7,27.45129801869372,1298.1751015254515,55.53258353463131,3641.556566123726
343,adverse,87.41354688352801,0.0646031746031746,0.08082445912470027,0.03382308239182308,0.012076505579847612,1.6692087877535169,-3.7035757159930975,0.050324459124700294,0.4613244591247003,0.20550000000000002,0,,-7,23.676157674276155,1628.1075093325967,55.598583216129036,3641.147306827447
344,adverse,87.26037294959355,0.06444444444444444,0.07522351392618676,0.031838545195877754,0.011523622684524837,1.5833126256931342,-3.5207007812717603,0.044723513926186786,0.4557235139261868,0.20550000000000002,1,0.044723513926186786,-6,19.103127117526654,2022.5797009614485,55.69839208650741,3644.391589384606
345,adverse,87.32225858312015,0.06428571428571428,0.07664729961073213,0.03238150691167413,0.011691752898062402,1.604730302365415,-3.577275362425262,0.02114729961073214,0.43214729961073217,0.20550000000000002,1,0.02114729961073214,-5,16.190753455837065,2274.709153967907,55.76925509570276,3650.1986640886907
346,adverse,87.51090659514159,0.06412698412698412,0.08236699037658468,0.03446378161626751,0.012296022497300706,1.6907829597795987,-3.7792714819365174,0.0018669903765846652,0.4128669903765847,0.20550000000000002,0,,-5,17.231890808133755,2183.58005820364,55.78747727042067,3650.3749499836194
347,adverse,87.53345463021083,0.06396825396825395,0.08254413864649202,0.03455754007786849,0.012335598891706297,1.692898440811161,-3.793325065100869,0.0020441386464919997,0.41304413864649203,0.20550000000000002,1,0.0020441386464919997,-4,13.823016031147395,2481.68655185327,55.86715538754696,3658.6452430097906
348,adverse,87.28843606444451,0.0638095238095238,0.07388157687630015,0.03146312577474286,0.01146416475885771,1.560627942932728,-3.504238856674148,0.0,0.37938157687630014,0.20550000000000002,-1,0.37938157687630014,-5,15.731562887371432,2352.9773204913445,55.92047420159406,3689.220053341304
349,adverse,87.11761408332323,0.06365079365079365,0.06814549684906179,0.029384646042560414,0.010867809861352424,1.4699949121428404,-3.3080088848813918,0.0,0.3986454968490618,0.20550000000000002,-1,0.3986454968490618,-6,17.63078762553625,2227.332851193748,55.97356538715345,3722.397705430809
350,adverse,87.38932209612973,0.06349206349206349,0.07597039627214386,0.032279844500303134,0.01172510688689093,1.5918825588684893,-3.5924493422643535,0.020470396272143865,0.4314703962721439,0.20550000000000002,1,0.020470396272143865,-5,16.139922250151567,2355.5254689150947,56.01962253005174,3727.997134904009
351,adverse,87.38708294447883,0.06333333333333332,0.07532927313072424,0.03207548799168225,0.011678705406149825,1.5815377625238518,-3.5778604651682695,0.0,0.40582927313072426,0.20550000000000002,-1,0.40582927313072426,-6,19.245292795009348,2124.6648489966637,56.09389638472711,3761.257282886492
352,adverse,86.86900708016347,0.06317460317460316,0.059722727551170696,0.026305529768748392,0.009976100923492,1.3316530957561115,-3.0178127035064635,0.004222727551170702,0.41522272755117073,0.20550000000000002,1,0.004222727551170702,-5,13.152764884374196,2653.3685760765643,56.219746754768124,3766.0748381654066
353,adverse,87.12738632033162,0.06301587301587301,0.06634124166842792,0.028818961734171533,0.01074623083382878,1.4393735772460376,-3.2711396418589165,0.0,0.39684124166842794,0.20550000000000002,-1,0.39684124166842794,-6,17.29137704050292,2332.374122794328,56.311864046799535,3799.1218652116813
354,adverse,87.25487406351391,0.06285714285714285,0.06956379123140799,0.030042795416719337,0.011121543594798687,1.4902431300549421,-3.3957323767580276,0.014063791231407996,0.42506379123140803,0.20550000000000002,1,0.014063791231407996,-5,15.021397708359668,2528.9748910719754,56.37147739895013,3804.883160757151
355,adverse,87.52358684005544,0.0626984126984127,0.07746320609513502,0.03296917130837318,0.011988077903755048,1.6121830423548154,-3.684105389575061,0.0,0.40796320609513503,0.20550000000000002,-1,0.40796320609513503,-6,19.781502785023907,2153.046417342269,56.474801692959176,3837.9165705170262
356,adverse,87.4191694427886,0.06253968253968253,0.07352041281080268,0.03155757516689989,0.011591334222862367,1.5511738835926738,-3.5529812830355594,0.01802041281080269,0.4290204128108027,0.20550000000000002,1,0.01802041281080269,-5,15.778787583449944,2501.068431691121,56.5647845006467,3843.6767306450993
357,adverse,87.67438907968297,0.06238095238095238,0.0813517252254421,0.034439443128705005,0.012436449416711398,1.6697518633800763,-3.8355252068722328,0.0008517252254420793,0.4118517252254421,0.20550000000000002,-1,0.4118517252254421,-6,20.663665877223004,2113.8692283344812,56.670440244673735,3876.732475131434
358,adverse,87.34628630502958,0.062222222222222213,0.0701527184376598,0.03037088352360684,0.011267428531786713,1.4976738630097908,-3.4472451268465907,0.014652718437659806,0.42565271843765984,0.20550000000000002,0,,-6,18.222530114164105,2327.050726775417,56.713085073327655,3876.629428266622
359,adverse,87.52155174320767,0.06206349206349206,0.07507424359059378,0.032215356739989265,0.011821837362947079,1.5736539552901792,-3.6321108659016903,0.019574243590593787,0.4305742435905938,0.20550000000000002,1,0.019574243590593787,-5,16.107678369994634,2510.1313897516275,56.77010409459896,3882.363273878763
360,adverse,87.36973553230646,0.0619047619047619,0.06976929885375771,0.030284048118652818,0.011266486723854028,1.4907081999653542,-3.448578128436035,0.0,0.4002692988537577,0.20550000000000002,0,,-5,15.14202405932641,2594.483477697994,56.78697788694671,3882.5534657582857
361,adverse,87.57728094022782,0.061746031746031736,0.07571855858581511,0.0325113374536955,0.01193437090633834,1.5825211715241823,-3.671278915466672,0.0,0.4062185585858151,0.20550000000000002,0,,-5,16.255668726847748,2496.933999788508,56.806483881329726,3882.7019874580214
362,adverse,87.88797314770625,0.06158730158730158,0.08577239717738783,0.03619384199522252,0.013005259379453316,1.73231602832811,-4.030750582510541,0.005272397177387811,0.41627239717738784,0.20550000000000002,1,0.005272397177387811,-4,14.477536798089009,2652.631915996355,56.857739163571296,3890.724322480776
363,adverse,87.65953756368519,0.06142857142857142,0.07724154374503867,0.033130617060708856,0.012141340358420452,1.6046984432469695,-3.7420288986750747,0.0,0.38274154374503866,0.20550000000000002,-1,0.38274154374503866,-5,16.56530853035443,2507.8363631610205,56.91434178448908,3921.3228766591396
364,adverse,87.64315177252251,0.061269841269841266,0.076110396395904,0.0327459379664668,0.012042852319654159,1.5869751315723144,-3.710012466739344,0.0,0.406610396395904,0.20550000000000002,0,,-5,16.3729689832334,2524.690235832383,56.91771323331312,3921.6136431987597
365,adverse,87.65465102641497,0.0611111111111111,0.0758977287061291,0.032698141233376166,0.01204238772714208,1.5832181046208296,-3.7107161416772563,0.0,0.4063977287061291,0.20550000000000002,-1,0.4063977287061291,-6,19.6188847400257,2280.7334918576407,56.99461715589768,3954.881350048374
366,adverse,88.02274036735326,0.060952380952380945,0.08811976398521049,0.037173167418207476,0.013340985715197602,1.7641129807642868,-4.147465931701966,0.03261976398521049,0.4436197639852105,0.20550000000000002,-1,0.4436197639852105,-7,26.021217192745233,1761.4119108555042,57.12732732534393,3990.1869210653795
367,adverse,88.24310703177262,0.06079365079365079,0.09593950067602464,0.03999487096348858,0.014143663720287683,1.8747344507670416,-4.420273556937943,0.06543950067602466,0.4764395006760247,0.20550000000000002,-1,0.4764395006760247,-8,31.995896770790864,1281.7061265791826,57.252772183241134,4028.3718693608093
368,adverse,87.86382355916848,0.060634920634920625,0.08112877806955598,0.03471059096555079,0.012668387188427959,1.6604368770250133,-3.922843868566595,0.07562877806955598,0.486628778069556,0.20550000000000002,0,,-8,27.76847277244063,1653.0694753527619,57.3270597105013,4028.010645082415
369,adverse,88.00522822459604,0.06047619047619047,0.08551584566420445,0.03633832452401059,0.013149516262347068,1.7245237552963546,-4.0855779997961506,0.08001584566420444,0.4910158456642045,0.20550000000000002,-1,0.4910158456642045,-9,32.70449207160953,1267.668675873824,57.43393881149018,4068.8707035075286
370,adverse,88.23629883839676,0.06031746031746031,0.09357652678122985,0.03926803488720798,0.01399025554539876,1.8395910655842624,-4.370926369833165,0.11307652678122981,0.5240765267812298,0.20550000000000002,-1,0.5240765267812298,-10,39.26803488720798,740.7977746911267,57.569767356553335,4112.08730901417
371,adverse,88.8993019635381,0.060158730158730155,0.12203949834246064,0.049193792766500155,0.016675132549237814,2.219845191242882,-5.2935098166669485,0.16653949834246062,0.5775394983424607,0.20550000000000002,0,,-10,49.19379276650015,-141.77165082642102,57.746245945938966,4109.482688711932
372,adverse,88.3737152921611,0.05999999999999999,0.09766457959259656,0.04079596934475532,0.01444664124517045,1.8954939238743072,-4.528047959717173,0.14216457959259654,0.5531645795925966,0.20550000000000002,0,,-10,40.79596934475532,600.2267759494694,57.89467531716839,4107.853576298011
373,adverse,88.20611501241297,0.059841269841269834,0.09034485483971855,0.038221688644552776,0.013744860343485118,1.7918289624544301,-4.290455511280189,0.13484485483971853,0.5458448548397186,0.20550000000000002,1,0.13484485483971853,-9,34.3995197800975,1150.81541524361,58.02751651036266,4103.753043982918
374,adverse,88.62143523447635,0.05968253968253968,0.10668141570742318,0.04404608056061832,0.015368478724788977,2.017036538319245,-4.84535509464545,0.12618141570742314,0.5371814157074232,0.20550000000000002,-1,0.5371814157074232,-10,44.046080560618314,349.45051695569805,58.218494922651935,4146.1959769836385
375,adverse,88.19826574856003,0.05952380952380952,0.08869081531009737,0.03769794241364205,0.013628405828043134,1.766907842769908,-4.2528533160306905,0.13319081531009735,0.5441908153100974,0.20550000000000002,-1,0.5441908153100974,-11,41.467736655006256,631.2095783728646,58.28397601484761,4191.032139021303
376,adverse,87.82531445919868,0.05936507936507936,0.07494677635294522,0.03268649567417792,0.0121908743276827,1.563015789580349,-3.7699152335276334,0.14444677635294523,0.5554467763529453,0.20550000000000002,0,,-11,35.95514524159571,1115.2578237258508,58.38080502972118,4190.588307006915
377,adverse,87.98511487050587,0.0592063492063492,0.07969971725086955,0.03448270041895962,0.012733556259595194,1.6341594732152818,-3.952779830292843,0.14919971725086956,0.5601997172508696,0.20550000000000002,1,0.14919971725086956,-10,34.482700418959624,1229.8451682155094,58.426715675093206,4184.1098083720435
378,adverse,88.30122995747597,0.05904761904761904,0.09056510476489832,0.038485336359413314,0.01389969730580548,1.7918401777815547,-4.347627383156963,0.1350651047648983,0.5460651047648983,0.20550000000000002,1,0.1350651047648983,-9,34.63680272347198,1202.7085132266914,58.44943715969875,4179.672201215312
379,adverse,88.09263502601496,0.05888888888888888,0.08218802358627642,0.0354676636804751,0.01305045896106226,1.6699227387405111,-4.061272559381344,0.10168802358627638,0.5126880235862764,0.20550000000000002,0,,-9,31.92089731242759,1441.9119271141758,58.497287412526816,4179.938662533113
380,adverse,88.2600966501424,0.05873015873015872,0.08763536871410871,0.037496782289547226,0.013650805976444568,1.7486637101515377,-4.265091223357343,0.10713536871410867,0.5181353687141087,0.20550000000000002,0,,-9,33.747104060592505,1280.698506781179,58.529523649346054,4180.349340988789
381,adverse,88.29596906281468,0.058571428571428566,0.0883058354313273,0.03777752767601833,0.013747200299264647,1.7576802112056167,-4.298703334657563,0.10780583543132727,0.5188058354313273,0.20550000000000002,0,,-9,33.9997749084165,1258.3842274551641,58.53398561281856,4180.952049023175
382,adverse,88.76974450121713,0.05841269841269841,0.10703150396450534,0.04451122252706036,0.01564054304245316,2.015798269809063,-4.946669142730096,0.1265315039645053,0.5375315039645053,0.20550000000000002,0,,-9,40.06010027435432,720.3030984197528,58.64158031968427,4180.0996108992695
383,adverse,88.76871666235608,0.058253968253968245,0.10620195520924991,0.04426287649244581,0.015591563717959882,2.003978706624417,-4.93079011843463,0.12570195520924987,0.5367019552092499,0.20550000000000002,0,,-9,39.836588843201234,740.1399531579982,58.645548484264836,4180.801061286579
384,adverse,89.07879721833535,0.05809523809523809,0.11984228248378859,0.049059156377114166,0.01689747116342702,2.1810668148851446,-5.3835221227404055,0.13934228248378855,0.5503422824837886,0.20550000000000002,1,0.13934228248378855,-8,39.24732510169133,778.66613206663,58.67604666533246,4178.896820175244
385,adverse,88.79490013749353,0.05793650793650793,0.10579333163162596,0.04420584666114452,0.015613377654927473,1.9970238756013028,-4.940268903423181,0.10029333163162596,0.5112933316316259,0.20550000000000002,0,,-8,35.36467732891562,1123.3565014550604,58.74499852958299,4178.924827965503
386,adverse,88.73645561895097,0.05777777777777777,0.10246680741256409,0.04306995245516637,0.01531988346707302,1.9515446087725838,-4.840324949386099,0.09696680741256408,0.5079668074125641,0.20550000000000002,0,,-8,34.455961964133095,1203.9765548562161,58.76112576571045,4179.503048564724
387,adverse,88.70563716878344,0.05761904761904761,0.1003866480219977,0.04237063973686889,0.015144558070137093,1.9225743826152437,-4.7811229168330875,0.0948866480219977,0.5058866480219977,0.20550000000000002,0,,-8,33.89651178949511,1253.593013784825,58.77105104255154,4180.09537145357
388,adverse,89.06225444947053,0.057460317460317455,0.11564969249207468,0.04779894392787637,0.01664370725562295,2.1240439045013133,-5.2993996559185295,0.11014969249207468,0.5211496924920747,0.20550000000000002,0,,-8,38.239155142301094,866.7500533924622,58.84840416400572,4179.895664615202
389,adverse,89.24398949433098,0.0573015873015873,0.12373044117566057,0.05064436226204522,0.017418885293379722,2.225886399469692,-5.570194482232371,0.11823044117566056,0.5292304411756605,0.20550000000000002,1,0.11823044117566056,-7,35.45105358343165,1103.6785512425226,58.9181684252515,4180.860695982299
390,adverse,89.00707988086651,0.057142857142857134,0.11138688904010507,0.046401855852452545,0.016307733353248397,2.067105728329027,-5.184970238449306,0.0808868890401051,0.49188688904010514,0.20550000000000002,0,,-7,32.48129909671678,1367.9548602331497,58.97103426021662,4181.049621240863
391,adverse,89.22091183385886,0.05698412698412698,0.12081439390540716,0.049738559306213126,0.017222298784249884,2.1874410839642633,-5.503666031430059,0.09031439390540719,0.5013143939054072,0.20550000000000002,-1,0.5013143939054072,-8,39.7908474449705,765.7712979850716,59.1214671739616,4219.295474542987
392,adverse,89.4632350300878,0.05682539682539682,0.1324488255538574,0.05378393298167666,0.018302603786927,2.3307869808966175,-5.882707010524317,0.1269488255538574,0.5379488255538574,0.20550000000000002,1,0.1269488255538574,-7,37.64875308717367,944.6567786796915,59.179794912159245,4220.121846819553
393,adverse,89.42745051506478,0.05666666666666666,0.12961270653484558,0.05286999028924805,0.01808816835347543,2.2952076818161022,-5.8084655682652135,0.09911270653484561,0.5101127065348456,0.20550000000000002,1,0.09911270653484561,-6,31.72199417354883,1464.6344445012187,59.30579790005183,4223.683884774522
394,adverse,89.34564668380756,0.05650793650793651,0.1244483319767502,0.05114769644985223,0.017659313247009128,2.230427357678022,-5.65930770161284,0.06894833197675021,0.47994833197675024,0.20550000000000002,0,,-6,30.68861786991134,1556.9436530826097,59.32426343487507,4224.1690633160415
395,adverse,89.28402875395842,0.05634920634920634,0.12044878776451906,0.049812903784984874,0.01732744440071222,2.179354633882048,-5.54443337383056,0.06494878776451907,0.4759487877645191,0.20550000000000002,1,0.06494878776451907,-5,24.906451892492438,2066.5805966795097,59.44751444955268,4230.104569725627
396,adverse,88.7512070788209,0.05619047619047618,0.09550364446707782,0.04098734238506524,0.01492137426391067,1.8491753882448168,-4.713532666760373,0.015003644467077804,0.42600364446707784,0.20550000000000002,0,,-5,20.49367119253262,2458.1418824523284,59.52584237229179,4229.228116032518
397,adverse,88.80976673256323,0.05603174603174603,0.09716902066707389,0.041635232591446636,0.015123685480504816,1.871420070897908,-4.783912828809499,0.016669020667073875,0.4276690206670739,0.20550000000000002,1,0.016669020667073875,-4,16.654093036578654,2797.378822359262,59.614040780368136,4237.557331813388
398,adverse,88.88273534856235,0.055873015873015866,0.09947234678385053,0.04251367485875929,0.01539062267705444,1.9021780210631614,-4.876630663254499,0.0,0.4049723467838505,0.20550000000000002,-1,0.4049723467838505,-5,21.256837429379644,2428.669724392889,59.71586168271662,4268.299406583928
399,adverse,88.61121243145082,0.0557142857142857,0.08777155998307062,0.038268441877392034,0.014193855538823725,1.7386106551384217,-4.467913762219192,0.007271559983070608,0.41827155998307064,0.20550000000000002,0,,-5,19.134220938696018,2616.719727635203,59.75347920686991,4268.340463952774
400,adverse,88.84304581487879,0.05555555555555555,0.09627249539996985,0.041437138568990284,0.015124119529355527,1.8569598143050154,-4.7870926051963085,0.015772495399969833,0.42677249539996986,0.20550000000000002,-1,0.42677249539996986,-6,24.86228314139417,2150.3767047718716,59.875258905410874,4301.45416772526
401,adverse,88.41323612853986,0.05539682539682539,0.0791412161124927,0.03511037521007421,0.013295836219002878,1.6121043121990128,-4.164895696438727,0.023641216112492702,0.43464121611249273,0.20550000000000002,0,,-6,21.066225126044525,2485.9313540858825,59.942383260144624,4300.979760824341
402,adverse,88.24074815198472,0.055238095238095225,0.07265578225257263,0.032669964481962355,0.012573332397665012,1.5142078248287425,-3.9220386147690234,0.017155782252572638,0.42815578225257267,0.20550000000000002,0,,-6,19.601978689177415,2615.1117139137004,59.96822450035823,4301.211509354433
403,adverse,88.0923958047906,0.055079365079365075,0.06735399247349072,0.03064817021845173,0.011964064889702615,1.431866602117746,-3.71847505021906,0.011853992473490726,0.42285399247349076,0.20550000000000002,1,0.011853992473490726,-5,15.324085109225866,2990.680839143325,60.06359447924941,4306.939213694803
404,adverse,88.71165418143786,0.05492063492063491,0.08805859139273542,0.03857501678462155,0.014373040148197685,1.739416455559451,-4.5340236458491905,0.007558591392735403,0.41855859139273544,0.20550000000000002,1,0.007558591392735403,-4,15.43000671384862,2980.506619948263,60.08547377540134,4314.104603007372
405,adverse,88.21205715394399,0.05476190476190476,0.06988426400046377,0.031699238782128825,0.012321349186506195,1.4701130844789743,-3.8401671834261513,0.0,0.37538426400046376,0.20550000000000002,-1,0.37538426400046376,-5,15.849619391064412,2981.0027459037374,60.11287675489436,4344.188145496339
406,adverse,88.38676196068438,0.0546031746031746,0.07496910338883689,0.03369899236297913,0.01295201688827436,1.5469909541021487,-4.053520124637659,0.0,0.4054691033888369,0.20550000000000002,0,,-5,16.849496181489563,2892.6091988640433,60.130551929267426,4344.3970553204035
407,adverse,88.68045212837869,0.054444444444444434,0.08473522726085347,0.03745062388922071,0.014096513911172849,1.6899704993648241,-4.442730517889873,0.004235227260853458,0.4152352272608535,0.20550000000000002,-1,0.4152352272608535,-6,22.470374333532426,2435.5510133052658,60.25024433244376,4377.392832340325
408,adverse,88.79814423099624,0.054285714285714284,0.08851078316657901,0.038907317648979256,0.014544039976153103,1.743156689455822,-4.596500961649706,0.033010783166579016,0.44401078316657905,0.20550000000000002,-1,0.44401078316657905,-7,27.23512235428548,2056.746689494346,60.354864488838004,4413.2174642424125
409,adverse,89.16856398834538,0.05412698412698412,0.10313990925619043,0.04434406301714633,0.016126313551423813,1.9432581860147466,-5.14178593893414,0.07263990925619046,0.4836399092561905,0.20550000000000002,-1,0.4836399092561905,-8,35.47525041371706,1370.1833422031516,60.52181656606592,4450.948551316305
410,adverse,88.85315004826924,0.05396825396825396,0.08919326005477313,0.03924579664411065,0.014680884724427265,1.7514360548382966,-4.645368759488959,0.08369326005477312,0.49469326005477315,0.20550000000000002,1,0.08369326005477312,-7,27.472057650877456,2072.760681842,60.684038343550284,4451.304260391777
411,adverse,88.14073417763736,0.05380952380952381,0.06412642383336387,0.029633274099461704,0.011764709929528194,1.3770564100583467,-3.6592170974755165,0.03362642383336387,0.4446264238333639,0.20550000000000002,0,,-7,20.743291869623192,2665.7204222399005,60.80265401476411,4449.16090020615
412,adverse,88.37893470722499,0.05365079365079364,0.07089906928561174,0.03233337654723106,0.012629668038895713,1.4819161894475,-3.9506127774849715,0.04039906928561174,0.4513990692856118,0.20550000000000002,1,0.04039906928561174,-6,19.40002592833864,2780.353184947982,60.846397297347956,4452.367368215727
413,adverse,88.00634715261418,0.05349206349206348,0.05914448245480042,0.02770160175530889,0.01117333226454564,1.296158424636577,-3.463682844110798,0.003644482454800424,0.41464448245480046,0.20550000000000002,1,0.003644482454800424,-5,13.850800877654446,3268.23808953575,60.964070702595656,4457.62423868894
414,adverse,87.9045253107132,0.05333333333333333,0.055851810627143283,0.02639578393995362,0.010760431384161244,1.2416777755706117,-3.327337872277415,0.0,0.3863518106271433,0.20550000000000002,0,,-5,13.19789196997681,3325.6202584067687,60.97554943211576,4457.848781816082
415,adverse,87.53918186182995,0.053174603174603166,0.046436233437566754,0.022525174642083146,0.009472627156625285,1.0807809956557124,-2.9032808936862455,0.0,0.37693623343756677,0.20550000000000002,0,,-5,11.262587321041572,3495.001361030831,61.00943242924,4457.700924043446
416,adverse,87.86421195133003,0.053015873015873016,0.05375979868270431,0.025595964082090306,0.010523179627938008,1.2059657363856886,-3.250472388699745,0.0,0.3842597986827043,0.20550000000000002,-1,0.3842597986827043,-6,15.357578449254184,3173.532211837327,61.101393062925624,4490.657860552153
417,adverse,88.1322315303317,0.05285714285714285,0.06044358207069633,0.02834779836786655,0.011441806215997583,1.3153030793637874,-3.5569130581321406,0.00494358207069634,0.41594358207069637,0.20550000000000002,1,0.00494358207069634,-5,14.173899183933274,3277.317284640159,61.14225712193941,4496.272858170798
418,adverse,87.90809991290091,0.05269841269841269,0.05384994430356427,0.02568927704279167,0.01058174637463598,1.2066205009621298,-3.2716733732279994,0.0,0.3843499443035643,0.20550000000000002,-1,0.3843499443035643,-6,15.413566225675002,3206.7337095515204,61.184052476772244,4529.401062750135
419,adverse,88.18818058378217,0.05253968253968254,0.06090120348549677,0.028595193874057234,0.011552253310846717,1.3217001656112335,-3.5956974479212986,0.005401203485496775,0.4164012034854968,0.20550000000000002,-1,0.4164012034854968,-7,20.016635711840063,2842.3363195498314,61.28523974138937,4564.9361619455185
420,adverse,88.22536888890434,0.052380952380952375,0.061395691563901345,0.028826659397843346,0.011642656268784917,1.3291391897003,-3.6268819705919895,0.030895691563901345,0.4418956915639014,0.20550000000000002,0,,-7,20.178661578490342,2828.0386687366954,61.28809869976032,4565.331546088635
421,adverse,88.18144890227778,0.05222222222222221,0.05957510833816837,0.0281206504909417,0.011427939205571308,1.29937875585508,-3.556045257832746,0.02907510833816837,0.44007510833816843,0.20550000000000002,0,,-7,19.68445534365919,2871.609774616277,61.29681466412911,4565.710991835611
422,adverse,88.19876280031993,0.05206349206349206,0.05949705820489459,0.028120192407861844,0.01144294459980626,1.2976396502840222,-3.5620047430175683,0.028997058204894594,0.43999705820489465,0.20550000000000002,-1,0.43999705820489465,-8,22.496153926289473,2667.5515464140913,61.36641233140019,4604.086843914467
423,adverse,88.13515433334362,0.0519047619047619,0.05717974836737971,0.027204435478599298,0.011156565501594135,1.2594881704425034,-3.4673662001244208,0.05167974836737971,0.46267974836737974,0.20550000000000002,0,,-8,21.76354838287944,2732.106935387471,61.379325991926976,4604.496832259837
424,adverse,88.32602458907233,0.051746031746031734,0.06199252146450274,0.029197342977645757,0.011825412148261627,1.3366839579996075,-3.6919339315401567,0.05649252146450273,0.46749252146450276,0.20550000000000002,0,,-8,23.357874382116606,2591.2582938803694,61.4074900874093,4604.772463732062
425,adverse,88.42222698259863,0.051587301587301584,0.06425201726525964,0.03014352335874193,0.012147990662180646,1.3719181123603539,-3.801207856037523,0.05875201726525964,0.46975201726525967,0.20550000000000002,0,,-8,24.114818686993544,2524.3142066011274,61.4208762276371,4605.198564374474
426,adverse,88.31273735005801,0.05142857142857142,0.06044408824792491,0.028633247286419916,0.011672814775781014,1.310945928587938,-3.6427332296989405,0.054944088247924905,0.46594408824792494,0.20550000000000002,0,,-8,22.906597829135933,2630.994157623712,61.44221648589327,4605.583244693263
427,adverse,88.62622991029863,0.05126984126984126,0.06937079356504938,0.032265460664741064,0.012861211800416194,1.4501951382977405,-4.043681439125238,0.06387079356504938,0.4748707935650494,0.20550000000000002,0,,-8,25.81236853179285,2373.415149762958,61.49372198636532,4605.57142293895
428,adverse,88.43471153652625,0.05111111111111111,0.06282299001419167,0.02966701838026453,0.012042515376603674,1.3478330150962305,-3.768713569332693,0.057322990014191666,0.4683229900141917,0.20550000000000002,-1,0.4683229900141917,-9,26.700316542238077,2341.6863175159883,61.52942707159796,4646.3804178499795
429,adverse,88.5237202512194,0.05095238095238094,0.06489606882430721,0.0305409470031206,0.012342671490330246,1.3799107516801972,-3.8706915419758525,0.08439606882430717,0.4953960688243072,0.20550000000000002,0,,-9,27.48685230280854,2272.0453204653413,61.54335248592522,4646.877282363874
430,adverse,88.65509849372964,0.050793650793650794,0.06837496559944656,0.03197704542965585,0.012821752484014123,1.4332510952269806,-4.0333949256145205,0.08787496559944652,0.49887496559944655,0.20550000000000002,-1,0.49887496559944655,-10,31.97704542965585,1923.7546874059867,61.64296818870852,4690.307833911147
431,adverse,89.11824310932333,0.05063492063492063,0.08388315769736421,0.03812455436693907,0.01475864524593888,1.6618349600804083,-4.694202636037282,0.1283831576973642,0.5393831576973642,0.20550000000000002,0,,-10,38.124554366939066,1375.7899203772452,61.75253922790643,4689.500067187371
432,adverse,88.95893070392071,0.050476190476190466,0.07728829416748662,0.035593750281107006,0.013999506854347388,1.565800572064285,-4.435553642069351,0.1217882941674866,0.5327882941674866,0.20550000000000002,1,0.1217882941674866,-9,32.034375252996306,1905.2585575678415,61.88089439226078,4685.442861091795
433,adverse,89.50706897592507,0.050317460317460316,0.09818437050470141,0.043679572654241106,0.016460744188142657,1.8579793442091372,-5.283863200306003,0.11768437050470137,0.5286843705047014,0.20550000000000002,-1,0.5286843705047014,-10,43.679572654241106,915.5710420894238,62.109359889667076,4727.017193986811
434,adverse,89.56215329152116,0.05015873015873015,0.09976353532386506,0.044324947811930526,0.01667266748737678,1.8782729603163024,-5.358623590978229,0.14426353532386504,0.5552635353238651,0.20550000000000002,0,,-10,44.32494781193053,857.7582930481435,62.12092012742778,4727.8325282950755
435,adverse,89.50033121527832,0.04999999999999999,0.09622230302646795,0.04303826203215455,0.016318117795691152,1.8299843874998305,-5.236627777112966,0.14072230302646793,0.551722303026468,0.20550000000000002,1,0.14072230302646793,-9,38.7344358289391,1343.918666351384,62.240990662255925,4724.063429754556
436,adverse,89.28770914878031,0.04984126984126984,0.0866579764068649,0.03942281894416522,0.015258027087086777,1.6975746152797628,-4.871345987276822,0.10615797640686486,0.5171579764068649,0.20550000000000002,0,,-9,35.4805370497487,1634.3937275137487,62.29909729581511,4724.377421288056
437,adverse,89.47201273012197,0.049682539682539675,0.09336834685701056,0.04205105234516682,0.01607093282860316,1.7896879734730033,-5.1532170205631544,0.11286834685701053,0.5238683468570106,0.20550000000000002,1,0.11286834685701053,-8,33.64084187613345,1787.6552025752965,62.35201754181376,4722.87435768312
438,adverse,89.48690256764564,0.04952380952380951,0.09317581191522528,0.04202667356408579,0.016086435818932147,1.7862854406900441,-5.159721365175086,0.08767581191522528,0.4986758119152253,0.20550000000000002,1,0.08767581191522528,-7,29.418671494860053,2156.621005126879,62.44758333172037,4723.983726516337
439,adverse,89.13863770656364,0.04936507936507936,0.07875268218909248,0.03646498336104248,0.014410241779479072,1.5826363033927384,-4.583527499630857,0.04825268218909251,0.45925268218909254,0.20550000000000002,0,,-7,25.525488352729734,2503.584640150208,62.5169899400467,4723.76502117493
440,adverse,88.7841240314264,0.0492063492063492,0.06605509899712514,0.03140772929068697,0.01281631769595938,1.3919161325649811,-4.04189947876618,0.03555509899712514,0.4465550989971252,0.20550000000000002,0,,-7,21.985410503480878,2817.824490456654,62.57985048221642,4723.541334181537
441,adverse,88.60975390733307,0.049047619047619034,0.06016783918160851,0.029020812660914552,0.012046608502488619,1.2989840508187562,-3.7831204947377994,0.029667839181608507,0.44066783918160857,0.20550000000000002,1,0.029667839181608507,-6,17.412487596548733,3219.962238844273,62.680891596900516,4726.777776179981
442,adverse,88.39814573268072,0.048888888888888885,0.05373531192288761,0.02635710374763922,0.011162455503484808,1.194027280669773,-3.487545453687374,0.0,0.40923531192288765,0.20550000000000002,0,,-6,15.814262248583532,3361.2141400359205,62.709147628345136,4726.924411787306
443,adverse,88.73824746316261,0.04873015873015872,0.06274622047870171,0.03015920859596638,0.012459907940863737,1.3387281194669358,-3.9245237926275576,0.007246220478701715,0.41824622047870175,0.20550000000000002,0,,-6,18.09552515757983,3158.7383804343635,62.74963468285455,4726.855837556346
444,adverse,89.16933633464346,0.04857142857142857,0.07623963270370737,0.03568073713607661,0.01426620644952103,1.5426893504282957,-4.539736827058151,0.020739632703707378,0.4317396327037074,0.20550000000000002,0,,-6,21.408442281645968,2863.268677025453,62.80871680711148,4726.50148761612
445,adverse,89.44241277884483,0.04841269841269841,0.08574243978597496,0.03948707108593991,0.015475218887281572,1.67819001998348,-4.956377696201897,0.03024243978597496,0.441242439785975,0.20550000000000002,0,,-6,23.692242651563944,2658.959207911693,62.84957053018962,4726.605090937843
446,adverse,89.55484278016762,0.048253968253968244,0.08946600192564524,0.040990032852392,0.015958129192764643,1.7292237581426366,-5.1244658914039825,0.03396600192564525,0.4449660019256453,0.20550000000000002,1,0.03396600192564525,-5,20.495016426196,2941.8124342461942,62.92683594857871,4732.507407108307
447,adverse,89.41909960598248,0.048095238095238094,0.08327071532949937,0.0386090333103154,0.015248520016195692,1.6419063766547397,-4.880484069353471,0.0027707153294993514,0.4137707153294994,0.20550000000000002,1,0.0027707153294993514,-4,15.44361332412616,3393.1169414637698,63.037174332005506,4740.762653438285
448,adverse,89.435731001855,0.04793650793650793,0.08313745749334744,0.03860328211417419,0.015269051153619173,1.6393005967712395,-4.888707505123209,0.0,0.38863745749334744,0.20550000000000002,0,,-4,15.441312845669675,3393.322645287185,63.03721548099999,4741.072764270647
449,adverse,89.71473350566873,0.047777777777777766,0.09367032726919877,0.04277534461614174,0.016571142763063058,1.7842839920032265,-5.340684295802471,0.0,0.39917032726919877,0.20550000000000002,0,,-4,17.110137846456695,3243.5745114359374,63.06715911904263,4741.137837668377
450,adverse,90.39113061556161,0.047619047619047616,0.12561365466770624,0.05485889198492666,0.020100741267260084,2.1897898945948264,-6.5829765985937945,0.020113654667706232,0.43111365466770624,0.20550000000000002,0,,-4,21.943556793970664,2806.588928390791,63.15453875972352,4739.846374857505
451,adverse,90.68213170836056,0.04746031746031745,0.14131421458900206,0.060616000935732384,0.02170813033266774,2.3722176456205015,-7.158309581643474,0.03581421458900205,0.44681421458900206,0.20550000000000002,1,0.03581421458900205,-3,18.184800280719713,3143.7713897155327,63.24270917036238,4750.413579485289
452,adverse,90.59190951485073,0.04730158730158729,0.13482803569753354,0.05835340888906737,0.021126730353896853,2.2963858550663625,-6.951231212640174,0.004328035697533539,0.41532803569753357,0.20550000000000002,-1,0.41532803569753357,-4,23.34136355562695,2718.047851094566,63.356137753083985,4778.655332000143
453,adverse,90.60349855901158,0.04714285714285714,0.13440008833896933,0.05827008007560974,0.021135822928353,2.2902507219380457,-6.955702819620462,0.028900088338969315,0.4399000883389693,0.20550000000000002,0,,-4,23.308032030243897,2721.0671999160163,63.35674174364639,4779.096411046027
454,adverse,90.44883639310723,0.046984126984126975,0.1245847662976205,0.05475023153534242,0.020191521262621547,2.173122467049809,-6.620142920461752,0.019084766297620487,0.4300847662976205,0.20550000000000002,1,0.019084766297620487,-3,16.425069460602725,3341.5701674565375,63.501252934718664,4789.823157954729
455,adverse,90.19897669414384,0.046825396825396826,0.11054937907112894,0.04957486602107086,0.018743471383321473,1.9993680434608883,-6.1086031581818485,0.0,0.39104937907112897,0.20550000000000002,0,,-3,14.87245980632126,3481.58596071777,63.52926169512299,4789.901802451393
456,adverse,90.13981052351456,0.04666666666666666,0.1066987467715812,0.048174089589897995,0.01836222327932027,1.9495005316309952,-5.975572731723126,0.0,0.3871987467715812,0.20550000000000002,-1,0.3871987467715812,-4,19.2696358359592,3123.845949121994,63.62853381795301,4818.12777352385
457,adverse,90.2014729524258,0.0465079365079365,0.10873879898506278,0.04901159701156482,0.018635998665099473,1.9745358888217839,-6.073190140773444,0.0032387989850627685,0.4142387989850628,0.20550000000000002,0,,-4,19.604638804625928,3093.6221443525765,63.634577370196446,4818.4939216360945
458,adverse,90.78698938259109,0.04634920634920635,0.13966586004030557,0.06054775407465396,0.02192209025190954,2.3449280615249464,-7.243686111282098,0.03416586004030556,0.44516586004030556,0.20550000000000002,1,0.03416586004030556,-3,18.164326222396188,3220.9210491304275,63.68072969881855,4828.105783012939
459,adverse,90.80309016488114,0.046190476190476185,0.1394898750273308,0.06056011178417786,0.02195933666754681,2.3416983229273014,-7.258305290725082,0.008989875027330785,0.4199898750273308,0.20550000000000002,-1,0.4199898750273308,-4,24.224044713671145,2712.548823863216,63.810777931725966,4856.370990145877
460,adverse,91.23835835636605,0.04603174603174602,0.16670873335960668,0.07032987961185716,0.024585472177775885,2.637843089711485,-8.210183617759402,0.06120873335960664,0.47220873335960667,0.20550000000000002,0,,-4,28.131951844742865,2355.9264824088464,63.882088137975586,4855.956092739686
461,adverse,91.80844600903778,0.04587301587301587,0.2094771555555992,0.08500022098491017,0.02826283068056551,3.0598226430687983,-9.566110084545922,0.10397715555559917,0.5149771555555992,0.20550000000000002,-1,0.5149771555555992,-5,42.500110492455086,1088.0220568431378,64.16591180146715,4885.152578590041
462,adverse,91.83340163327186,0.04571428571428571,0.2100802289107664,0.08530814577523582,0.02838096256038152,3.063644953286741,-9.611134378980335,0.12958022891076637,0.5405802289107664,0.20550000000000002,1,0.12958022891076637,-4,34.12325831009433,1844.1650098711693,64.33976676764419,4893.787803733637
463,adverse,92.35516584776538,0.045555555555555544,0.2568765652614946,0.10062579623284751,0.03194187926943367,3.4752193965374487,-10.951035601732052,0.15137656526149457,0.5623765652614946,0.20550000000000002,0,,-4,40.250318493139005,1278.1861773749656,64.45293989951706,4892.760391129598
464,adverse,92.58780852772219,0.045396825396825394,0.2793285415681872,0.10781362346630602,0.033554228543166316,3.656271043278595,-11.566720035061804,0.17382854156818717,0.5848285415681872,0.20550000000000002,0,,-4,43.125449386522405,1011.9308683125148,64.5061803132468,4893.090302156551
465,adverse,92.45095866423782,0.04523809523809523,0.26310982283919593,0.10285832940627615,0.0325362031395964,3.5225085070817097,-11.178624093616168,0.1576098228391959,0.5686098228391959,0.20550000000000002,0,,-4,41.143331762510456,1195.1428931027956,64.54283004815184,4893.639428051994
466,adverse,92.5369081809651,0.045079365079365066,0.2702609896785031,0.10524642351602881,0.0331096077556165,3.5786549601717743,-11.398059342115817,0.16476098967850306,0.5757609896785031,0.20550000000000002,1,0.16476098967850306,-3,31.573927054808642,2063.9928142930867,64.73993467310845,4904.668106172853
467,adverse,92.54380087657881,0.044920634920634916,0.2691761701917734,0.10503884858089174,0.03311823313039457,3.5675144539164276,-11.402088823919351,0.13867617019177342,0.5496761701917734,0.20550000000000002,0,,-3,31.511654574267524,2069.7545937459668,64.7410872595163,4905.210028900982
468,adverse,92.4674063048967,0.04476190476190475,0.25947246926638456,0.10209608599848918,0.03252660688931215,3.485641381878652,-11.1773322751018,0.12897246926638456,0.5399724692663845,0.20550000000000002,1,0.12897246926638456,-2,20.419217199697837,3082.32112266256,64.96622504224149,4918.538682041678
469,adverse,92.40201277160001,0.0446031746031746,0.251120643007507,0.09955266940936797,0.03201313849177066,3.4136179862258986,-10.98306251208317,0.095620643007507,0.5066206430075071,0.20550000000000002,1,0.095620643007507,-1,9.955266940936797,4039.435745800144,65.17960305533177,4934.210384520523
470,adverse,92.44845648639983,0.04444444444444444,0.25401668150787593,0.10061255054681184,0.03230295267447093,3.435714466742694,-11.09392431983063,0.07351668150787594,0.48451668150787597,0.20550000000000002,0,,-1,10.061255054681183,4029.6353485910663,65.18156274283608,4934.381180561542
471,adverse,92.58958727626786,0.044285714285714275,0.2667197257852436,0.10480189509864724,0.033283836652589265,3.538175439856015,-11.468305112224416,0.08621972578524362,0.49721972578524365,0.20550000000000002,0,,-1,10.480189509864724,3990.8386224961537,65.18932053649633,4934.523071213076
472,adverse,92.30043873396376,0.044126984126984126,0.23608551689313906,0.09505150751565455,0.031145379003549325,3.278411229643306,-10.657406613993924,0.055585516893139064,0.4665855168931391,0.20550000000000002,-1,0.4665855168931391,-2,19.01030150313091,3249.9866281412665,65.36678715238199,4957.428693966553
473,adverse,92.29680781864259,0.04396825396825396,0.2340518699644445,0.09450818201598365,0.03107124001077432,3.258586081539442,-10.630377076064642,0.07855186996444447,0.4895518699644445,0.20550000000000002,1,0.07855186996444447,-1,9.450818201598366,4124.244772313269,65.5632491110074,4973.119936598679
474,adverse,91.80189775404504,0.0438095238095238,0.1894612128234341,0.07959507736293148,0.02752653263131305,2.845649398925929,-9.307231226101205,0.008961212823434067,0.4199612128234341,0.20550000000000002,-1,0.4199612128234341,-2,15.919015472586295,3572.3093505144807,65.70200766791224,4995.812938709222
475,adverse,91.8858226308553,0.04365079365079365,0.19472881638166584,0.0815191724583339,0.02805296086733026,2.894848880626979,-9.503441686565063,0.03922881638166581,0.45022881638166584,0.20550000000000002,0,,-2,16.30383449166678,3536.942866499845,65.70907955033869,4996.088347527626
476,adverse,92.08760736313816,0.043492063492063485,0.21016785764966528,0.08690069414930934,0.02942097331768169,3.038277652419564,-10.013918505853836,0.05466785764966525,0.4656678576496653,0.20550000000000002,-1,0.4656678576496653,-3,26.070208244792802,2683.9477883269765,65.90895194864659,5021.640531753804
477,adverse,92.14031092370797,0.04333333333333332,0.21317849760886354,0.08803562415048233,0.029744614404098504,3.0639933549491984,-10.13600899297064,0.08267849760886353,0.49367849760886356,0.20550000000000002,-1,0.49367849760886356,-4,35.214249660192934,1890.592312009809,66.09745891246943,5049.972825601518
478,adverse,92.23269773356334,0.04317460317460317,0.21979270094627879,0.0903831654736919,0.03035808557609295,3.1219834031723552,-10.366985014404456,0.11429270094627875,0.5252927009462788,0.20550000000000002,0,,-4,36.15326618947676,1803.9669626920115,66.11478051801188,5050.563154848565
479,adverse,92.424270168278,0.04301587301587301,0.23594544398388173,0.09589091142030304,0.031707324678927874,3.26225895683482,-10.876189991419027,0.1304454439838817,0.5414454439838817,0.20550000000000002,1,0.1304454439838817,-3,28.76727342609091,2473.4108799196188,66.27130951613671,5061.421497862205
480,adverse,92.20709970014408,0.042857142857142844,0.21422587516041514,0.08874644052411768,0.030067376873203117,3.0676479034120483,-10.260047931574423,0.08372587516041513,0.49472587516041516,0.20550000000000002,0,,-3,26.623932157235302,2671.0026357320075,66.31083577255048,5061.65044001595
481,adverse,92.12880235460179,0.042698412698412694,0.20577544522587843,0.0859865250289148,0.029446112435409316,2.988054943827702,-10.028747455982575,0.07527544522587842,0.48627544522587846,0.20550000000000002,0,,-3,25.795957508674437,2747.267692421342,66.32609183510085,5062.085729717952
482,adverse,92.29442740304691,0.04253968253968253,0.2187642773170584,0.09052554107558691,0.030599083397384645,3.104642889137824,-10.461605923061446,0.08826427731705838,0.4992642773170584,0.20550000000000002,-1,0.4992642773170584,-4,36.210216430234766,1835.8038205477658,66.53832744789935,5090.299301189862
483,adverse,92.6206263209142,0.04238095238095238,0.24815953957044634,0.1004463745307485,0.032978721239883,3.357205932717859,-11.361753399895221,0.1426595395704463,0.5536595395704463,0.20550000000000002,-1,0.5536595395704463,-5,50.22318726537425,593.0000611104138,66.8179054749728,5120.623351676715
484,adverse,92.74917372528499,0.04222222222222222,0.259485751902492,0.10428649866013895,0.03390749395520901,3.4483783526898875,-11.716486668015483,0.178985751902492,0.589985751902492,0.20550000000000002,0,,-5,52.14324933006947,414.8802742746668,66.85352230897315,5121.380689038884
485,adverse,93.58762958116615,0.04206349206349205,0.357340417072221,0.13493800582176935,0.040386000459702885,4.166113491392898,-14.234219024640383,0.27684041707222096,0.687840417072221,0.20550000000000002,1,0.27684041707222096,-4,53.97520232870774,215.6938042930509,66.90781193670249,5124.168879571759
486,adverse,93.55688996870619,0.0419047619047619,0.35096808709615424,0.13320695255620024,0.04011825018500822,4.120168183799227,-14.128451144817365,0.2454680870961542,0.6564680870961542,0.20550000000000002,1,0.2454680870961542,-3,39.96208576686007,1501.888395158013,67.19001665756157,5135.326430039294
487,adverse,93.88681381779068,0.04174603174603174,0.39474057948621777,0.1463702341037581,0.04270348041302282,4.39992936450271,-15.156081482206911,0.26424057948621776,0.6752405794862177,0.20550000000000002,1,0.26424057948621776,-2,29.27404682075162,2478.709566635449,67.41070984208368,5148.2084342914
488,adverse,94.30670796606373,0.041587301587301576,0.4574447601857017,0.16448828328721327,0.046004957292541865,4.7644039369491455,-16.490594716607355,0.3019447601857017,0.7129447601857017,0.20550000000000002,0,,-2,32.89765665744265,2136.9105058407417,67.47905598501403,5147.891252964878
489,adverse,94.26162901978714,0.041428571428571426,0.4474820951527523,0.1619125855082832,0.045644509773471204,4.7045319048226455,-16.34251319274851,0.29198209515275225,0.7029820951527523,0.20550000000000002,0,,-2,32.38251710165664,2185.458687962921,67.48876756375421,5148.391082695642
490,adverse,93.98859864861703,0.04126984126984126,0.40249505633233973,0.14923690580519222,0.04346344558181998,4.436753809648807,-15.459556254955714,0.2469950563323397,0.6579950563323398,0.20550000000000002,1,0.2469950563323397,-1,14.923690580519223,3801.3416349729487,67.83695369150841,5163.748893668282
491,adverse,93.59672847894159,0.0411111111111111,0.34501561562506744,0.13231736205905148,0.04029999718579619,4.0639054920444355,-14.200429427486815,0.16451561562506745,0.5755156156250675,0.20550000000000002,0,,-1,13.231736205905149,3959.6713568936198,67.86862597034832,5163.617016300198
492,adverse,93.64974143823831,0.04095238095238095,0.34980708676949135,0.13396028519031689,0.040699350552531925,4.092963128441128,-14.35808895745554,0.16930708676949136,0.5803070867694914,0.20550000000000002,0,,-1,13.396028519031688,3944.2823470625003,67.87170315687723,5163.836245492135
493,adverse,94.0166775790168,0.040793650793650785,0.39930270797187006,0.14892306397118993,0.04364191989321123,4.406200470495171,-15.529727010210134,0.21880270797187007,0.6298027079718701,0.20550000000000002,0,,-1,14.892306397118993,3803.579137214784,67.89983817184378,5163.774035363463
494,adverse,94.10623666557919,0.040634920634920635,0.41030536131196627,0.15234675451889745,0.04435176515245246,4.468946634251542,-15.814711932060058,0.22980536131196627,0.6408053613119663,0.20550000000000002,0,,-1,15.234675451889746,3771.353630106898,67.90628198450283,5164.001067574527
495,adverse,94.16305225876589,0.04047619047619047,0.4164935696395844,0.15435995924874885,0.04479977456917663,4.501886547191441,-15.994786456360886,0.2359935696395844,0.6469935696395844,0.20550000000000002,0,,-1,15.435995924874884,3752.392888498395,67.91007337454651,5164.244022474528
496,adverse,94.0365855972321,0.04031746031746031,0.39485514207651207,0.14823956277627415,0.04375481632179963,4.367880692153774,-15.573560373548746,0.21435514207651207,0.6253551420765121,0.20550000000000002,0,,-1,14.823956277627415,3809.9354963519463,67.92158419828198,5164.444215535032
497,adverse,94.2222939460358,0.04015873015873016,0.4205791635196299,0.15598194410720279,0.045259464857003426,4.518088821324802,-16.17909959233142,0.24007916351962988,0.6510791635196299,0.20550000000000002,-1,0.6510791635196299,-2,31.196388821440557,2332.066731318754,68.25011382863293,5187.346216203426
498,adverse,93.51446158692706,0.039999999999999994,0.3188232831652158,0.12549131372697797,0.03941676952053075,3.8606159985639787,-13.854648875589408,0.16332328316521577,0.5743232831652159,0.20550000000000002,-1,0.5743232831652159,-3,37.64739411809339,1786.0961201669697,68.39076628603512,5211.024926321752
499,adverse,93.5905678217412,0.03984126984126983,0.3262515760646245,0.12800108366763574,0.04001100614769637,3.909622634628022,-14.087799147267368,0.1957515760646245,0.6067515760646245,0.20550000000000002,0,,0,0.0,5211.6001404122635,69.12370822821647,5211.6001404122635
